Product ID;Product Position;Promotion;Sales Volume;Product Position
185102;Aisle;Yes;1243;Aisle
188771;Aisle;Yes;1429;Aisle
180176;End-cap;Yes;1168;End-cap
112917;Aisle;Yes;1348;Aisle
192936;End-cap;Yes;1602;End-cap
117590;End-cap;Yes;1282;End-cap
189118;Front of Store;No;688;Front of Store
182157;Aisle;Yes;1711;Aisle
141861;Aisle;No;857;Aisle
137121;Aisle;No;769;Aisle
113143;Aisle;Yes;1696;Aisle
140028;Aisle;Yes;1538;Aisle
134693;Aisle;No;822;Aisle
151396;Front of Store;No;840;Front of Store
132889;Aisle;Yes;1569;Aisle
152174;End-cap;No;952;End-cap
129906;Aisle;No;915;Aisle
195879;Front of Store;Yes;1522;Front of Store
155050;Aisle;Yes;1305;Aisle
194410;End-cap;No;840;End-cap
141904;End-cap;No;997;End-cap
124981;Front of Store;No;857;Front of Store
161909;Aisle;No;982;Aisle
129152;End-cap;No;970;End-cap
183243;Front of Store;Yes;1453;Front of Store
198248;Front of Store;No;870;Front of Store
191230;End-cap;Yes;1533;End-cap
187234;Front of Store;No;807;Front of Store
148888;Front of Store;Yes;1604;Front of Store
110805;Front of Store;Yes;1255;Front of Store
179801;Front of Store;Yes;1268;Front of Store
134927;Aisle;No;1047;Aisle
123150;End-cap;No;744;End-cap
159145;End-cap;Yes;1744;End-cap
172364;Aisle;Yes;1447;Aisle
178281;End-cap;No;911;End-cap
194339;End-cap;Yes;1575;End-cap
174412;Aisle;Yes;1440;Aisle
114877;Aisle;No;942;Aisle
140727;End-cap;No;972;End-cap
133109;Front of Store;No;860;Front of Store
127296;Aisle;No;709;Aisle
133757;Aisle;No;663;Aisle
111760;End-cap;No;876;End-cap
198375;End-cap;Yes;1284;End-cap
168837;Aisle;No;871;Aisle
138505;Front of Store;Yes;1330;Front of Store
116228;End-cap;No;880;End-cap
167592;Front of Store;No;815;Front of Store
133100;End-cap;No;851;End-cap
119955;Front of Store;No;749;Front of Store
189349;End-cap;Yes;1211;End-cap
127478;Front of Store;No;899;Front of Store
180661;Front of Store;No;908;Front of Store
186681;End-cap;No;895;End-cap
133183;Front of Store;No;785;Front of Store
173508;Aisle;No;735;Aisle
187930;End-cap;No;980;End-cap
124088;End-cap;No;964;End-cap
190238;Front of Store;No;826;Front of Store
151925;End-cap;No;845;End-cap
163234;Front of Store;No;923;Front of Store
135610;Aisle;Yes;1297;Aisle
117065;Aisle;No;919;Aisle
149315;End-cap;No;896;End-cap
149510;Aisle;No;815;Aisle
137990;Aisle;Yes;1226;Aisle
154016;End-cap;No;1012;End-cap
117751;Aisle;No;784;Aisle
182362;Front of Store;No;723;Front of Store
117725;Aisle;Yes;1323;Aisle
145289;End-cap;Yes;1457;End-cap
173576;End-cap;No;789;End-cap
175059;Aisle;No;891;Aisle
199368;Front of Store;No;936;Front of Store
162883;Front of Store;Yes;1429;Front of Store
135490;Front of Store;No;797;Front of Store
125408;End-cap;Yes;1448;End-cap
134763;Front of Store;No;1050;Front of Store
143231;Aisle;No;920;Aisle
125409;End-cap;No;687;End-cap
183074;Aisle;Yes;1407;Aisle
147947;Aisle;No;890;Aisle
174171;Front of Store;Yes;1395;Front of Store
183064;Front of Store;Yes;1289;Front of Store
177131;Aisle;No;739;Aisle
128179;End-cap;Yes;1302;End-cap
152723;Aisle;Yes;1530;Aisle
123824;Aisle;No;962;Aisle
166345;Aisle;Yes;1079;Aisle
199279;Aisle;No;903;Aisle
167981;End-cap;No;925;End-cap
146839;Aisle;No;1068;Aisle
187180;Front of Store;No;708;Front of Store
167640;End-cap;Yes;1620;End-cap
165158;Front of Store;No;1014;Front of Store
111521;Front of Store;Yes;1275;Front of Store
120228;End-cap;Yes;1177;End-cap
133078;Aisle;Yes;1827;Aisle
137598;Aisle;Yes;1232;Aisle
138779;Front of Store;Yes;1077;Front of Store
198329;Front of Store;Yes;1848;Front of Store
110295;End-cap;Yes;1312;End-cap
196427;Aisle;Yes;1432;Aisle
110075;Front of Store;No;864;Front of Store
132322;Front of Store;Yes;1433;Front of Store
199631;Front of Store;No;973;Front of Store
182306;Front of Store;No;980;Front of Store
194915;Aisle;Yes;1495;Aisle
131298;End-cap;Yes;1590;End-cap
168571;Aisle;Yes;1529;Aisle
154224;End-cap;Yes;1525;End-cap
171061;Aisle;Yes;1518;Aisle
119049;Aisle;No;770;Aisle
158781;End-cap;Yes;1216;End-cap
151438;Aisle;No;872;Aisle
152871;End-cap;Yes;1677;End-cap
126806;End-cap;Yes;1314;End-cap
134104;End-cap;Yes;1560;End-cap
120266;Front of Store;No;937;Front of Store
173550;End-cap;No;843;End-cap
175927;End-cap;No;738;End-cap
154278;End-cap;Yes;1404;End-cap
183537;Front of Store;No;942;Front of Store
150424;Front of Store;No;887;Front of Store
183825;Aisle;Yes;1501;Aisle
144012;Front of Store;No;798;Front of Store
147051;Front of Store;No;945;Front of Store
185800;End-cap;Yes;1323;End-cap
197524;Aisle;Yes;1300;Aisle
148823;Aisle;No;953;Aisle
114550;End-cap;Yes;1383;End-cap
125398;Aisle;No;766;Aisle
123985;End-cap;No;854;End-cap
186638;End-cap;No;828;End-cap
167281;End-cap;No;963;End-cap
118578;End-cap;Yes;1467;End-cap
174041;End-cap;Yes;1519;End-cap
127644;Front of Store;No;694;Front of Store
132007;Aisle;No;989;Aisle
147998;Aisle;Yes;1510;Aisle
176666;Aisle;Yes;1243;Aisle
193686;Aisle;Yes;1413;Aisle
163610;Front of Store;No;889;Front of Store
170364;Aisle;No;980;Aisle
167599;Aisle;Yes;1391;Aisle
166421;End-cap;Yes;1255;End-cap
129247;Front of Store;Yes;1491;Front of Store
127314;End-cap;Yes;1230;End-cap
111979;Front of Store;No;1063;Front of Store
120354;Aisle;Yes;1374;Aisle
144848;Front of Store;Yes;1585;Front of Store
111957;Aisle;Yes;1329;Aisle
160763;Front of Store;No;860;Front of Store
168270;End-cap;No;712;End-cap
195082;Front of Store;No;804;Front of Store
110329;Front of Store;Yes;1181;Front of Store
147449;End-cap;No;833;End-cap
193332;Aisle;No;931;Aisle
146804;Aisle;No;691;Aisle
188909;Aisle;Yes;1365;Aisle
165910;End-cap;Yes;1484;End-cap
136738;Front of Store;No;895;Front of Store
144497;End-cap;No;836;End-cap
135036;End-cap;No;954;End-cap
166331;Aisle;Yes;1532;Aisle
139789;Aisle;Yes;1738;Aisle
118569;Aisle;No;962;Aisle
155848;End-cap;Yes;1470;End-cap
152563;Front of Store;No;1129;Front of Store
115153;Aisle;Yes;1380;Aisle
125938;Aisle;Yes;1241;Aisle
122809;End-cap;Yes;1420;End-cap
181502;Front of Store;Yes;1663;Front of Store
182779;End-cap;Yes;1255;End-cap
155674;Front of Store;No;1125;Front of Store
182866;Aisle;Yes;1481;Aisle
148230;Front of Store;Yes;1119;Front of Store
126979;Front of Store;Yes;1515;Front of Store
135521;End-cap;No;838;End-cap
185809;End-cap;No;694;End-cap
171520;End-cap;Yes;1564;End-cap
122926;End-cap;No;934;End-cap
150953;Front of Store;Yes;1694;Front of Store
115873;End-cap;Yes;1381;End-cap
115581;Aisle;No;890;Aisle
183634;Front of Store;Yes;1502;Front of Store
122484;Aisle;No;843;Aisle
183574;Aisle;Yes;1724;Aisle
185307;Front of Store;No;795;Front of Store
118719;End-cap;Yes;1287;End-cap
134788;Front of Store;No;998;Front of Store
140142;Front of Store;No;813;Front of Store
153997;End-cap;Yes;1416;End-cap
123230;Aisle;No;982;Aisle
154676;Aisle;No;919;Aisle
152985;Aisle;Yes;1279;Aisle
175584;Front of Store;No;752;Front of Store
147491;End-cap;No;957;End-cap
198283;End-cap;No;853;End-cap
141547;End-cap;No;983;End-cap
156342;Front of Store;No;845;Front of Store
186083;End-cap;Yes;1325;End-cap
171776;Aisle;No;1026;Aisle
134429;Aisle;Yes;1420;Aisle
172816;Aisle;Yes;1528;Aisle
136272;End-cap;Yes;1252;End-cap
193227;End-cap;Yes;1225;End-cap
165786;End-cap;Yes;1581;End-cap
174708;Front of Store;No;981;Front of Store
142257;Aisle;Yes;1501;Aisle
126146;Aisle;No;867;Aisle
129134;Aisle;Yes;1489;Aisle
129898;End-cap;Yes;1511;End-cap
189692;End-cap;Yes;1356;End-cap
154846;End-cap;No;822;End-cap
122307;End-cap;No;811;End-cap
182099;Aisle;No;1013;Aisle
159816;Front of Store;Yes;1611;Front of Store
165326;Aisle;No;820;Aisle
185154;Aisle;No;895;Aisle
141330;Aisle;No;862;Aisle
158958;End-cap;No;692;End-cap
155010;Aisle;Yes;1351;Aisle
135857;Aisle;No;894;Aisle
147690;Aisle;No;762;Aisle
130321;End-cap;Yes;1833;End-cap
196752;End-cap;No;834;End-cap
181011;Aisle;No;794;Aisle
139967;End-cap;Yes;1544;End-cap
162699;End-cap;Yes;1097;End-cap
119044;Aisle;No;767;Aisle
121348;End-cap;No;900;End-cap
163982;Front of Store;No;709;Front of Store
185774;End-cap;No;815;End-cap
144651;Aisle;No;935;Aisle
195103;Aisle;Yes;1160;Aisle
123047;Aisle;Yes;1534;Aisle
123077;Front of Store;No;970;Front of Store
171860;Aisle;No;850;Aisle
149487;Aisle;Yes;1341;Aisle
168516;Front of Store;No;822;Front of Store
177771;End-cap;Yes;1722;End-cap
172015;End-cap;Yes;1436;End-cap
118985;Aisle;No;946;Aisle
112194;Aisle;Yes;1468;Aisle
113435;Aisle;No;710;Aisle
159182;Front of Store;No;773;Front of Store
199233;Aisle;No;778;Aisle
137044;Aisle;Yes;1241;Aisle
154736;Front of Store;No;970;Front of Store
141434;Front of Store;Yes;1484;Front of Store
199632;Aisle;No;790;Aisle
199633;End-cap;Yes;1446;End-cap
199634;Aisle;Yes;1620;Aisle
199635;Aisle;Yes;1223;Aisle
199636;Aisle;Yes;1238;Aisle
199637;Front of Store;Yes;1408;Front of Store
199638;Aisle;No;996;Aisle
199639;Aisle;No;638;Aisle
199640;Aisle;No;963;Aisle
199641;End-cap;No;882;End-cap
199642;End-cap;Yes;1442;End-cap
199643;Aisle;No;991;Aisle
199644;Front of Store;No;973;Front of Store
199645;Aisle;No;808;Aisle
199646;End-cap;No;739;End-cap
199647;Aisle;Yes;1484;Aisle
199648;Front of Store;Yes;1371;Front of Store
199649;Aisle;No;768;Aisle
199650;Aisle;No;971;Aisle
199651;Front of Store;No;948;Front of Store
199652;Front of Store;Yes;1304;Front of Store
199653;End-cap;Yes;1377;End-cap
199654;Aisle;Yes;1253;Aisle
199655;Aisle;Yes;1330;Aisle
199656;Front of Store;Yes;1258;Front of Store
199657;End-cap;No;800;End-cap
199658;Aisle;Yes;1191;Aisle
199659;Front of Store;No;947;Front of Store
199660;Aisle;Yes;1574;Aisle
199661;End-cap;No;899;End-cap
199662;Aisle;Yes;1451;Aisle
199663;Aisle;Yes;1370;Aisle
199664;End-cap;No;689;End-cap
199665;End-cap;No;871;End-cap
199666;Aisle;Yes;1510;Aisle
199667;End-cap;No;887;End-cap
199668;Front of Store;No;916;Front of Store
199669;Front of Store;No;926;Front of Store
199670;Front of Store;No;895;Front of Store
199671;Aisle;No;884;Aisle
199672;End-cap;No;986;End-cap
199673;Aisle;Yes;1440;Aisle
199674;Front of Store;No;797;Front of Store
199675;Aisle;No;822;Aisle
199676;End-cap;Yes;1444;End-cap
199677;End-cap;No;863;End-cap
199678;Aisle;No;886;Aisle
199679;Front of Store;Yes;1592;Front of Store
199680;Aisle;No;1068;Aisle
199681;Front of Store;Yes;1582;Front of Store
199682;End-cap;Yes;1255;End-cap
199683;Aisle;No;791;Aisle
199684;End-cap;No;820;End-cap
199685;Aisle;No;1201;Aisle
199686;Aisle;No;795;Aisle
199687;Front of Store;No;763;Front of Store
199688;Front of Store;Yes;1422;Front of Store
199689;Aisle;Yes;1458;Aisle
199690;End-cap;No;820;End-cap
199691;Aisle;Yes;1363;Aisle
199692;End-cap;Yes;1217;End-cap
199693;Aisle;Yes;1589;Aisle
199694;End-cap;No;826;End-cap
199695;Aisle;Yes;1713;Aisle
199696;End-cap;No;718;End-cap
199697;Aisle;No;833;Aisle
199698;Front of Store;No;813;Front of Store
199699;End-cap;No;774;End-cap
199700;Aisle;No;963;Aisle
199701;Aisle;No;894;Aisle
199702;Front of Store;No;930;Front of Store
199703;Front of Store;No;860;Front of Store
199704;Front of Store;Yes;1435;Front of Store
199705;End-cap;No;786;End-cap
199706;Front of Store;No;868;Front of Store
199707;End-cap;No;936;End-cap
199708;Aisle;Yes;1386;Aisle
199709;End-cap;Yes;1515;End-cap
199710;Front of Store;No;799;Front of Store
199711;Front of Store;No;965;Front of Store
199712;Aisle;Yes;1490;Aisle
199713;Front of Store;Yes;1657;Front of Store
199714;End-cap;Yes;1613;End-cap
199715;Aisle;Yes;1691;Aisle
199716;Aisle;Yes;1503;Aisle
199717;End-cap;No;830;End-cap
199718;Aisle;No;788;Aisle
199719;Aisle;Yes;1485;Aisle
199720;Front of Store;Yes;1625;Front of Store
199721;End-cap;No;829;End-cap
199722;Front of Store;Yes;1497;Front of Store
199723;Front of Store;No;1102;Front of Store
199724;Aisle;Yes;1359;Aisle
199725;End-cap;No;1072;End-cap
199726;Aisle;Yes;1377;Aisle
199727;End-cap;No;836;End-cap
199728;End-cap;No;642;End-cap
199729;Aisle;No;837;Aisle
199730;Aisle;No;825;Aisle
199731;Aisle;No;912;Aisle
199732;Front of Store;Yes;1605;Front of Store
199733;Front of Store;Yes;1417;Front of Store
199734;End-cap;No;939;End-cap
199735;Front of Store;Yes;1444;Front of Store
199736;Aisle;No;797;Aisle
199737;Front of Store;No;998;Front of Store
199738;Front of Store;Yes;1322;Front of Store
199739;End-cap;Yes;1286;End-cap
199740;Front of Store;Yes;1325;Front of Store
199741;End-cap;Yes;1299;End-cap
199742;End-cap;Yes;1312;End-cap
199743;End-cap;No;996;End-cap
199744;Aisle;Yes;1574;Aisle
199745;Aisle;Yes;1474;Aisle
199746;Aisle;No;921;Aisle
199747;Aisle;No;963;Aisle
199748;End-cap;No;778;End-cap
199749;Front of Store;Yes;1414;Front of Store
199750;Front of Store;No;1110;Front of Store
199751;End-cap;No;868;End-cap
199752;Front of Store;Yes;1415;Front of Store
199753;Aisle;No;873;Aisle
199754;Front of Store;No;790;Front of Store
199755;End-cap;No;792;End-cap
199756;Aisle;Yes;1367;Aisle
199757;End-cap;Yes;1651;End-cap
199758;Aisle;No;829;Aisle
199759;Aisle;Yes;1448;Aisle
199760;Aisle;Yes;1453;Aisle
199761;Aisle;No;953;Aisle
199762;Aisle;Yes;1218;Aisle
199763;End-cap;No;1028;End-cap
199764;End-cap;Yes;1332;End-cap
199765;End-cap;Yes;1317;End-cap
199766;Aisle;No;923;Aisle
199767;End-cap;No;969;End-cap
199768;Aisle;No;924;Aisle
199769;Aisle;Yes;1622;Aisle
199770;Front of Store;No;712;Front of Store
199771;End-cap;Yes;1344;End-cap
199772;Aisle;No;929;Aisle
199773;Aisle;No;895;Aisle
199774;Front of Store;No;936;Front of Store
199775;Front of Store;No;892;Front of Store
199776;End-cap;Yes;1525;End-cap
199777;Aisle;Yes;1280;Aisle
199778;End-cap;Yes;1632;End-cap
199779;End-cap;Yes;1459;End-cap
199780;Aisle;Yes;1774;Aisle
199781;End-cap;No;761;End-cap
199782;Front of Store;Yes;1593;Front of Store
199783;Aisle;No;844;Aisle
199784;End-cap;No;782;End-cap
199785;End-cap;Yes;1601;End-cap
199786;End-cap;Yes;1671;End-cap
199787;End-cap;No;755;End-cap
199788;Front of Store;Yes;1346;Front of Store
199789;Aisle;Yes;1167;Aisle
199790;Front of Store;No;860;Front of Store
199791;End-cap;No;877;End-cap
199792;End-cap;Yes;1362;End-cap
199793;End-cap;No;779;End-cap
199794;Front of Store;No;808;Front of Store
199795;Aisle;Yes;1127;Aisle
199796;Aisle;No;1008;Aisle
199797;Aisle;Yes;1335;Aisle
199798;Aisle;No;1037;Aisle
199799;Aisle;No;1089;Aisle
199800;Aisle;No;810;Aisle
199801;Front of Store;Yes;1666;Front of Store
199802;Front of Store;Yes;1780;Front of Store
199803;Front of Store;No;752;Front of Store
199804;Front of Store;Yes;1653;Front of Store
199805;End-cap;No;741;End-cap
199806;Aisle;No;782;Aisle
199807;Front of Store;No;956;Front of Store
199808;Front of Store;Yes;1282;Front of Store
199809;Aisle;No;1117;Aisle
199810;Front of Store;Yes;1204;Front of Store
199811;Aisle;No;874;Aisle
199812;Aisle;No;1010;Aisle
199813;End-cap;No;784;End-cap
199814;Front of Store;No;962;Front of Store
199815;Front of Store;No;850;Front of Store
199816;End-cap;No;650;End-cap
199817;Aisle;No;951;Aisle
199818;End-cap;Yes;1504;End-cap
199819;Front of Store;No;836;Front of Store
199820;Aisle;No;988;Aisle
199821;End-cap;No;874;End-cap
199822;Front of Store;No;862;Front of Store
199823;Front of Store;Yes;1240;Front of Store
199824;Aisle;No;837;Aisle
199825;Aisle;No;891;Aisle
199826;Aisle;No;706;Aisle
199827;Front of Store;No;766;Front of Store
199828;End-cap;No;1034;End-cap
199829;End-cap;No;914;End-cap
199830;Aisle;Yes;1182;Aisle
199831;End-cap;Yes;1113;End-cap
199832;Aisle;No;855;Aisle
199833;Aisle;No;780;Aisle
199834;Aisle;No;778;Aisle
199835;Front of Store;No;970;Front of Store
199836;Aisle;No;862;Aisle
199837;Aisle;No;913;Aisle
199838;End-cap;Yes;1736;End-cap
199839;Aisle;Yes;1431;Aisle
199840;End-cap;No;916;End-cap
199841;Front of Store;No;855;Front of Store
199842;Front of Store;No;940;Front of Store
199843;Aisle;Yes;1373;Aisle
199844;Aisle;No;935;Aisle
199845;Front of Store;Yes;1489;Front of Store
199846;Front of Store;No;745;Front of Store
199847;Aisle;No;1055;Aisle
199848;Front of Store;No;688;Front of Store
199849;Aisle;Yes;1197;Aisle
199850;Aisle;No;816;Aisle
199851;Front of Store;No;800;Front of Store
199852;End-cap;Yes;1530;End-cap
199853;End-cap;No;882;End-cap
199854;End-cap;No;877;End-cap
199855;End-cap;No;1026;End-cap
199856;Aisle;Yes;1353;Aisle
199857;Aisle;No;877;Aisle
199858;End-cap;Yes;1165;End-cap
199859;End-cap;Yes;1427;End-cap
199860;Aisle;No;728;Aisle
199861;End-cap;No;867;End-cap
199862;Aisle;Yes;1220;Aisle
199863;Aisle;No;1121;Aisle
199864;Aisle;Yes;1703;Aisle
199865;Aisle;No;832;Aisle
199866;End-cap;Yes;1449;End-cap
199867;End-cap;No;791;End-cap
199868;Aisle;Yes;1550;Aisle
199869;Front of Store;Yes;1342;Front of Store
199870;Front of Store;Yes;1322;Front of Store
199871;Front of Store;No;1034;Front of Store
199872;End-cap;No;631;End-cap
199873;End-cap;Yes;1417;End-cap
199874;Front of Store;No;712;Front of Store
199875;Aisle;Yes;1291;Aisle
199876;End-cap;No;903;End-cap
199877;Aisle;No;831;Aisle
199878;Front of Store;No;895;Front of Store
199879;End-cap;No;929;End-cap
199880;End-cap;No;964;End-cap
199881;Aisle;No;864;Aisle
199882;Front of Store;Yes;1471;Front of Store
199883;Aisle;No;718;Aisle
199884;End-cap;Yes;1266;End-cap
199885;End-cap;No;1056;End-cap
199886;End-cap;Yes;1641;End-cap
199887;End-cap;No;767;End-cap
199888;End-cap;Yes;1562;End-cap
199889;Aisle;No;731;Aisle
199890;End-cap;No;957;End-cap
199891;Front of Store;Yes;1429;Front of Store
199892;Front of Store;No;916;Front of Store
199893;Front of Store;No;669;Front of Store
199894;Front of Store;Yes;1401;Front of Store
199895;Aisle;No;1047;Aisle
199896;Front of Store;No;896;Front of Store
199897;Front of Store;Yes;1528;Front of Store
199898;Aisle;No;876;Aisle
199899;Front of Store;No;893;Front of Store
199900;Front of Store;No;744;Front of Store
199901;Aisle;Yes;1494;Aisle
199902;End-cap;No;925;End-cap
199903;Front of Store;No;860;Front of Store
199904;Front of Store;Yes;1413;Front of Store
199905;End-cap;No;1017;End-cap
199906;End-cap;Yes;1370;End-cap
199907;End-cap;No;884;End-cap
199908;End-cap;Yes;1417;End-cap
199909;End-cap;Yes;1410;End-cap
199910;Aisle;No;871;Aisle
199911;Front of Store;Yes;1449;Front of Store
199912;End-cap;Yes;1345;End-cap
199913;Aisle;No;835;Aisle
199914;End-cap;Yes;1209;End-cap
199915;Front of Store;No;1014;Front of Store
199916;Front of Store;Yes;1579;Front of Store
199917;Aisle;No;831;Aisle
199918;Front of Store;No;802;Front of Store
199919;Aisle;No;877;Aisle
199920;Aisle;No;943;Aisle
199921;Aisle;Yes;1466;Aisle
199922;Aisle;Yes;1147;Aisle
199923;Front of Store;Yes;1258;Front of Store
199924;End-cap;No;908;End-cap
199925;Aisle;No;787;Aisle
199926;Aisle;Yes;1631;Aisle
199927;Aisle;No;891;Aisle
199928;End-cap;Yes;1217;End-cap
199929;Front of Store;Yes;1612;Front of Store
199930;Aisle;No;982;Aisle
199931;Aisle;No;889;Aisle
199932;End-cap;Yes;1526;End-cap
199933;Front of Store;No;996;Front of Store
199934;Front of Store;No;846;Front of Store
199935;Front of Store;Yes;1662;Front of Store
199936;Aisle;Yes;1591;Aisle
199937;End-cap;No;1137;End-cap
199938;End-cap;No;954;End-cap
199939;End-cap;Yes;1207;End-cap
199940;Aisle;Yes;1208;Aisle
199941;Front of Store;No;825;Front of Store
199942;Front of Store;No;927;Front of Store
199943;Aisle;No;1079;Aisle
199944;Aisle;No;817;Aisle
199945;End-cap;No;946;End-cap
199946;Aisle;No;859;Aisle
199947;Aisle;No;747;Aisle
199948;End-cap;No;1042;End-cap
199949;Front of Store;No;932;Front of Store
199950;Aisle;No;922;Aisle
199951;Aisle;No;912;Aisle
199952;Aisle;Yes;1478;Aisle
199953;Front of Store;Yes;1338;Front of Store
199954;Aisle;Yes;1326;Aisle
199955;Aisle;No;914;Aisle
199956;Aisle;No;1023;Aisle
199957;Aisle;No;754;Aisle
199958;Front of Store;No;1119;Front of Store
199959;Front of Store;Yes;1366;Front of Store
199960;End-cap;No;892;End-cap
199961;End-cap;No;952;End-cap
199962;Front of Store;No;714;Front of Store
199963;Front of Store;Yes;1412;Front of Store
199964;End-cap;No;889;End-cap
199965;Front of Store;Yes;1703;Front of Store
199966;End-cap;Yes;1414;End-cap
199967;End-cap;No;839;End-cap
199968;End-cap;Yes;1512;End-cap
199969;End-cap;No;1071;End-cap
199970;Aisle;No;973;Aisle
199971;End-cap;No;894;End-cap
199972;Front of Store;Yes;1233;Front of Store
199973;Front of Store;No;813;Front of Store
199974;End-cap;No;850;End-cap
199975;End-cap;No;823;End-cap
199976;Front of Store;No;947;Front of Store
199977;End-cap;No;761;End-cap
199978;End-cap;Yes;1648;End-cap
199979;Aisle;Yes;1392;Aisle
199980;End-cap;No;947;End-cap
199981;Aisle;No;958;Aisle
199982;Aisle;No;852;Aisle
199983;End-cap;No;983;End-cap
199984;Aisle;No;918;Aisle
199985;Aisle;Yes;1356;Aisle
199986;End-cap;Yes;1356;End-cap
199987;Aisle;No;945;Aisle
199988;End-cap;Yes;1322;End-cap
199989;Aisle;Yes;1592;Aisle
199990;Front of Store;Yes;1349;Front of Store
199991;End-cap;No;996;End-cap
199992;End-cap;Yes;1278;End-cap
199993;Front of Store;Yes;1692;Front of Store
199994;Front of Store;No;1059;Front of Store
199995;Aisle;No;1175;Aisle
199996;End-cap;No;876;End-cap
199997;Front of Store;No;813;Front of Store
199998;End-cap;Yes;1759;End-cap
199999;End-cap;Yes;1400;End-cap
200000;End-cap;Yes;1461;End-cap
200001;End-cap;No;1144;End-cap
200002;End-cap;No;1062;End-cap
200003;Aisle;Yes;1452;Aisle
200004;Aisle;Yes;1253;Aisle
200005;Aisle;Yes;1622;Aisle
200006;End-cap;Yes;1282;End-cap
200007;Front of Store;Yes;1499;Front of Store
200008;Aisle;No;793;Aisle
200009;Aisle;Yes;1322;Aisle
200010;Aisle;Yes;1278;Aisle
200011;Aisle;No;672;Aisle
200012;Aisle;Yes;1411;Aisle
200013;End-cap;Yes;1179;End-cap
200014;End-cap;No;833;End-cap
200015;Aisle;No;637;Aisle
200016;End-cap;Yes;1286;End-cap
200017;Aisle;Yes;1306;Aisle
200018;Aisle;No;870;Aisle
200019;Front of Store;Yes;1366;Front of Store
200020;Front of Store;No;890;Front of Store
200021;Aisle;Yes;1724;Aisle
200022;Aisle;No;723;Aisle
200023;Front of Store;No;863;Front of Store
200024;Front of Store;No;918;Front of Store
200025;Front of Store;Yes;1293;Front of Store
200026;End-cap;No;926;End-cap
200027;End-cap;No;971;End-cap
200028;End-cap;Yes;1234;End-cap
200029;Front of Store;No;995;Front of Store
200030;Aisle;Yes;1701;Aisle
200031;Front of Store;Yes;1405;Front of Store
200032;End-cap;No;763;End-cap
200033;End-cap;Yes;1190;End-cap
200034;Front of Store;No;825;Front of Store
200035;End-cap;Yes;1820;End-cap
200036;Front of Store;No;764;Front of Store
200037;End-cap;No;954;End-cap
200038;End-cap;No;836;End-cap
200039;End-cap;No;775;End-cap
200040;End-cap;No;678;End-cap
200041;End-cap;No;768;End-cap
200042;Front of Store;Yes;1226;Front of Store
200043;Aisle;Yes;1324;Aisle
200044;Aisle;No;910;Aisle
200045;Aisle;Yes;1518;Aisle
200046;Front of Store;No;812;Front of Store
200047;Front of Store;Yes;1679;Front of Store
200048;Aisle;Yes;1525;Aisle
200049;End-cap;Yes;1577;End-cap
200050;Aisle;Yes;1339;Aisle
200051;Aisle;No;1027;Aisle
200052;Aisle;Yes;1335;Aisle
200053;End-cap;No;749;End-cap
200054;End-cap;Yes;1549;End-cap
200055;Aisle;No;775;Aisle
200056;End-cap;No;671;End-cap
200057;End-cap;No;905;End-cap
200058;End-cap;Yes;1224;End-cap
200059;Front of Store;Yes;1307;Front of Store
200060;Aisle;Yes;1454;Aisle
200061;End-cap;No;859;End-cap
200062;End-cap;No;859;End-cap
200063;Front of Store;Yes;1504;Front of Store
200064;Aisle;Yes;1595;Aisle
200065;Front of Store;No;847;Front of Store
200066;Front of Store;Yes;1395;Front of Store
200067;Aisle;No;872;Aisle
200068;Front of Store;No;814;Front of Store
200069;Aisle;Yes;1686;Aisle
200070;End-cap;No;991;End-cap
200071;Front of Store;Yes;1258;Front of Store
200072;End-cap;Yes;1438;End-cap
200073;Front of Store;Yes;1205;Front of Store
200074;Aisle;No;780;Aisle
200075;Aisle;No;809;Aisle
200076;End-cap;No;869;End-cap
200077;End-cap;No;997;End-cap
200078;Front of Store;Yes;1493;Front of Store
200079;Front of Store;Yes;1307;Front of Store
200080;Front of Store;Yes;1252;Front of Store
200081;End-cap;Yes;1604;End-cap
200082;End-cap;Yes;1549;End-cap
200083;End-cap;Yes;1438;End-cap
200084;Front of Store;No;827;Front of Store
200085;Front of Store;No;822;Front of Store
200086;End-cap;No;869;End-cap
200087;Aisle;Yes;1308;Aisle
200088;Front of Store;Yes;1275;Front of Store
200089;End-cap;No;698;End-cap
200090;End-cap;No;1044;End-cap
200091;Front of Store;No;616;Front of Store
200092;Aisle;No;728;Aisle
200093;Aisle;No;853;Aisle
200094;End-cap;Yes;1373;End-cap
200095;End-cap;No;862;End-cap
200096;Aisle;Yes;1231;Aisle
200097;End-cap;Yes;1292;End-cap
200098;End-cap;Yes;1270;End-cap
200099;Aisle;No;731;Aisle
200100;Aisle;Yes;1325;Aisle
200101;Front of Store;No;1006;Front of Store
200102;End-cap;Yes;1537;End-cap
200103;Front of Store;Yes;1607;Front of Store
200104;Front of Store;Yes;1395;Front of Store
200105;End-cap;No;716;End-cap
200106;End-cap;No;713;End-cap
200107;Aisle;Yes;1649;Aisle
200108;End-cap;No;819;End-cap
200109;End-cap;Yes;1265;End-cap
200110;End-cap;No;660;End-cap
200111;Aisle;No;961;Aisle
200112;End-cap;No;1068;End-cap
200113;Aisle;No;898;Aisle
200114;Aisle;Yes;1728;Aisle
200115;Front of Store;No;822;Front of Store
200116;Front of Store;No;1139;Front of Store
200117;Front of Store;Yes;1582;Front of Store
200118;End-cap;No;1017;End-cap
200119;Front of Store;Yes;1289;Front of Store
200120;Aisle;Yes;1273;Aisle
200121;End-cap;Yes;1287;End-cap
200122;Aisle;Yes;1571;Aisle
200123;Front of Store;No;864;Front of Store
200124;Aisle;Yes;1533;Aisle
200125;Front of Store;Yes;1451;Front of Store
200126;Front of Store;No;989;Front of Store
200127;Aisle;No;904;Aisle
200128;Aisle;Yes;1268;Aisle
200129;End-cap;Yes;1553;End-cap
200130;Aisle;No;858;Aisle
200131;Front of Store;Yes;1393;Front of Store
200132;Aisle;No;771;Aisle
200133;Aisle;No;825;Aisle
200134;Aisle;No;782;Aisle
200135;Aisle;Yes;1694;Aisle
200136;Aisle;No;887;Aisle
200137;End-cap;Yes;1123;End-cap
200138;End-cap;Yes;1485;End-cap
200139;Front of Store;No;1099;Front of Store
200140;Aisle;No;999;Aisle
200141;Aisle;No;803;Aisle
200142;End-cap;Yes;1495;End-cap
200143;Front of Store;Yes;1356;Front of Store
200144;End-cap;Yes;1196;End-cap
200145;End-cap;No;838;End-cap
200146;Aisle;Yes;1487;Aisle
200147;Front of Store;Yes;1658;Front of Store
200148;Front of Store;Yes;1306;Front of Store
200149;End-cap;No;942;End-cap
200150;Aisle;No;898;Aisle
200151;Aisle;No;776;Aisle
200152;Aisle;No;916;Aisle
200153;End-cap;Yes;1511;End-cap
200154;Aisle;No;838;Aisle
200155;Front of Store;Yes;1427;Front of Store
200156;Front of Store;No;865;Front of Store
200157;End-cap;No;827;End-cap
200158;End-cap;No;1060;End-cap
200159;Front of Store;Yes;1495;Front of Store
200160;End-cap;Yes;1649;End-cap
200161;End-cap;No;878;End-cap
200162;End-cap;Yes;1532;End-cap
200163;Aisle;No;880;Aisle
200164;Front of Store;Yes;1146;Front of Store
200165;Front of Store;No;956;Front of Store
200166;Aisle;No;949;Aisle
200167;End-cap;No;819;End-cap
200168;Aisle;Yes;1227;Aisle
200169;Aisle;No;976;Aisle
200170;Aisle;Yes;1326;Aisle
200171;End-cap;No;712;End-cap
200172;Front of Store;No;829;Front of Store
200173;Front of Store;No;782;Front of Store
200174;Aisle;Yes;1164;Aisle
200175;Aisle;Yes;1466;Aisle
200176;Aisle;No;879;Aisle
200177;End-cap;No;1002;End-cap
200178;End-cap;Yes;1512;End-cap
200179;Front of Store;No;886;Front of Store
200180;End-cap;Yes;1241;End-cap
200181;Aisle;Yes;1812;Aisle
200182;End-cap;No;912;End-cap
200183;Aisle;No;740;Aisle
200184;Front of Store;No;901;Front of Store
200185;End-cap;Yes;1295;End-cap
200186;Front of Store;Yes;1550;Front of Store
200187;End-cap;No;897;End-cap
200188;Aisle;No;824;Aisle
200189;Front of Store;No;779;Front of Store
200190;Front of Store;Yes;1317;Front of Store
200191;Aisle;No;848;Aisle
200192;Aisle;No;1019;Aisle
200193;Front of Store;No;938;Front of Store
200194;End-cap;No;884;End-cap
200195;End-cap;Yes;1383;End-cap
200196;Aisle;No;814;Aisle
200197;Front of Store;No;803;Front of Store
200198;Aisle;No;895;Aisle
200199;Aisle;Yes;1578;Aisle
200200;End-cap;Yes;1803;End-cap
200201;Aisle;No;1041;Aisle
200202;Aisle;Yes;1588;Aisle
200203;End-cap;No;778;End-cap
200204;End-cap;Yes;1436;End-cap
200205;End-cap;Yes;1539;End-cap
200206;End-cap;Yes;1309;End-cap
200207;Aisle;No;896;Aisle
200208;Aisle;Yes;1467;Aisle
200209;Front of Store;No;854;Front of Store
200210;End-cap;No;915;End-cap
200211;End-cap;Yes;1539;End-cap
200212;End-cap;No;1177;End-cap
200213;Front of Store;Yes;1346;Front of Store
200214;End-cap;Yes;1465;End-cap
200215;Aisle;Yes;1176;Aisle
200216;End-cap;Yes;1375;End-cap
200217;End-cap;No;790;End-cap
200218;End-cap;Yes;1525;End-cap
200219;Aisle;Yes;1567;Aisle
200220;Aisle;No;835;Aisle
200221;End-cap;No;717;End-cap
200222;Front of Store;Yes;1746;Front of Store
200223;Front of Store;Yes;1310;Front of Store
200224;End-cap;No;848;End-cap
200225;Aisle;No;880;Aisle
200226;Aisle;Yes;1269;Aisle
200227;End-cap;No;594;End-cap
200228;Front of Store;No;770;Front of Store
200229;End-cap;No;1075;End-cap
200230;Aisle;No;898;Aisle
200231;Aisle;Yes;1738;Aisle
200232;Aisle;Yes;1535;Aisle
200233;Aisle;No;851;Aisle
200234;Aisle;Yes;1344;Aisle
200235;Aisle;No;893;Aisle
200236;Aisle;Yes;1484;Aisle
200237;Aisle;No;934;Aisle
200238;Aisle;No;659;Aisle
200239;End-cap;Yes;1334;End-cap
200240;Aisle;No;763;Aisle
200241;Front of Store;No;821;Front of Store
200242;Front of Store;Yes;1529;Front of Store
200243;End-cap;Yes;989;End-cap
200244;Front of Store;Yes;1293;Front of Store
200245;Aisle;Yes;1396;Aisle
200246;Aisle;Yes;1195;Aisle
200247;Aisle;No;803;Aisle
200248;End-cap;Yes;1647;End-cap
200249;Aisle;No;683;Aisle
200250;Aisle;Yes;1743;Aisle
200251;Front of Store;No;1099;Front of Store
200252;Aisle;Yes;1554;Aisle
200253;End-cap;Yes;1691;End-cap
200254;End-cap;No;843;End-cap
200255;Aisle;No;695;Aisle
200256;Aisle;No;951;Aisle
200257;Aisle;No;913;Aisle
200258;End-cap;Yes;1639;End-cap
200259;End-cap;Yes;1312;End-cap
200260;Aisle;Yes;1819;Aisle
200261;Aisle;No;916;Aisle
200262;Aisle;No;768;Aisle
200263;Aisle;No;1109;Aisle
200264;End-cap;No;898;End-cap
200265;Aisle;No;947;Aisle
200266;End-cap;Yes;1501;End-cap
200267;Front of Store;No;889;Front of Store
200268;End-cap;Yes;1453;End-cap
200269;End-cap;No;836;End-cap
200270;End-cap;Yes;1311;End-cap
200271;Front of Store;No;864;Front of Store
200272;Aisle;Yes;1396;Aisle
200273;Aisle;No;685;Aisle
200274;Aisle;No;867;Aisle
200275;Front of Store;No;809;Front of Store
200276;Aisle;No;931;Aisle
200277;Aisle;No;875;Aisle
200278;Aisle;No;809;Aisle
200279;End-cap;Yes;1171;End-cap
200280;Aisle;Yes;1581;Aisle
200281;Front of Store;No;819;Front of Store
200282;Front of Store;No;911;Front of Store
200283;Front of Store;Yes;1277;Front of Store
200284;End-cap;No;784;End-cap
200285;Aisle;No;841;Aisle
200286;Front of Store;Yes;1581;Front of Store
200287;End-cap;No;957;End-cap
200288;End-cap;No;721;End-cap
200289;Aisle;No;876;Aisle
200290;Aisle;Yes;1260;Aisle
200291;Front of Store;No;854;Front of Store
200292;Aisle;No;830;Aisle
200293;End-cap;No;974;End-cap
200294;Aisle;Yes;1262;Aisle
200295;Aisle;No;792;Aisle
200296;Aisle;No;1003;Aisle
200297;Aisle;Yes;1438;Aisle
200298;Front of Store;No;815;Front of Store
200299;End-cap;No;780;End-cap
200300;Front of Store;Yes;1498;Front of Store
200301;Aisle;No;939;Aisle
200302;End-cap;No;702;End-cap
200303;Aisle;No;854;Aisle
200304;Front of Store;Yes;1828;Front of Store
200305;End-cap;No;992;End-cap
200306;End-cap;No;832;End-cap
200307;Aisle;No;916;Aisle
200308;Front of Store;No;799;Front of Store
200309;End-cap;No;1115;End-cap
200310;End-cap;Yes;1296;End-cap
200311;End-cap;Yes;1499;End-cap
200312;End-cap;No;943;End-cap
200313;Aisle;No;987;Aisle
200314;Aisle;No;722;Aisle
200315;Aisle;Yes;1436;Aisle
200316;Aisle;Yes;1628;Aisle
200317;End-cap;No;681;End-cap
200318;Front of Store;No;779;Front of Store
200319;End-cap;Yes;1487;End-cap
200320;End-cap;No;1121;End-cap
200321;Front of Store;No;731;Front of Store
200322;End-cap;No;815;End-cap
200323;End-cap;Yes;1734;End-cap
200324;Front of Store;Yes;1899;Front of Store
200325;Front of Store;Yes;1466;Front of Store
200326;Aisle;Yes;1517;Aisle
200327;End-cap;No;797;End-cap
200328;Front of Store;No;884;Front of Store
200329;End-cap;Yes;1145;End-cap
200330;Aisle;Yes;1315;Aisle
200331;Aisle;No;751;Aisle
200332;Aisle;No;1115;Aisle
200333;Front of Store;Yes;1446;Front of Store
200334;Aisle;No;792;Aisle
200335;Front of Store;No;850;Front of Store
200336;End-cap;No;927;End-cap
200337;Front of Store;Yes;1597;Front of Store
200338;Aisle;Yes;1420;Aisle
200339;Aisle;No;884;Aisle
200340;End-cap;No;832;End-cap
200341;Aisle;No;913;Aisle
200342;Aisle;No;756;Aisle
200343;Aisle;No;794;Aisle
200344;Aisle;No;810;Aisle
200345;Front of Store;No;1038;Front of Store
200346;Front of Store;No;922;Front of Store
200347;Front of Store;No;814;Front of Store
200348;End-cap;No;797;End-cap
200349;End-cap;No;1098;End-cap
200350;End-cap;No;931;End-cap
200351;Aisle;Yes;1511;Aisle
200352;Aisle;No;851;Aisle
200353;Front of Store;No;792;Front of Store
200354;Front of Store;No;1036;Front of Store
200355;End-cap;No;856;End-cap
200356;Aisle;No;852;Aisle
200357;End-cap;Yes;1146;End-cap
200358;Aisle;Yes;1437;Aisle
200359;End-cap;Yes;1332;End-cap
200360;End-cap;No;896;End-cap
200361;Aisle;No;733;Aisle
200362;End-cap;Yes;1448;End-cap
200363;End-cap;No;787;End-cap
200364;End-cap;Yes;1398;End-cap
200365;Aisle;No;964;Aisle
200366;End-cap;Yes;1391;End-cap
200367;Front of Store;No;743;Front of Store
200368;Aisle;No;573;Aisle
200369;Aisle;Yes;1252;Aisle
200370;Front of Store;Yes;1437;Front of Store
200371;Front of Store;Yes;1617;Front of Store
200372;Aisle;Yes;1767;Aisle
200373;Front of Store;Yes;1752;Front of Store
200374;Aisle;No;978;Aisle
200375;End-cap;Yes;1242;End-cap
200376;Aisle;No;940;Aisle
200377;Front of Store;Yes;1737;Front of Store
200378;Aisle;No;869;Aisle
200379;Front of Store;No;823;Front of Store
200380;End-cap;No;810;End-cap
200381;Aisle;Yes;1659;Aisle
200382;Front of Store;Yes;1435;Front of Store
200383;Aisle;Yes;1692;Aisle
200384;End-cap;Yes;1717;End-cap
200385;Aisle;No;700;Aisle
200386;End-cap;Yes;1330;End-cap
200387;Aisle;Yes;1345;Aisle
200388;End-cap;Yes;1734;End-cap
200389;Front of Store;No;848;Front of Store
200390;Front of Store;Yes;1408;Front of Store
200391;Aisle;No;788;Aisle
200392;Aisle;Yes;1219;Aisle
200393;Aisle;Yes;1419;Aisle
200394;Front of Store;Yes;1319;Front of Store
200395;End-cap;Yes;1191;End-cap
200396;Front of Store;No;776;Front of Store
200397;Aisle;No;774;Aisle
200398;Aisle;No;798;Aisle
200399;Aisle;Yes;1708;Aisle
200400;Front of Store;No;778;Front of Store
200401;End-cap;Yes;1564;End-cap
200402;Aisle;Yes;1433;Aisle
200403;End-cap;Yes;1815;End-cap
200404;Aisle;No;740;Aisle
200405;End-cap;No;816;End-cap
200406;End-cap;No;985;End-cap
200407;End-cap;Yes;1371;End-cap
200408;End-cap;No;938;End-cap
200409;Aisle;No;790;Aisle
200410;Aisle;No;822;Aisle
200411;End-cap;Yes;1118;End-cap
200412;End-cap;Yes;1401;End-cap
200413;Front of Store;No;800;Front of Store
200414;Aisle;No;881;Aisle
200415;Aisle;Yes;1755;Aisle
200416;Aisle;No;993;Aisle
200417;Aisle;No;944;Aisle
200418;Aisle;Yes;1424;Aisle
200419;Aisle;No;837;Aisle
200420;Aisle;Yes;1339;Aisle
200421;End-cap;No;838;End-cap
200422;Front of Store;No;748;Front of Store
200423;Aisle;No;851;Aisle
200424;End-cap;No;874;End-cap
200425;End-cap;No;1035;End-cap
200426;Front of Store;No;854;Front of Store
200427;End-cap;No;1027;End-cap
200428;End-cap;Yes;1386;End-cap
200429;Aisle;No;905;Aisle
200430;Aisle;Yes;1545;Aisle
200431;Front of Store;No;892;Front of Store
200432;Aisle;No;1012;Aisle
200433;End-cap;Yes;1513;End-cap
200434;Front of Store;Yes;1374;Front of Store
200435;End-cap;No;831;End-cap
200436;Front of Store;No;735;Front of Store
200437;Front of Store;Yes;1343;Front of Store
200438;End-cap;Yes;1168;End-cap
200439;Aisle;No;1142;Aisle
200440;End-cap;No;879;End-cap
200441;Front of Store;No;842;Front of Store
200442;Front of Store;Yes;1374;Front of Store
200443;Front of Store;No;801;Front of Store
200444;Aisle;No;1000;Aisle
200445;End-cap;No;1026;End-cap
200446;Front of Store;No;948;Front of Store
200447;End-cap;No;1000;End-cap
200448;End-cap;Yes;1339;End-cap
200449;End-cap;No;886;End-cap
200450;Front of Store;No;1000;Front of Store
200451;End-cap;No;905;End-cap
200452;Aisle;No;686;Aisle
200453;Aisle;Yes;1467;Aisle
200454;End-cap;Yes;1473;End-cap
200455;Aisle;Yes;1306;Aisle
200456;Aisle;No;950;Aisle
200457;Aisle;Yes;1562;Aisle
200458;Aisle;No;963;Aisle
200459;End-cap;No;1065;End-cap
200460;Front of Store;No;914;Front of Store
200461;Aisle;No;890;Aisle
200462;End-cap;Yes;1288;End-cap
200463;Aisle;No;764;Aisle
200464;Aisle;No;992;Aisle
200465;Front of Store;Yes;1509;Front of Store
200466;Front of Store;No;1016;Front of Store
200467;Aisle;No;885;Aisle
200468;Front of Store;No;743;Front of Store
200469;End-cap;No;702;End-cap
200470;Aisle;No;987;Aisle
200471;End-cap;Yes;1367;End-cap
200472;Aisle;No;949;Aisle
200473;Aisle;No;772;Aisle
200474;Front of Store;No;865;Front of Store
200475;Aisle;Yes;1392;Aisle
200476;Front of Store;No;868;Front of Store
200477;Front of Store;Yes;1356;Front of Store
200478;End-cap;Yes;1407;End-cap
200479;Aisle;Yes;1212;Aisle
200480;Aisle;No;980;Aisle
200481;End-cap;Yes;1327;End-cap
200482;End-cap;Yes;1399;End-cap
200483;Front of Store;No;906;Front of Store
200484;End-cap;Yes;1532;End-cap
200485;Front of Store;Yes;1641;Front of Store
200486;Aisle;No;650;Aisle
200487;Front of Store;No;830;Front of Store
200488;Aisle;No;898;Aisle
200489;End-cap;No;943;End-cap
200490;Front of Store;Yes;1480;Front of Store
200491;Front of Store;Yes;1444;Front of Store
200492;End-cap;No;848;End-cap
200493;Front of Store;Yes;1321;Front of Store
200494;End-cap;No;881;End-cap
200495;End-cap;No;780;End-cap
200496;End-cap;Yes;1208;End-cap
200497;End-cap;Yes;1600;End-cap
200498;Front of Store;Yes;1547;Front of Store
200499;End-cap;Yes;1573;End-cap
200500;Front of Store;Yes;1445;Front of Store
200501;Front of Store;Yes;1373;Front of Store
200502;End-cap;No;966;End-cap
200503;Aisle;No;770;Aisle
200504;Front of Store;No;723;Front of Store
200505;End-cap;No;763;End-cap
200506;Aisle;Yes;1622;Aisle
200507;Aisle;No;793;Aisle
200508;Aisle;No;1075;Aisle
200509;End-cap;Yes;1554;End-cap
200510;Aisle;Yes;1534;Aisle
200511;End-cap;No;959;End-cap
200512;End-cap;Yes;1286;End-cap
200513;Front of Store;Yes;1290;Front of Store
200514;Front of Store;Yes;1306;Front of Store
200515;End-cap;No;975;End-cap
200516;Aisle;No;987;Aisle
200517;Aisle;Yes;1151;Aisle
200518;Aisle;No;831;Aisle
200519;Aisle;No;913;Aisle
200520;Aisle;No;894;Aisle
200521;End-cap;Yes;1132;End-cap
200522;End-cap;Yes;1572;End-cap
200523;End-cap;Yes;1335;End-cap
200524;End-cap;No;1113;End-cap
200525;Aisle;No;799;Aisle
200526;Aisle;Yes;1322;Aisle
200527;Front of Store;No;821;Front of Store
200528;Aisle;No;997;Aisle
200529;Aisle;Yes;1208;Aisle
200530;Aisle;Yes;1348;Aisle
200531;End-cap;No;911;End-cap
200532;Front of Store;No;861;Front of Store
200533;End-cap;Yes;1333;End-cap
200534;Front of Store;No;824;Front of Store
200535;Aisle;No;1114;Aisle
200536;Front of Store;No;1042;Front of Store
200537;Front of Store;Yes;1323;Front of Store
200538;End-cap;Yes;1564;End-cap
200539;Front of Store;No;718;Front of Store
200540;Front of Store;No;959;Front of Store
200541;Aisle;No;929;Aisle
200542;End-cap;Yes;1277;End-cap
200543;End-cap;No;983;End-cap
200544;End-cap;No;1053;End-cap
200545;End-cap;Yes;1314;End-cap
200546;Front of Store;No;979;Front of Store
200547;Front of Store;Yes;1330;Front of Store
200548;End-cap;Yes;1409;End-cap
200549;End-cap;No;729;End-cap
200550;Aisle;No;943;Aisle
200551;Aisle;Yes;1454;Aisle
200552;End-cap;Yes;1294;End-cap
200553;Front of Store;Yes;1511;Front of Store
200554;Aisle;Yes;1498;Aisle
200555;Front of Store;No;881;Front of Store
200556;Aisle;Yes;1428;Aisle
200557;Aisle;No;767;Aisle
200558;Front of Store;No;836;Front of Store
200559;Front of Store;No;822;Front of Store
200560;Front of Store;No;890;Front of Store
200561;Aisle;No;779;Aisle
200562;End-cap;Yes;1347;End-cap
200563;Aisle;Yes;1258;Aisle
200564;Front of Store;Yes;1537;Front of Store
200565;Aisle;Yes;1287;Aisle
200566;End-cap;No;812;End-cap
200567;End-cap;No;883;End-cap
200568;Front of Store;No;945;Front of Store
200569;End-cap;No;882;End-cap
200570;Front of Store;No;762;Front of Store
200571;Front of Store;Yes;1579;Front of Store
200572;Aisle;Yes;1519;Aisle
200573;Aisle;No;794;Aisle
200574;Front of Store;Yes;1380;Front of Store
200575;End-cap;Yes;1545;End-cap
200576;End-cap;No;1018;End-cap
200577;End-cap;No;632;End-cap
200578;End-cap;No;938;End-cap
200579;End-cap;No;1017;End-cap
200580;End-cap;Yes;1679;End-cap
200581;Aisle;No;902;Aisle
200582;End-cap;Yes;1612;End-cap
200583;Front of Store;No;697;Front of Store
200584;Front of Store;No;1085;Front of Store
200585;Aisle;Yes;1717;Aisle
200586;End-cap;No;1004;End-cap
200587;Aisle;Yes;1491;Aisle
200588;Aisle;Yes;1542;Aisle
200589;Front of Store;Yes;1320;Front of Store
200590;End-cap;No;836;End-cap
200591;End-cap;Yes;836;End-cap
200592;Front of Store;No;879;Front of Store
200593;Front of Store;No;889;Front of Store
200594;End-cap;Yes;1320;End-cap
200595;Front of Store;Yes;1424;Front of Store
200596;Aisle;Yes;1189;Aisle
200597;Front of Store;Yes;1196;Front of Store
200598;Front of Store;Yes;1653;Front of Store
200599;Aisle;Yes;1234;Aisle
200600;End-cap;No;864;End-cap
200601;Front of Store;No;921;Front of Store
200602;End-cap;Yes;1614;End-cap
200603;End-cap;Yes;1267;End-cap
200604;Front of Store;No;940;Front of Store
200605;Front of Store;Yes;1576;Front of Store
200606;Front of Store;Yes;1434;Front of Store
200607;End-cap;No;964;End-cap
200608;Front of Store;No;689;Front of Store
200609;End-cap;No;884;End-cap
200610;End-cap;Yes;1519;End-cap
200611;End-cap;Yes;1288;End-cap
200612;End-cap;No;939;End-cap
200613;Front of Store;Yes;1216;Front of Store
200614;End-cap;No;908;End-cap
200615;Front of Store;No;871;Front of Store
200616;Front of Store;Yes;1355;Front of Store
200617;Aisle;No;922;Aisle
200618;End-cap;Yes;1395;End-cap
200619;End-cap;Yes;1315;End-cap
200620;Front of Store;Yes;1552;Front of Store
200621;End-cap;No;823;End-cap
200622;Aisle;No;931;Aisle
200623;Front of Store;Yes;1346;Front of Store
200624;End-cap;Yes;1620;End-cap
200625;End-cap;No;779;End-cap
200626;End-cap;No;876;End-cap
200627;Aisle;No;831;Aisle
200628;End-cap;Yes;1107;End-cap
200629;Aisle;No;990;Aisle
200630;End-cap;No;789;End-cap
200631;Aisle;No;699;Aisle
200632;Aisle;Yes;1350;Aisle
200633;Aisle;No;1080;Aisle
200634;End-cap;No;807;End-cap
200635;Aisle;Yes;1302;Aisle
200636;Front of Store;No;929;Front of Store
200637;Front of Store;No;899;Front of Store
200638;End-cap;No;758;End-cap
200639;End-cap;Yes;1430;End-cap
200640;End-cap;No;918;End-cap
200641;End-cap;Yes;1392;End-cap
200642;Aisle;No;1081;Aisle
200643;Front of Store;Yes;1333;Front of Store
200644;End-cap;No;842;End-cap
200645;Front of Store;No;680;Front of Store
200646;Front of Store;No;826;Front of Store
200647;End-cap;No;1049;End-cap
200648;Front of Store;No;865;Front of Store
200649;Aisle;Yes;1368;Aisle
200650;Aisle;No;703;Aisle
200651;Front of Store;No;828;Front of Store
200652;End-cap;No;843;End-cap
200653;Aisle;No;1003;Aisle
200654;Aisle;No;831;Aisle
200655;End-cap;No;954;End-cap
200656;Front of Store;Yes;1506;Front of Store
200657;Aisle;No;1041;Aisle
200658;Front of Store;Yes;1657;Front of Store
200659;Front of Store;No;924;Front of Store
200660;End-cap;No;780;End-cap
200661;Aisle;No;826;Aisle
200662;Front of Store;Yes;1525;Front of Store
200663;End-cap;No;965;End-cap
200664;Aisle;Yes;1334;Aisle
200665;Aisle;Yes;1396;Aisle
200666;End-cap;No;764;End-cap
200667;End-cap;No;1045;End-cap
200668;End-cap;No;920;End-cap
200669;End-cap;No;906;End-cap
200670;Front of Store;No;924;Front of Store
200671;End-cap;No;814;End-cap
200672;Front of Store;Yes;1256;Front of Store
200673;Front of Store;No;950;Front of Store
200674;End-cap;Yes;1590;End-cap
200675;Aisle;No;885;Aisle
200676;End-cap;Yes;1009;End-cap
200677;End-cap;No;724;End-cap
200678;End-cap;No;944;End-cap
200679;Aisle;Yes;1360;Aisle
200680;Aisle;Yes;1316;Aisle
200681;Front of Store;No;773;Front of Store
200682;Aisle;No;627;Aisle
200683;End-cap;Yes;1367;End-cap
200684;Front of Store;Yes;1326;Front of Store
200685;Front of Store;Yes;1228;Front of Store
200686;Front of Store;No;842;Front of Store
200687;End-cap;Yes;1308;End-cap
200688;End-cap;No;884;End-cap
200689;Front of Store;Yes;1665;Front of Store
200690;Front of Store;Yes;1412;Front of Store
200691;Aisle;No;943;Aisle
200692;Front of Store;No;674;Front of Store
200693;End-cap;Yes;1526;End-cap
200694;End-cap;Yes;1671;End-cap
200695;Aisle;Yes;1389;Aisle
200696;Aisle;Yes;1399;Aisle
200697;Front of Store;No;905;Front of Store
200698;End-cap;Yes;1540;End-cap
200699;Aisle;No;798;Aisle
200700;End-cap;Yes;1013;End-cap
200701;Aisle;Yes;1790;Aisle
200702;End-cap;Yes;1557;End-cap
200703;Aisle;No;719;Aisle
200704;Front of Store;No;985;Front of Store
200705;Aisle;Yes;1227;Aisle
200706;Front of Store;Yes;1221;Front of Store
200707;End-cap;Yes;1449;End-cap
200708;Front of Store;No;944;Front of Store
200709;Aisle;No;867;Aisle
200710;Front of Store;No;910;Front of Store
200711;End-cap;Yes;1097;End-cap
200712;Aisle;Yes;1342;Aisle
200713;Aisle;No;951;Aisle
200714;Aisle;No;1076;Aisle
200715;End-cap;No;850;End-cap
200716;Aisle;No;958;Aisle
200717;Front of Store;Yes;1433;Front of Store
200718;Aisle;Yes;1393;Aisle
200719;Front of Store;No;1072;Front of Store
200720;Front of Store;Yes;1324;Front of Store
200721;Front of Store;Yes;1360;Front of Store
200722;End-cap;No;951;End-cap
200723;End-cap;No;767;End-cap
200724;Front of Store;No;1006;Front of Store
200725;Front of Store;Yes;1056;Front of Store
200726;End-cap;No;1010;End-cap
200727;End-cap;No;911;End-cap
200728;Front of Store;No;1015;Front of Store
200729;End-cap;Yes;1270;End-cap
200730;Aisle;Yes;1872;Aisle
200731;Aisle;No;1018;Aisle
200732;Front of Store;No;966;Front of Store
200733;Aisle;No;748;Aisle
200734;Front of Store;Yes;1410;Front of Store
200735;End-cap;No;713;End-cap
200736;Front of Store;Yes;1568;Front of Store
200737;Aisle;No;842;Aisle
200738;Front of Store;No;981;Front of Store
200739;End-cap;Yes;1393;End-cap
200740;Front of Store;No;988;Front of Store
200741;End-cap;Yes;1454;End-cap
200742;Front of Store;Yes;1193;Front of Store
200743;Front of Store;No;811;Front of Store
200744;Front of Store;No;885;Front of Store
200745;Aisle;No;783;Aisle
200746;End-cap;Yes;1429;End-cap
200747;End-cap;Yes;1595;End-cap
200748;Aisle;No;934;Aisle
200749;Front of Store;Yes;1443;Front of Store
200750;End-cap;No;966;End-cap
200751;End-cap;Yes;1587;End-cap
200752;Aisle;Yes;1502;Aisle
200753;Front of Store;No;867;Front of Store
200754;Front of Store;Yes;1143;Front of Store
200755;Aisle;Yes;1038;Aisle
200756;Front of Store;No;1057;Front of Store
200757;End-cap;No;820;End-cap
200758;Aisle;No;716;Aisle
200759;Front of Store;Yes;1562;Front of Store
200760;Front of Store;No;975;Front of Store
200761;End-cap;No;671;End-cap
200762;Front of Store;No;814;Front of Store
200763;Front of Store;No;859;Front of Store
200764;End-cap;Yes;1709;End-cap
200765;Aisle;No;779;Aisle
200766;Aisle;Yes;1376;Aisle
200767;End-cap;Yes;1262;End-cap
200768;Aisle;Yes;1497;Aisle
200769;Aisle;No;919;Aisle
200770;Aisle;No;757;Aisle
200771;Aisle;No;945;Aisle
200772;End-cap;No;973;End-cap
200773;End-cap;No;732;End-cap
200774;Front of Store;No;952;Front of Store
200775;Aisle;Yes;1295;Aisle
200776;Aisle;No;1088;Aisle
200777;Aisle;Yes;1258;Aisle
200778;Front of Store;No;811;Front of Store
200779;End-cap;No;789;End-cap
200780;End-cap;No;936;End-cap
200781;Aisle;No;702;Aisle
200782;Front of Store;Yes;1453;Front of Store
200783;End-cap;No;918;End-cap
200784;Aisle;No;855;Aisle
200785;End-cap;Yes;1237;End-cap
200786;End-cap;Yes;1335;End-cap
200787;End-cap;No;787;End-cap
200788;Aisle;Yes;1508;Aisle
200789;Front of Store;No;843;Front of Store
200790;Front of Store;No;1020;Front of Store
200791;Aisle;No;807;Aisle
200792;Front of Store;No;826;Front of Store
200793;Aisle;No;870;Aisle
200794;Aisle;Yes;1289;Aisle
200795;Aisle;No;1035;Aisle
200796;End-cap;No;653;End-cap
200797;Aisle;Yes;1455;Aisle
200798;Aisle;Yes;1225;Aisle
200799;End-cap;Yes;1392;End-cap
200800;End-cap;No;698;End-cap
200801;Front of Store;No;787;Front of Store
200802;End-cap;No;883;End-cap
200803;Front of Store;No;777;Front of Store
200804;Front of Store;No;975;Front of Store
200805;Front of Store;No;989;Front of Store
200806;End-cap;Yes;1710;End-cap
200807;Aisle;No;849;Aisle
200808;End-cap;Yes;1782;End-cap
200809;End-cap;Yes;1542;End-cap
200810;Aisle;No;820;Aisle
200811;End-cap;No;840;End-cap
200812;Aisle;No;791;Aisle
200813;Front of Store;No;977;Front of Store
200814;Front of Store;Yes;1441;Front of Store
200815;End-cap;No;776;End-cap
200816;Aisle;No;934;Aisle
200817;Front of Store;No;905;Front of Store
200818;End-cap;Yes;1282;End-cap
200819;Front of Store;Yes;1071;Front of Store
200820;Aisle;No;946;Aisle
200821;Aisle;Yes;1264;Aisle
200822;Aisle;Yes;1730;Aisle
200823;Front of Store;No;930;Front of Store
200824;Aisle;No;1003;Aisle
200825;Aisle;Yes;1626;Aisle
200826;Aisle;No;859;Aisle
200827;End-cap;No;872;End-cap
200828;End-cap;Yes;1661;End-cap
200829;End-cap;Yes;1190;End-cap
200830;Front of Store;Yes;1197;Front of Store
200831;Front of Store;No;856;Front of Store
200832;Front of Store;No;789;Front of Store
200833;Front of Store;No;834;Front of Store
200834;End-cap;No;788;End-cap
200835;Aisle;No;798;Aisle
200836;Aisle;Yes;1401;Aisle
200837;Aisle;No;798;Aisle
200838;Aisle;No;744;Aisle
200839;Aisle;No;982;Aisle
200840;End-cap;No;1141;End-cap
200841;Front of Store;No;1119;Front of Store
200842;Front of Store;Yes;1204;Front of Store
200843;End-cap;No;927;End-cap
200844;Front of Store;No;754;Front of Store
200845;End-cap;No;862;End-cap
200846;End-cap;No;845;End-cap
200847;Aisle;Yes;1516;Aisle
200848;End-cap;No;764;End-cap
200849;Front of Store;Yes;1537;Front of Store
200850;Aisle;No;920;Aisle
200851;End-cap;No;952;End-cap
200852;Aisle;No;851;Aisle
200853;End-cap;No;875;End-cap
200854;Front of Store;No;882;Front of Store
200855;End-cap;No;773;End-cap
200856;Aisle;Yes;1622;Aisle
200857;Aisle;No;967;Aisle
200858;Aisle;No;989;Aisle
200859;End-cap;No;1044;End-cap
200860;Aisle;Yes;1426;Aisle
200861;Aisle;No;1038;Aisle
200862;Aisle;Yes;1297;Aisle
200863;Front of Store;No;802;Front of Store
200864;End-cap;No;803;End-cap
200865;End-cap;Yes;1586;End-cap
200866;End-cap;Yes;1494;End-cap
200867;Front of Store;No;1037;Front of Store
200868;Aisle;Yes;1349;Aisle
200869;Aisle;Yes;1706;Aisle
200870;End-cap;No;909;End-cap
200871;Aisle;No;892;Aisle
200872;Aisle;No;758;Aisle
200873;Aisle;No;931;Aisle
200874;Front of Store;No;974;Front of Store
200875;End-cap;Yes;1356;End-cap
200876;End-cap;No;832;End-cap
200877;End-cap;Yes;1427;End-cap
200878;Aisle;No;786;Aisle
200879;End-cap;No;814;End-cap
200880;Front of Store;Yes;1509;Front of Store
200881;End-cap;No;829;End-cap
200882;Front of Store;No;1090;Front of Store
200883;Aisle;No;860;Aisle
200884;End-cap;Yes;1325;End-cap
200885;Aisle;Yes;1609;Aisle
200886;Aisle;No;1058;Aisle
200887;Aisle;No;905;Aisle
200888;Front of Store;Yes;1348;Front of Store
200889;Aisle;No;836;Aisle
200890;End-cap;No;866;End-cap
200891;End-cap;No;918;End-cap
200892;Aisle;Yes;1683;Aisle
200893;Front of Store;Yes;1346;Front of Store
200894;Aisle;Yes;1465;Aisle
200895;Aisle;No;907;Aisle
200896;Aisle;Yes;1360;Aisle
200897;End-cap;Yes;1349;End-cap
200898;End-cap;No;878;End-cap
200899;Front of Store;Yes;1358;Front of Store
200900;Aisle;No;985;Aisle
200901;Front of Store;No;764;Front of Store
200902;Aisle;No;883;Aisle
200903;Aisle;No;821;Aisle
200904;Front of Store;Yes;1377;Front of Store
200905;Aisle;No;941;Aisle
200906;Front of Store;No;837;Front of Store
200907;Front of Store;No;820;Front of Store
200908;Aisle;No;869;Aisle
200909;Front of Store;No;977;Front of Store
200910;Front of Store;Yes;1373;Front of Store
200911;Aisle;No;889;Aisle
200912;Front of Store;No;753;Front of Store
200913;Front of Store;No;708;Front of Store
200914;End-cap;Yes;1338;End-cap
200915;End-cap;No;820;End-cap
200916;End-cap;No;929;End-cap
200917;Front of Store;No;884;Front of Store
200918;Aisle;Yes;1335;Aisle
200919;End-cap;No;856;End-cap
200920;Aisle;No;584;Aisle
200921;Front of Store;No;638;Front of Store
200922;Aisle;No;921;Aisle
200923;End-cap;No;882;End-cap
200924;End-cap;Yes;1290;End-cap
200925;End-cap;No;904;End-cap
200926;Front of Store;Yes;1353;Front of Store
200927;Front of Store;No;760;Front of Store
200928;Aisle;Yes;1433;Aisle
200929;Aisle;No;790;Aisle
200930;End-cap;No;913;End-cap
200931;Aisle;No;798;Aisle
200932;End-cap;Yes;1284;End-cap
200933;End-cap;No;690;End-cap
200934;Aisle;No;1057;Aisle
200935;Front of Store;Yes;1244;Front of Store
200936;Front of Store;No;832;Front of Store
200937;Aisle;No;760;Aisle
200938;Aisle;No;949;Aisle
200939;End-cap;Yes;1500;End-cap
200940;Front of Store;No;891;Front of Store
200941;Aisle;No;794;Aisle
200942;Aisle;No;1044;Aisle
200943;Aisle;No;891;Aisle
200944;End-cap;Yes;1374;End-cap
200945;Aisle;No;1025;Aisle
200946;Aisle;No;808;Aisle
200947;End-cap;No;947;End-cap
200948;Aisle;No;744;Aisle
200949;End-cap;Yes;1492;End-cap
200950;Aisle;Yes;1461;Aisle
200951;Aisle;Yes;1421;Aisle
200952;Front of Store;No;900;Front of Store
200953;Front of Store;Yes;1751;Front of Store
200954;Front of Store;Yes;1475;Front of Store
200955;End-cap;No;910;End-cap
200956;End-cap;No;676;End-cap
200957;End-cap;No;898;End-cap
200958;Front of Store;No;791;Front of Store
200959;End-cap;No;850;End-cap
200960;Front of Store;Yes;1423;Front of Store
200961;Front of Store;Yes;1102;Front of Store
200962;Front of Store;Yes;1503;Front of Store
200963;Front of Store;Yes;1465;Front of Store
200964;End-cap;Yes;1334;End-cap
200965;Aisle;No;878;Aisle
200966;End-cap;Yes;1458;End-cap
200967;Aisle;No;849;Aisle
200968;Aisle;Yes;1693;Aisle
200969;End-cap;Yes;1455;End-cap
200970;End-cap;Yes;1423;End-cap
200971;End-cap;No;702;End-cap
200972;Aisle;No;676;Aisle
200973;End-cap;No;844;End-cap
200974;Aisle;No;948;Aisle
200975;Aisle;Yes;1193;Aisle
200976;Aisle;Yes;1346;Aisle
200977;Aisle;No;794;Aisle
200978;Aisle;No;1064;Aisle
200979;Front of Store;No;971;Front of Store
200980;End-cap;No;1011;End-cap
200981;Aisle;Yes;1411;Aisle
200982;Front of Store;Yes;1439;Front of Store
200983;End-cap;Yes;1698;End-cap
200984;End-cap;Yes;1318;End-cap
200985;End-cap;No;771;End-cap
200986;Aisle;Yes;1622;Aisle
200987;End-cap;Yes;1512;End-cap
200988;Aisle;No;960;Aisle
200989;Aisle;Yes;1611;Aisle
200990;Aisle;Yes;1347;Aisle
200991;End-cap;No;795;End-cap
200992;End-cap;Yes;1608;End-cap
200993;Front of Store;No;1087;Front of Store
200994;Aisle;Yes;1702;Aisle
200995;Front of Store;No;898;Front of Store
200996;Front of Store;Yes;1514;Front of Store
200997;Front of Store;No;882;Front of Store
200998;Aisle;No;862;Aisle
200999;Front of Store;No;847;Front of Store
201000;End-cap;No;844;End-cap
201001;Front of Store;Yes;1221;Front of Store
201002;End-cap;Yes;1541;End-cap
201003;Aisle;No;1090;Aisle
201004;Aisle;Yes;1389;Aisle
201005;Front of Store;Yes;1313;Front of Store
201006;Aisle;No;864;Aisle
201007;Aisle;Yes;1566;Aisle
201008;End-cap;No;943;End-cap
201009;End-cap;Yes;1323;End-cap
201010;End-cap;No;790;End-cap
201011;End-cap;No;676;End-cap
201012;Front of Store;No;739;Front of Store
201013;Front of Store;Yes;1653;Front of Store
201014;Aisle;No;795;Aisle
201015;Aisle;No;694;Aisle
201016;End-cap;No;784;End-cap
201017;Front of Store;No;767;Front of Store
201018;Front of Store;No;679;Front of Store
201019;End-cap;No;653;End-cap
201020;End-cap;No;1077;End-cap
201021;Aisle;Yes;1303;Aisle
201022;Aisle;Yes;1568;Aisle
201023;Aisle;Yes;1383;Aisle
201024;Aisle;Yes;1293;Aisle
201025;Aisle;No;811;Aisle
201026;Aisle;No;845;Aisle
201027;Front of Store;Yes;1528;Front of Store
201028;End-cap;No;977;End-cap
201029;End-cap;Yes;1433;End-cap
201030;Aisle;Yes;1317;Aisle
201031;End-cap;No;754;End-cap
201032;Aisle;No;977;Aisle
201033;End-cap;Yes;1485;End-cap
201034;Front of Store;Yes;1252;Front of Store
201035;Aisle;No;886;Aisle
201036;Front of Store;Yes;1535;Front of Store
201037;Front of Store;No;926;Front of Store
201038;End-cap;Yes;1466;End-cap
201039;Aisle;Yes;1477;Aisle
201040;Front of Store;Yes;1514;Front of Store
201041;Aisle;No;850;Aisle
201042;End-cap;No;756;End-cap
201043;End-cap;Yes;1597;End-cap
201044;Aisle;No;912;Aisle
201045;Front of Store;Yes;1122;Front of Store
201046;Aisle;No;1000;Aisle
201047;Aisle;Yes;1571;Aisle
201048;Front of Store;Yes;1444;Front of Store
201049;Aisle;No;764;Aisle
201050;End-cap;Yes;1486;End-cap
201051;End-cap;Yes;1194;End-cap
201052;Aisle;Yes;1654;Aisle
201053;End-cap;Yes;1826;End-cap
201054;Front of Store;Yes;1450;Front of Store
201055;End-cap;No;818;End-cap
201056;Aisle;No;811;Aisle
201057;Front of Store;Yes;1385;Front of Store
201058;Aisle;Yes;1432;Aisle
201059;End-cap;No;955;End-cap
201060;Front of Store;No;968;Front of Store
201061;Aisle;Yes;1627;Aisle
201062;End-cap;Yes;1409;End-cap
201063;Front of Store;No;822;Front of Store
201064;Aisle;No;734;Aisle
201065;Front of Store;Yes;1457;Front of Store
201066;Front of Store;No;781;Front of Store
201067;Front of Store;No;778;Front of Store
201068;Front of Store;No;878;Front of Store
201069;End-cap;Yes;1394;End-cap
201070;Front of Store;No;816;Front of Store
201071;Aisle;No;1024;Aisle
201072;End-cap;Yes;1224;End-cap
201073;End-cap;No;1018;End-cap
201074;End-cap;Yes;1558;End-cap
201075;Front of Store;No;833;Front of Store
201076;Aisle;Yes;1721;Aisle
201077;Front of Store;No;742;Front of Store
201078;Aisle;No;814;Aisle
201079;End-cap;Yes;1378;End-cap
201080;Aisle;Yes;1342;Aisle
201081;Front of Store;Yes;1742;Front of Store
201082;Front of Store;Yes;1179;Front of Store
201083;Aisle;Yes;1512;Aisle
201084;End-cap;No;992;End-cap
201085;Aisle;Yes;1507;Aisle
201086;Aisle;Yes;1463;Aisle
201087;Aisle;No;734;Aisle
201088;Front of Store;No;895;Front of Store
201089;Aisle;No;841;Aisle
201090;Aisle;No;759;Aisle
201091;Aisle;Yes;1573;Aisle
201092;Aisle;Yes;1434;Aisle
201093;Aisle;Yes;1458;Aisle
201094;Front of Store;Yes;1648;Front of Store
201095;End-cap;Yes;1547;End-cap
201096;Front of Store;No;899;Front of Store
201097;End-cap;No;705;End-cap
201098;Front of Store;Yes;1503;Front of Store
201099;End-cap;No;842;End-cap
201100;End-cap;Yes;1359;End-cap
201101;End-cap;No;627;End-cap
201102;Front of Store;No;918;Front of Store
201103;Front of Store;No;957;Front of Store
201104;Front of Store;No;805;Front of Store
201105;Front of Store;No;754;Front of Store
201106;Front of Store;No;941;Front of Store
201107;End-cap;No;906;End-cap
201108;Aisle;Yes;1620;Aisle
201109;Front of Store;No;998;Front of Store
201110;Aisle;Yes;1088;Aisle
201111;Front of Store;Yes;1376;Front of Store
201112;Aisle;No;1057;Aisle
201113;End-cap;Yes;1342;End-cap
201114;End-cap;No;953;End-cap
201115;End-cap;No;876;End-cap
201116;Front of Store;No;730;Front of Store
201117;End-cap;Yes;1356;End-cap
201118;Aisle;No;1058;Aisle
201119;End-cap;Yes;1072;End-cap
201120;Aisle;Yes;1820;Aisle
201121;Front of Store;No;786;Front of Store
201122;Aisle;No;820;Aisle
201123;End-cap;Yes;1381;End-cap
201124;Front of Store;No;853;Front of Store
201125;End-cap;No;811;End-cap
201126;End-cap;No;921;End-cap
201127;End-cap;Yes;1384;End-cap
201128;Front of Store;No;923;Front of Store
201129;Front of Store;No;757;Front of Store
201130;Front of Store;No;940;Front of Store
201131;Aisle;No;870;Aisle
201132;Front of Store;No;648;Front of Store
201133;Front of Store;No;746;Front of Store
201134;Aisle;Yes;1304;Aisle
201135;Front of Store;Yes;1313;Front of Store
201136;Aisle;No;969;Aisle
201137;Front of Store;No;1043;Front of Store
201138;End-cap;Yes;1412;End-cap
201139;Front of Store;No;710;Front of Store
201140;Front of Store;Yes;1630;Front of Store
201141;Front of Store;Yes;1557;Front of Store
201142;Aisle;Yes;1517;Aisle
201143;Front of Store;Yes;1627;Front of Store
201144;Aisle;Yes;1116;Aisle
201145;End-cap;No;909;End-cap
201146;Aisle;Yes;1569;Aisle
201147;End-cap;No;869;End-cap
201148;Front of Store;Yes;1494;Front of Store
201149;Aisle;Yes;1727;Aisle
201150;End-cap;No;829;End-cap
201151;End-cap;Yes;1406;End-cap
201152;End-cap;No;734;End-cap
201153;End-cap;No;1087;End-cap
201154;Front of Store;Yes;1460;Front of Store
201155;Front of Store;Yes;1594;Front of Store
201156;End-cap;Yes;1267;End-cap
201157;Aisle;No;878;Aisle
201158;Aisle;No;742;Aisle
201159;Aisle;Yes;1338;Aisle
201160;Aisle;No;776;Aisle
201161;Aisle;No;1097;Aisle
201162;End-cap;No;835;End-cap
201163;End-cap;Yes;1534;End-cap
201164;Aisle;Yes;1303;Aisle
201165;End-cap;Yes;1250;End-cap
201166;Aisle;Yes;1263;Aisle
201167;End-cap;Yes;1309;End-cap
201168;Front of Store;No;939;Front of Store
201169;Aisle;No;766;Aisle
201170;Front of Store;Yes;1583;Front of Store
201171;Aisle;No;1069;Aisle
201172;End-cap;No;778;End-cap
201173;Aisle;Yes;1701;Aisle
201174;Front of Store;No;959;Front of Store
201175;Aisle;No;749;Aisle
201176;Front of Store;No;753;Front of Store
201177;Aisle;No;768;Aisle
201178;Front of Store;Yes;1656;Front of Store
201179;Aisle;Yes;1360;Aisle
201180;Front of Store;Yes;1420;Front of Store
201181;Front of Store;Yes;1640;Front of Store
201182;Front of Store;No;822;Front of Store
201183;Front of Store;No;939;Front of Store
201184;Aisle;No;809;Aisle
201185;Front of Store;No;981;Front of Store
201186;End-cap;No;896;End-cap
201187;Aisle;No;821;Aisle
201188;Front of Store;Yes;1319;Front of Store
201189;Front of Store;Yes;1693;Front of Store
201190;End-cap;No;679;End-cap
201191;End-cap;No;738;End-cap
201192;Aisle;Yes;1514;Aisle
201193;Aisle;No;816;Aisle
201194;End-cap;Yes;1532;End-cap
201195;End-cap;No;827;End-cap
201196;Front of Store;Yes;1668;Front of Store
201197;End-cap;No;758;End-cap
201198;Aisle;No;955;Aisle
201199;Aisle;No;666;Aisle
201200;Aisle;Yes;1155;Aisle
201201;Front of Store;Yes;1385;Front of Store
201202;End-cap;No;770;End-cap
201203;Front of Store;No;818;Front of Store
201204;Aisle;Yes;1391;Aisle
201205;Front of Store;No;665;Front of Store
201206;Front of Store;Yes;1340;Front of Store
201207;Aisle;Yes;1434;Aisle
201208;End-cap;Yes;1202;End-cap
201209;End-cap;No;792;End-cap
201210;End-cap;Yes;1495;End-cap
201211;Aisle;No;602;Aisle
201212;Aisle;No;1050;Aisle
201213;End-cap;Yes;1569;End-cap
201214;Front of Store;No;983;Front of Store
201215;Front of Store;Yes;1696;Front of Store
201216;Aisle;Yes;1316;Aisle
201217;Front of Store;No;977;Front of Store
201218;End-cap;Yes;1531;End-cap
201219;Front of Store;No;742;Front of Store
201220;Front of Store;Yes;1761;Front of Store
201221;Front of Store;No;947;Front of Store
201222;End-cap;No;739;End-cap
201223;Front of Store;No;1019;Front of Store
201224;End-cap;No;1162;End-cap
201225;Aisle;No;961;Aisle
201226;Front of Store;No;892;Front of Store
201227;End-cap;No;840;End-cap
201228;Aisle;No;800;Aisle
201229;Aisle;Yes;1599;Aisle
201230;Aisle;Yes;1451;Aisle
201231;Front of Store;No;778;Front of Store
201232;End-cap;No;822;End-cap
201233;Aisle;Yes;1268;Aisle
201234;Aisle;No;771;Aisle
201235;End-cap;No;920;End-cap
201236;Front of Store;Yes;1788;Front of Store
201237;Front of Store;No;974;Front of Store
201238;End-cap;Yes;1389;End-cap
201239;End-cap;No;774;End-cap
201240;Aisle;Yes;1735;Aisle
201241;Aisle;No;751;Aisle
201242;End-cap;No;1068;End-cap
201243;Aisle;Yes;1627;Aisle
201244;Front of Store;Yes;1276;Front of Store
201245;Aisle;No;848;Aisle
201246;Aisle;Yes;1234;Aisle
201247;End-cap;No;745;End-cap
201248;Front of Store;Yes;1520;Front of Store
201249;Front of Store;No;737;Front of Store
201250;End-cap;Yes;1697;End-cap
201251;Aisle;No;955;Aisle
201252;End-cap;No;760;End-cap
201253;Aisle;No;1002;Aisle
201254;End-cap;No;847;End-cap
201255;End-cap;Yes;1397;End-cap
201256;End-cap;No;1044;End-cap
201257;End-cap;No;772;End-cap
201258;Aisle;No;667;Aisle
201259;End-cap;No;816;End-cap
201260;End-cap;Yes;1489;End-cap
201261;Aisle;Yes;1142;Aisle
201262;Front of Store;Yes;1558;Front of Store
201263;Aisle;Yes;1447;Aisle
201264;Front of Store;No;1031;Front of Store
201265;Aisle;Yes;1688;Aisle
201266;Aisle;No;854;Aisle
201267;Aisle;No;880;Aisle
201268;Aisle;No;784;Aisle
201269;End-cap;Yes;1322;End-cap
201270;End-cap;No;841;End-cap
201271;End-cap;Yes;1360;End-cap
201272;End-cap;No;799;End-cap
201273;End-cap;Yes;1555;End-cap
201274;Aisle;Yes;1221;Aisle
201275;End-cap;Yes;1457;End-cap
201276;Front of Store;Yes;1423;Front of Store
201277;End-cap;No;815;End-cap
201278;Aisle;Yes;1274;Aisle
201279;Front of Store;Yes;1476;Front of Store
201280;End-cap;Yes;1304;End-cap
201281;End-cap;No;867;End-cap
201282;End-cap;No;889;End-cap
201283;End-cap;No;965;End-cap
201284;Aisle;No;979;Aisle
201285;End-cap;Yes;1768;End-cap
201286;Aisle;No;1018;Aisle
201287;Aisle;Yes;1549;Aisle
201288;Aisle;No;818;Aisle
201289;Aisle;No;879;Aisle
201290;End-cap;Yes;1795;End-cap
201291;Front of Store;Yes;1600;Front of Store
201292;Front of Store;No;860;Front of Store
201293;End-cap;Yes;1129;End-cap
201294;Aisle;Yes;1657;Aisle
201295;Aisle;No;919;Aisle
201296;Aisle;No;1017;Aisle
201297;Front of Store;No;1073;Front of Store
201298;Front of Store;Yes;1486;Front of Store
201299;Aisle;Yes;1593;Aisle
201300;Front of Store;Yes;1493;Front of Store
201301;Aisle;No;956;Aisle
201302;End-cap;Yes;1426;End-cap
201303;Aisle;No;859;Aisle
201304;Aisle;No;734;Aisle
201305;End-cap;No;882;End-cap
201306;Aisle;Yes;1636;Aisle
201307;End-cap;No;911;End-cap
201308;End-cap;No;771;End-cap
201309;Front of Store;No;832;Front of Store
201310;End-cap;No;701;End-cap
201311;End-cap;Yes;1452;End-cap
201312;Front of Store;No;861;Front of Store
201313;Aisle;No;1157;Aisle
201314;Aisle;Yes;1131;Aisle
201315;Aisle;No;950;Aisle
201316;End-cap;No;805;End-cap
201317;Aisle;No;890;Aisle
201318;Aisle;Yes;1177;Aisle
201319;Aisle;No;927;Aisle
201320;Aisle;Yes;1240;Aisle
201321;Aisle;Yes;1286;Aisle
201322;Front of Store;No;940;Front of Store
201323;Aisle;No;859;Aisle
201324;Aisle;Yes;1393;Aisle
201325;End-cap;No;937;End-cap
201326;Front of Store;No;925;Front of Store
201327;Aisle;Yes;1652;Aisle
201328;Front of Store;No;979;Front of Store
201329;Aisle;No;859;Aisle
201330;Front of Store;Yes;1281;Front of Store
201331;End-cap;No;975;End-cap
201332;Front of Store;Yes;1447;Front of Store
201333;Aisle;No;878;Aisle
201334;End-cap;No;780;End-cap
201335;Front of Store;No;874;Front of Store
201336;End-cap;Yes;1563;End-cap
201337;End-cap;Yes;1434;End-cap
201338;Aisle;No;927;Aisle
201339;Front of Store;No;1052;Front of Store
201340;End-cap;No;868;End-cap
201341;Aisle;Yes;1607;Aisle
201342;Aisle;No;656;Aisle
201343;End-cap;No;826;End-cap
201344;Aisle;Yes;1217;Aisle
201345;Front of Store;No;826;Front of Store
201346;Front of Store;No;937;Front of Store
201347;End-cap;Yes;1452;End-cap
201348;End-cap;No;1028;End-cap
201349;Aisle;No;728;Aisle
201350;End-cap;Yes;1305;End-cap
201351;End-cap;Yes;1602;End-cap
201352;End-cap;Yes;1524;End-cap
201353;End-cap;Yes;1204;End-cap
201354;End-cap;Yes;1475;End-cap
201355;Front of Store;Yes;1292;Front of Store
201356;Aisle;Yes;1367;Aisle
201357;Front of Store;Yes;1641;Front of Store
201358;Aisle;Yes;1324;Aisle
201359;End-cap;Yes;1483;End-cap
201360;Front of Store;No;968;Front of Store
201361;Aisle;No;858;Aisle
201362;Aisle;Yes;1175;Aisle
201363;End-cap;No;965;End-cap
201364;Aisle;No;1101;Aisle
201365;Front of Store;No;804;Front of Store
201366;Aisle;No;708;Aisle
201367;Front of Store;No;1029;Front of Store
201368;End-cap;No;942;End-cap
201369;Aisle;Yes;1604;Aisle
201370;Aisle;No;760;Aisle
201371;End-cap;Yes;1517;End-cap
201372;Aisle;Yes;1462;Aisle
201373;Aisle;Yes;1455;Aisle
201374;Aisle;No;1081;Aisle
201375;Aisle;Yes;1504;Aisle
201376;Front of Store;Yes;1634;Front of Store
201377;Front of Store;Yes;1379;Front of Store
201378;Aisle;No;1091;Aisle
201379;End-cap;No;745;End-cap
201380;Aisle;Yes;1327;Aisle
201381;End-cap;No;793;End-cap
201382;Front of Store;Yes;1620;Front of Store
201383;Aisle;Yes;1356;Aisle
201384;End-cap;No;864;End-cap
201385;End-cap;Yes;1386;End-cap
201386;Aisle;Yes;1244;Aisle
201387;End-cap;Yes;1365;End-cap
201388;Aisle;Yes;1417;Aisle
201389;End-cap;No;887;End-cap
201390;End-cap;Yes;1738;End-cap
201391;End-cap;Yes;1160;End-cap
201392;Aisle;No;877;Aisle
201393;Front of Store;No;799;Front of Store
201394;Front of Store;No;787;Front of Store
201395;Aisle;No;840;Aisle
201396;Front of Store;Yes;1345;Front of Store
201397;Aisle;No;1063;Aisle
201398;Aisle;No;870;Aisle
201399;Aisle;No;889;Aisle
201400;End-cap;Yes;1382;End-cap
201401;End-cap;Yes;1224;End-cap
201402;End-cap;Yes;1445;End-cap
201403;Front of Store;No;1051;Front of Store
201404;Front of Store;Yes;1824;Front of Store
201405;End-cap;No;1066;End-cap
201406;Front of Store;Yes;1432;Front of Store
201407;End-cap;Yes;1065;End-cap
201408;Aisle;No;858;Aisle
201409;Aisle;No;1022;Aisle
201410;Front of Store;Yes;1327;Front of Store
201411;End-cap;No;665;End-cap
201412;End-cap;No;562;End-cap
201413;End-cap;No;1009;End-cap
201414;Aisle;Yes;1488;Aisle
201415;Aisle;Yes;1173;Aisle
201416;Aisle;Yes;1607;Aisle
201417;End-cap;No;961;End-cap
201418;Aisle;Yes;1416;Aisle
201419;End-cap;Yes;1325;End-cap
201420;End-cap;No;859;End-cap
201421;Aisle;Yes;1398;Aisle
201422;Front of Store;Yes;1784;Front of Store
201423;Front of Store;No;984;Front of Store
201424;Aisle;No;1009;Aisle
201425;Aisle;Yes;1262;Aisle
201426;Aisle;No;867;Aisle
201427;End-cap;No;830;End-cap
201428;End-cap;No;699;End-cap
201429;Front of Store;No;953;Front of Store
201430;End-cap;Yes;1431;End-cap
201431;Aisle;No;895;Aisle
201432;Front of Store;No;848;Front of Store
201433;End-cap;No;1061;End-cap
201434;Aisle;Yes;1442;Aisle
201435;End-cap;No;814;End-cap
201436;Front of Store;Yes;1187;Front of Store
201437;Aisle;No;903;Aisle
201438;Aisle;Yes;1425;Aisle
201439;Front of Store;Yes;1642;Front of Store
201440;Aisle;No;978;Aisle
201441;End-cap;No;776;End-cap
201442;Aisle;No;1080;Aisle
201443;Aisle;Yes;1471;Aisle
201444;End-cap;No;1017;End-cap
201445;Front of Store;No;874;Front of Store
201446;End-cap;No;947;End-cap
201447;Front of Store;No;1003;Front of Store
201448;Aisle;No;818;Aisle
201449;Front of Store;No;979;Front of Store
201450;End-cap;Yes;1251;End-cap
201451;End-cap;Yes;1252;End-cap
201452;Aisle;No;960;Aisle
201453;End-cap;Yes;1629;End-cap
201454;End-cap;No;831;End-cap
201455;End-cap;Yes;1154;End-cap
201456;Aisle;No;871;Aisle
201457;End-cap;No;942;End-cap
201458;Aisle;Yes;1230;Aisle
201459;Aisle;Yes;1239;Aisle
201460;Aisle;No;963;Aisle
201461;End-cap;No;832;End-cap
201462;End-cap;Yes;1208;End-cap
201463;Front of Store;Yes;1207;Front of Store
201464;End-cap;No;785;End-cap
201465;Front of Store;No;957;Front of Store
201466;Front of Store;Yes;1529;Front of Store
201467;End-cap;No;783;End-cap
201468;Front of Store;No;863;Front of Store
201469;Front of Store;Yes;1671;Front of Store
201470;Front of Store;No;709;Front of Store
201471;End-cap;No;795;End-cap
201472;Front of Store;No;765;Front of Store
201473;Aisle;No;1047;Aisle
201474;Front of Store;No;1061;Front of Store
201475;Aisle;No;728;Aisle
201476;Front of Store;No;1048;Front of Store
201477;End-cap;No;684;End-cap
201478;Aisle;No;743;Aisle
201479;End-cap;Yes;1457;End-cap
201480;Aisle;Yes;1547;Aisle
201481;End-cap;No;1055;End-cap
201482;Aisle;No;934;Aisle
201483;Front of Store;Yes;1287;Front of Store
201484;End-cap;No;862;End-cap
201485;End-cap;Yes;1417;End-cap
201486;End-cap;Yes;1236;End-cap
201487;End-cap;No;891;End-cap
201488;End-cap;No;985;End-cap
201489;Aisle;No;1056;Aisle
201490;Aisle;Yes;1396;Aisle
201491;End-cap;No;839;End-cap
201492;Aisle;No;910;Aisle
201493;End-cap;No;759;End-cap
201494;Aisle;Yes;1380;Aisle
201495;Aisle;Yes;1578;Aisle
201496;End-cap;Yes;1285;End-cap
201497;End-cap;Yes;1340;End-cap
201498;Aisle;No;763;Aisle
201499;Aisle;Yes;1425;Aisle
201500;Front of Store;Yes;1454;Front of Store
201501;Aisle;Yes;1391;Aisle
201502;Front of Store;Yes;1504;Front of Store
201503;End-cap;No;965;End-cap
201504;End-cap;Yes;1439;End-cap
201505;Aisle;No;955;Aisle
201506;Front of Store;No;869;Front of Store
201507;Front of Store;No;852;Front of Store
201508;Front of Store;Yes;1438;Front of Store
201509;Aisle;No;869;Aisle
201510;Front of Store;Yes;1638;Front of Store
201511;Aisle;No;729;Aisle
201512;Aisle;No;1137;Aisle
201513;End-cap;No;818;End-cap
201514;End-cap;Yes;1688;End-cap
201515;End-cap;No;816;End-cap
201516;Aisle;No;1000;Aisle
201517;Front of Store;No;621;Front of Store
201518;Aisle;Yes;1340;Aisle
201519;End-cap;No;909;End-cap
201520;End-cap;No;656;End-cap
201521;End-cap;No;992;End-cap
201522;End-cap;No;745;End-cap
201523;Aisle;Yes;1203;Aisle
201524;End-cap;Yes;1638;End-cap
201525;End-cap;Yes;1862;End-cap
201526;Front of Store;No;1089;Front of Store
201527;End-cap;Yes;1253;End-cap
201528;Aisle;No;1026;Aisle
201529;Aisle;No;944;Aisle
201530;End-cap;Yes;1142;End-cap
201531;End-cap;Yes;1411;End-cap
201532;Front of Store;No;966;Front of Store
201533;End-cap;Yes;1043;End-cap
201534;Aisle;Yes;1551;Aisle
201535;Aisle;No;866;Aisle
201536;End-cap;Yes;1529;End-cap
201537;Aisle;Yes;1445;Aisle
201538;End-cap;Yes;1473;End-cap
201539;End-cap;No;826;End-cap
201540;Aisle;Yes;1505;Aisle
201541;Aisle;No;895;Aisle
201542;Front of Store;No;746;Front of Store
201543;End-cap;No;872;End-cap
201544;End-cap;No;947;End-cap
201545;Front of Store;Yes;1480;Front of Store
201546;Front of Store;No;826;Front of Store
201547;Aisle;No;812;Aisle
201548;Front of Store;Yes;1285;Front of Store
201549;Aisle;Yes;1513;Aisle
201550;End-cap;No;741;End-cap
201551;Front of Store;No;1017;Front of Store
201552;Aisle;No;883;Aisle
201553;Front of Store;No;1040;Front of Store
201554;End-cap;Yes;1285;End-cap
201555;Aisle;No;837;Aisle
201556;Aisle;No;848;Aisle
201557;Aisle;No;890;Aisle
201558;Front of Store;No;763;Front of Store
201559;End-cap;No;800;End-cap
201560;End-cap;No;933;End-cap
201561;Aisle;Yes;1201;Aisle
201562;End-cap;No;902;End-cap
201563;End-cap;No;796;End-cap
201564;Front of Store;No;853;Front of Store
201565;End-cap;Yes;1306;End-cap
201566;End-cap;Yes;1208;End-cap
201567;Aisle;No;769;Aisle
201568;Front of Store;Yes;1398;Front of Store
201569;Aisle;No;886;Aisle
201570;End-cap;No;658;End-cap
201571;End-cap;No;783;End-cap
201572;Aisle;No;923;Aisle
201573;Aisle;No;690;Aisle
201574;End-cap;No;921;End-cap
201575;End-cap;No;1003;End-cap
201576;Aisle;No;793;Aisle
201577;End-cap;No;886;End-cap
201578;Front of Store;No;905;Front of Store
201579;Front of Store;Yes;1159;Front of Store
201580;End-cap;Yes;1451;End-cap
201581;End-cap;Yes;1587;End-cap
201582;End-cap;Yes;1281;End-cap
201583;Front of Store;No;987;Front of Store
201584;Aisle;Yes;1480;Aisle
201585;End-cap;Yes;1642;End-cap
201586;End-cap;No;1013;End-cap
201587;Front of Store;No;706;Front of Store
201588;Aisle;No;678;Aisle
201589;End-cap;No;755;End-cap
201590;End-cap;No;880;End-cap
201591;Aisle;Yes;1173;Aisle
201592;Front of Store;Yes;1649;Front of Store
201593;End-cap;No;883;End-cap
201594;Front of Store;No;805;Front of Store
201595;End-cap;Yes;1065;End-cap
201596;End-cap;Yes;1392;End-cap
201597;Aisle;No;802;Aisle
201598;Front of Store;No;691;Front of Store
201599;Front of Store;No;938;Front of Store
201600;End-cap;Yes;1408;End-cap
201601;End-cap;Yes;1543;End-cap
201602;End-cap;Yes;1557;End-cap
201603;End-cap;No;1087;End-cap
201604;Aisle;Yes;1534;Aisle
201605;Aisle;Yes;1314;Aisle
201606;Aisle;Yes;1222;Aisle
201607;Front of Store;Yes;1462;Front of Store
201608;Front of Store;No;906;Front of Store
201609;End-cap;No;1110;End-cap
201610;End-cap;No;744;End-cap
201611;Aisle;Yes;1579;Aisle
201612;End-cap;Yes;1439;End-cap
201613;Aisle;No;1036;Aisle
201614;Aisle;No;1013;Aisle
201615;Aisle;No;844;Aisle
201616;Front of Store;Yes;1314;Front of Store
201617;End-cap;Yes;1226;End-cap
201618;Front of Store;No;833;Front of Store
201619;Aisle;No;719;Aisle
201620;Front of Store;Yes;1161;Front of Store
201621;Aisle;No;763;Aisle
201622;Aisle;Yes;1227;Aisle
201623;Front of Store;Yes;1430;Front of Store
201624;Front of Store;No;827;Front of Store
201625;Aisle;No;1118;Aisle
201626;Front of Store;Yes;1549;Front of Store
201627;Front of Store;No;986;Front of Store
201628;Aisle;No;728;Aisle
201629;Front of Store;No;911;Front of Store
201630;End-cap;No;931;End-cap
201631;Front of Store;No;817;Front of Store
201632;End-cap;No;879;End-cap
201633;End-cap;No;822;End-cap
201634;Front of Store;Yes;1440;Front of Store
201635;Aisle;No;829;Aisle
201636;End-cap;Yes;1182;End-cap
201637;Aisle;No;920;Aisle
201638;Front of Store;No;828;Front of Store
201639;End-cap;No;916;End-cap
201640;Front of Store;No;938;Front of Store
201641;Aisle;No;866;Aisle
201642;Aisle;Yes;1336;Aisle
201643;End-cap;No;686;End-cap
201644;Aisle;No;868;Aisle
201645;Aisle;No;1024;Aisle
201646;Front of Store;No;821;Front of Store
201647;Aisle;Yes;1366;Aisle
201648;End-cap;Yes;1443;End-cap
201649;End-cap;No;1022;End-cap
201650;End-cap;Yes;1538;End-cap
201651;Front of Store;Yes;1603;Front of Store
201652;End-cap;Yes;1283;End-cap
201653;End-cap;No;921;End-cap
201654;End-cap;No;952;End-cap
201655;Aisle;No;887;Aisle
201656;Front of Store;No;1082;Front of Store
201657;Aisle;Yes;1375;Aisle
201658;Aisle;Yes;1228;Aisle
201659;End-cap;Yes;1364;End-cap
201660;Aisle;No;996;Aisle
201661;Aisle;Yes;1577;Aisle
201662;End-cap;Yes;1271;End-cap
201663;End-cap;Yes;1516;End-cap
201664;Aisle;Yes;1462;Aisle
201665;Aisle;No;1053;Aisle
201666;Aisle;No;866;Aisle
201667;End-cap;No;761;End-cap
201668;Front of Store;No;871;Front of Store
201669;Front of Store;Yes;1677;Front of Store
201670;Aisle;No;1054;Aisle
201671;Front of Store;No;712;Front of Store
201672;End-cap;No;628;End-cap
201673;End-cap;Yes;1344;End-cap
201674;Front of Store;No;731;Front of Store
201675;Front of Store;No;1096;Front of Store
201676;End-cap;Yes;1390;End-cap
201677;Aisle;No;754;Aisle
201678;Front of Store;No;967;Front of Store
201679;Aisle;No;944;Aisle
201680;Aisle;Yes;1554;Aisle
201681;End-cap;Yes;1398;End-cap
201682;Aisle;No;864;Aisle
201683;Aisle;No;826;Aisle
201684;End-cap;No;996;End-cap
201685;Front of Store;Yes;1260;Front of Store
201686;Aisle;No;845;Aisle
201687;Front of Store;No;886;Front of Store
201688;Aisle;Yes;1374;Aisle
201689;End-cap;No;945;End-cap
201690;Front of Store;No;877;Front of Store
201691;Aisle;Yes;1261;Aisle
201692;Aisle;No;963;Aisle
201693;Front of Store;Yes;1258;Front of Store
201694;End-cap;No;702;End-cap
201695;End-cap;No;863;End-cap
201696;End-cap;No;694;End-cap
201697;End-cap;Yes;1306;End-cap
201698;Aisle;No;927;Aisle
201699;Aisle;No;915;Aisle
201700;Front of Store;No;764;Front of Store
201701;End-cap;No;974;End-cap
201702;End-cap;No;1010;End-cap
201703;Aisle;No;905;Aisle
201704;Front of Store;No;718;Front of Store
201705;Front of Store;No;919;Front of Store
201706;Aisle;No;874;Aisle
201707;Front of Store;No;613;Front of Store
201708;Aisle;No;754;Aisle
201709;End-cap;Yes;1516;End-cap
201710;Aisle;No;743;Aisle
201711;Aisle;No;727;Aisle
201712;Front of Store;No;736;Front of Store
201713;End-cap;No;714;End-cap
201714;Front of Store;No;898;Front of Store
201715;End-cap;Yes;1475;End-cap
201716;Front of Store;Yes;1449;Front of Store
201717;Front of Store;No;846;Front of Store
201718;Front of Store;No;918;Front of Store
201719;Aisle;Yes;1256;Aisle
201720;Front of Store;Yes;1718;Front of Store
201721;Aisle;Yes;1494;Aisle
201722;Front of Store;Yes;1267;Front of Store
201723;End-cap;Yes;1366;End-cap
201724;Aisle;No;926;Aisle
201725;End-cap;Yes;1511;End-cap
201726;Aisle;No;892;Aisle
201727;Aisle;Yes;1426;Aisle
201728;Aisle;No;849;Aisle
201729;Aisle;No;711;Aisle
201730;End-cap;No;773;End-cap
201731;Front of Store;No;866;Front of Store
201732;Front of Store;Yes;1234;Front of Store
201733;End-cap;No;943;End-cap
201734;Aisle;No;881;Aisle
201735;Front of Store;No;796;Front of Store
201736;End-cap;Yes;1226;End-cap
201737;Aisle;No;886;Aisle
201738;End-cap;No;897;End-cap
201739;End-cap;No;857;End-cap
201740;Aisle;No;751;Aisle
201741;Aisle;No;1055;Aisle
201742;Front of Store;No;862;Front of Store
201743;End-cap;Yes;1493;End-cap
201744;Aisle;No;822;Aisle
201745;Front of Store;No;708;Front of Store
201746;End-cap;No;947;End-cap
201747;End-cap;No;929;End-cap
201748;Front of Store;No;803;Front of Store
201749;Aisle;Yes;1439;Aisle
201750;Aisle;No;825;Aisle
201751;End-cap;No;813;End-cap
201752;End-cap;No;882;End-cap
201753;Aisle;Yes;1242;Aisle
201754;Aisle;No;920;Aisle
201755;End-cap;No;979;End-cap
201756;Front of Store;No;823;Front of Store
201757;Aisle;Yes;1536;Aisle
201758;Front of Store;Yes;1528;Front of Store
201759;End-cap;No;821;End-cap
201760;Aisle;No;899;Aisle
201761;End-cap;Yes;1671;End-cap
201762;Front of Store;Yes;1270;Front of Store
201763;End-cap;Yes;1360;End-cap
201764;End-cap;Yes;1636;End-cap
201765;Front of Store;No;740;Front of Store
201766;Aisle;No;947;Aisle
201767;Aisle;No;898;Aisle
201768;End-cap;Yes;1172;End-cap
201769;Front of Store;Yes;1510;Front of Store
201770;Aisle;No;961;Aisle
201771;End-cap;Yes;1404;End-cap
201772;Aisle;No;1086;Aisle
201773;Front of Store;Yes;1481;Front of Store
201774;Front of Store;Yes;1242;Front of Store
201775;Aisle;No;1048;Aisle
201776;Aisle;No;1049;Aisle
201777;Front of Store;No;896;Front of Store
201778;Aisle;No;928;Aisle
201779;End-cap;Yes;1558;End-cap
201780;End-cap;Yes;1163;End-cap
201781;Aisle;Yes;1507;Aisle
201782;Front of Store;Yes;1366;Front of Store
201783;Front of Store;Yes;1719;Front of Store
201784;Front of Store;Yes;1115;Front of Store
201785;Aisle;Yes;1203;Aisle
201786;End-cap;No;698;End-cap
201787;End-cap;No;771;End-cap
201788;Front of Store;Yes;1017;Front of Store
201789;Aisle;No;862;Aisle
201790;End-cap;Yes;1682;End-cap
201791;Front of Store;Yes;1334;Front of Store
201792;Aisle;No;896;Aisle
201793;Aisle;No;795;Aisle
201794;Aisle;No;884;Aisle
201795;Aisle;Yes;1341;Aisle
201796;Aisle;No;930;Aisle
201797;Aisle;No;630;Aisle
201798;Aisle;Yes;1339;Aisle
201799;Aisle;Yes;1152;Aisle
201800;Front of Store;No;661;Front of Store
201801;Aisle;No;736;Aisle
201802;End-cap;Yes;1371;End-cap
201803;Aisle;Yes;1242;Aisle
201804;End-cap;Yes;1693;End-cap
201805;Front of Store;Yes;1353;Front of Store
201806;Front of Store;Yes;1616;Front of Store
201807;Aisle;Yes;1366;Aisle
201808;End-cap;Yes;1385;End-cap
201809;End-cap;Yes;1410;End-cap
201810;Aisle;No;744;Aisle
201811;End-cap;Yes;1623;End-cap
201812;End-cap;No;924;End-cap
201813;Aisle;No;891;Aisle
201814;Front of Store;No;894;Front of Store
201815;End-cap;Yes;1237;End-cap
201816;Aisle;Yes;1596;Aisle
201817;End-cap;No;843;End-cap
201818;End-cap;Yes;1443;End-cap
201819;Front of Store;Yes;1401;Front of Store
201820;End-cap;No;821;End-cap
201821;End-cap;No;927;End-cap
201822;End-cap;Yes;1336;End-cap
201823;Front of Store;No;819;Front of Store
201824;End-cap;No;881;End-cap
201825;Aisle;No;817;Aisle
201826;End-cap;Yes;1248;End-cap
201827;Front of Store;Yes;1617;Front of Store
201828;Aisle;No;728;Aisle
201829;Aisle;Yes;1550;Aisle
201830;End-cap;Yes;1336;End-cap
201831;Aisle;No;1029;Aisle
201832;Front of Store;No;871;Front of Store
201833;Front of Store;No;823;Front of Store
201834;Aisle;No;940;Aisle
201835;Front of Store;No;913;Front of Store
201836;End-cap;Yes;1567;End-cap
201837;Front of Store;Yes;1208;Front of Store
201838;Front of Store;No;854;Front of Store
201839;End-cap;No;629;End-cap
201840;Aisle;No;789;Aisle
201841;End-cap;Yes;1478;End-cap
201842;End-cap;Yes;1514;End-cap
201843;End-cap;No;819;End-cap
201844;Front of Store;Yes;1305;Front of Store
201845;End-cap;Yes;1387;End-cap
201846;Front of Store;No;859;Front of Store
201847;End-cap;No;830;End-cap
201848;End-cap;No;847;End-cap
201849;End-cap;No;1009;End-cap
201850;Aisle;Yes;1547;Aisle
201851;End-cap;No;887;End-cap
201852;Front of Store;Yes;1118;Front of Store
201853;Aisle;Yes;1454;Aisle
201854;End-cap;Yes;1369;End-cap
201855;Front of Store;Yes;1241;Front of Store
201856;Aisle;Yes;1377;Aisle
201857;Front of Store;No;1075;Front of Store
201858;Aisle;Yes;1493;Aisle
201859;End-cap;Yes;1691;End-cap
201860;Aisle;Yes;1271;Aisle
201861;Front of Store;No;742;Front of Store
201862;Aisle;No;808;Aisle
201863;Aisle;Yes;1446;Aisle
201864;End-cap;No;783;End-cap
201865;Front of Store;No;1066;Front of Store
201866;Aisle;Yes;1152;Aisle
201867;Front of Store;No;985;Front of Store
201868;Front of Store;Yes;1426;Front of Store
201869;Front of Store;No;839;Front of Store
201870;End-cap;No;915;End-cap
201871;Front of Store;Yes;1614;Front of Store
201872;Aisle;No;946;Aisle
201873;End-cap;No;735;End-cap
201874;Aisle;No;924;Aisle
201875;End-cap;Yes;1559;End-cap
201876;Aisle;No;754;Aisle
201877;Aisle;Yes;1500;Aisle
201878;Aisle;No;837;Aisle
201879;Front of Store;Yes;1131;Front of Store
201880;Front of Store;Yes;1372;Front of Store
201881;Front of Store;Yes;1577;Front of Store
201882;Front of Store;No;819;Front of Store
201883;Aisle;Yes;1326;Aisle
201884;Front of Store;Yes;1386;Front of Store
201885;Front of Store;No;751;Front of Store
201886;End-cap;No;847;End-cap
201887;Aisle;No;825;Aisle
201888;Front of Store;Yes;1648;Front of Store
201889;Aisle;Yes;1375;Aisle
201890;Aisle;No;968;Aisle
201891;Aisle;No;938;Aisle
201892;Aisle;Yes;1425;Aisle
201893;End-cap;No;829;End-cap
201894;End-cap;Yes;1606;End-cap
201895;Aisle;No;810;Aisle
201896;Front of Store;Yes;1324;Front of Store
201897;End-cap;Yes;1257;End-cap
201898;Front of Store;Yes;1098;Front of Store
201899;Aisle;Yes;1122;Aisle
201900;Aisle;No;879;Aisle
201901;End-cap;No;991;End-cap
201902;End-cap;No;610;End-cap
201903;Aisle;No;879;Aisle
201904;Front of Store;Yes;1308;Front of Store
201905;Front of Store;Yes;1707;Front of Store
201906;Aisle;No;982;Aisle
201907;Aisle;No;760;Aisle
201908;End-cap;No;826;End-cap
201909;End-cap;Yes;1389;End-cap
201910;Aisle;Yes;1709;Aisle
201911;Front of Store;No;789;Front of Store
201912;Aisle;Yes;1607;Aisle
201913;End-cap;No;902;End-cap
201914;Aisle;No;876;Aisle
201915;Aisle;Yes;1572;Aisle
201916;End-cap;No;839;End-cap
201917;Aisle;Yes;1261;Aisle
201918;End-cap;No;788;End-cap
201919;Front of Store;No;1133;Front of Store
201920;End-cap;Yes;1678;End-cap
201921;Aisle;No;960;Aisle
201922;Front of Store;Yes;1712;Front of Store
201923;End-cap;Yes;1432;End-cap
201924;Aisle;Yes;1400;Aisle
201925;Front of Store;No;783;Front of Store
201926;End-cap;Yes;1413;End-cap
201927;Aisle;No;747;Aisle
201928;End-cap;No;789;End-cap
201929;Aisle;No;736;Aisle
201930;End-cap;No;796;End-cap
201931;Aisle;Yes;1062;Aisle
201932;Front of Store;No;698;Front of Store
201933;Aisle;No;833;Aisle
201934;Aisle;Yes;1483;Aisle
201935;Aisle;No;716;Aisle
201936;End-cap;Yes;1524;End-cap
201937;End-cap;No;953;End-cap
201938;Front of Store;Yes;1524;Front of Store
201939;End-cap;No;897;End-cap
201940;Aisle;No;975;Aisle
201941;Front of Store;No;986;Front of Store
201942;Aisle;No;957;Aisle
201943;End-cap;Yes;1623;End-cap
201944;Aisle;Yes;1212;Aisle
201945;Front of Store;Yes;1512;Front of Store
201946;Aisle;No;833;Aisle
201947;Front of Store;No;806;Front of Store
201948;Aisle;No;985;Aisle
201949;End-cap;Yes;1549;End-cap
201950;Front of Store;No;887;Front of Store
201951;End-cap;No;936;End-cap
201952;Front of Store;No;959;Front of Store
201953;Aisle;Yes;1573;Aisle
201954;Front of Store;No;1128;Front of Store
201955;End-cap;No;672;End-cap
201956;End-cap;Yes;1319;End-cap
201957;End-cap;No;641;End-cap
201958;Aisle;No;860;Aisle
201959;Aisle;Yes;1434;Aisle
201960;Aisle;Yes;1216;Aisle
201961;End-cap;No;699;End-cap
201962;Front of Store;Yes;1292;Front of Store
201963;Aisle;No;895;Aisle
201964;Front of Store;No;829;Front of Store
201965;Front of Store;Yes;1295;Front of Store
201966;Front of Store;No;821;Front of Store
201967;Front of Store;No;750;Front of Store
201968;Front of Store;Yes;1415;Front of Store
201969;End-cap;Yes;1350;End-cap
201970;End-cap;Yes;1518;End-cap
201971;End-cap;No;830;End-cap
201972;Aisle;No;945;Aisle
201973;Front of Store;Yes;1318;Front of Store
201974;Aisle;No;972;Aisle
201975;Front of Store;Yes;1143;Front of Store
201976;Front of Store;No;836;Front of Store
201977;Front of Store;No;1049;Front of Store
201978;End-cap;No;884;End-cap
201979;End-cap;Yes;1370;End-cap
201980;Aisle;No;830;Aisle
201981;Front of Store;Yes;1309;Front of Store
201982;Aisle;No;773;Aisle
201983;Aisle;No;667;Aisle
201984;Aisle;Yes;1556;Aisle
201985;Aisle;Yes;1359;Aisle
201986;Front of Store;Yes;1221;Front of Store
201987;End-cap;No;720;End-cap
201988;End-cap;Yes;1319;End-cap
201989;End-cap;No;854;End-cap
201990;End-cap;No;824;End-cap
201991;Aisle;No;935;Aisle
201992;End-cap;Yes;1538;End-cap
201993;Front of Store;No;763;Front of Store
201994;Aisle;No;1020;Aisle
201995;Front of Store;Yes;1048;Front of Store
201996;Aisle;No;1052;Aisle
201997;Front of Store;No;813;Front of Store
201998;Front of Store;No;885;Front of Store
201999;End-cap;No;913;End-cap
202000;Aisle;Yes;1431;Aisle
202001;Aisle;Yes;1538;Aisle
202002;Front of Store;Yes;1216;Front of Store
202003;Front of Store;No;863;Front of Store
202004;End-cap;Yes;1457;End-cap
202005;Aisle;No;776;Aisle
202006;Front of Store;No;789;Front of Store
202007;Aisle;No;862;Aisle
202008;End-cap;Yes;1292;End-cap
202009;End-cap;Yes;1573;End-cap
202010;Aisle;Yes;1532;Aisle
202011;Aisle;Yes;1175;Aisle
202012;Front of Store;Yes;1565;Front of Store
202013;Front of Store;Yes;1321;Front of Store
202014;Aisle;Yes;1499;Aisle
202015;Aisle;No;823;Aisle
202016;Front of Store;No;827;Front of Store
202017;End-cap;Yes;1546;End-cap
202018;Aisle;No;939;Aisle
202019;End-cap;No;804;End-cap
202020;Aisle;No;756;Aisle
202021;End-cap;No;873;End-cap
202022;End-cap;No;872;End-cap
202023;Front of Store;No;695;Front of Store
202024;End-cap;No;806;End-cap
202025;End-cap;No;896;End-cap
202026;End-cap;Yes;1538;End-cap
202027;Front of Store;Yes;1493;Front of Store
202028;Front of Store;Yes;1566;Front of Store
202029;Front of Store;Yes;1607;Front of Store
202030;Front of Store;Yes;1277;Front of Store
202031;Aisle;No;734;Aisle
202032;End-cap;Yes;1460;End-cap
202033;Front of Store;Yes;1615;Front of Store
202034;End-cap;No;1069;End-cap
202035;Front of Store;No;819;Front of Store
202036;End-cap;No;974;End-cap
202037;Aisle;Yes;1309;Aisle
202038;Front of Store;Yes;1725;Front of Store
202039;End-cap;No;746;End-cap
202040;End-cap;Yes;1681;End-cap
202041;Aisle;No;880;Aisle
202042;End-cap;Yes;1392;End-cap
202043;Aisle;Yes;1215;Aisle
202044;Front of Store;No;834;Front of Store
202045;Aisle;No;895;Aisle
202046;Front of Store;Yes;1260;Front of Store
202047;Front of Store;Yes;1280;Front of Store
202048;End-cap;Yes;1510;End-cap
202049;Front of Store;No;841;Front of Store
202050;Front of Store;No;776;Front of Store
202051;Aisle;Yes;1442;Aisle
202052;Front of Store;No;850;Front of Store
202053;Front of Store;No;848;Front of Store
202054;Aisle;No;997;Aisle
202055;Front of Store;No;889;Front of Store
202056;End-cap;No;618;End-cap
202057;Front of Store;No;834;Front of Store
202058;Aisle;No;819;Aisle
202059;End-cap;Yes;1628;End-cap
202060;Front of Store;No;848;Front of Store
202061;End-cap;Yes;1807;End-cap
202062;End-cap;No;852;End-cap
202063;Aisle;No;800;Aisle
202064;End-cap;Yes;1129;End-cap
202065;Aisle;Yes;1377;Aisle
202066;Front of Store;Yes;1384;Front of Store
202067;Aisle;Yes;1393;Aisle
202068;Front of Store;Yes;1500;Front of Store
202069;End-cap;No;1032;End-cap
202070;Aisle;Yes;1353;Aisle
202071;Aisle;No;1042;Aisle
202072;Aisle;No;895;Aisle
202073;End-cap;Yes;1368;End-cap
202074;End-cap;No;1102;End-cap
202075;End-cap;No;978;End-cap
202076;End-cap;No;889;End-cap
202077;Front of Store;No;883;Front of Store
202078;Front of Store;No;914;Front of Store
202079;Front of Store;No;860;Front of Store
202080;End-cap;Yes;1220;End-cap
202081;Aisle;Yes;1724;Aisle
202082;Aisle;No;991;Aisle
202083;Front of Store;Yes;1357;Front of Store
202084;End-cap;Yes;1382;End-cap
202085;Aisle;No;856;Aisle
202086;Aisle;Yes;1197;Aisle
202087;Front of Store;Yes;1293;Front of Store
202088;Front of Store;Yes;1247;Front of Store
202089;Aisle;No;835;Aisle
202090;Aisle;Yes;1549;Aisle
202091;Aisle;No;712;Aisle
202092;Aisle;No;764;Aisle
202093;End-cap;No;963;End-cap
202094;Front of Store;No;762;Front of Store
202095;End-cap;No;610;End-cap
202096;Aisle;Yes;1171;Aisle
202097;Aisle;No;662;Aisle
202098;End-cap;Yes;1505;End-cap
202099;Front of Store;Yes;1433;Front of Store
202100;End-cap;Yes;1690;End-cap
202101;Aisle;No;990;Aisle
202102;End-cap;No;786;End-cap
202103;Aisle;No;763;Aisle
202104;Front of Store;No;852;Front of Store
202105;Aisle;Yes;1461;Aisle
202106;Aisle;Yes;1461;Aisle
202107;End-cap;Yes;1330;End-cap
202108;Aisle;No;838;Aisle
202109;Front of Store;Yes;1373;Front of Store
202110;Aisle;Yes;1359;Aisle
202111;End-cap;No;732;End-cap
202112;Front of Store;Yes;1392;Front of Store
202113;Aisle;No;720;Aisle
202114;Aisle;No;978;Aisle
202115;End-cap;No;906;End-cap
202116;Front of Store;Yes;1364;Front of Store
202117;Aisle;Yes;1283;Aisle
202118;End-cap;No;934;End-cap
202119;Front of Store;No;689;Front of Store
202120;End-cap;Yes;1354;End-cap
202121;Aisle;No;998;Aisle
202122;Front of Store;Yes;1193;Front of Store
202123;Front of Store;No;929;Front of Store
202124;End-cap;Yes;1384;End-cap
202125;End-cap;Yes;1353;End-cap
202126;Aisle;Yes;1471;Aisle
202127;End-cap;No;1117;End-cap
202128;Aisle;Yes;1271;Aisle
202129;End-cap;No;900;End-cap
202130;Aisle;Yes;1383;Aisle
202131;Aisle;Yes;1279;Aisle
202132;Front of Store;No;935;Front of Store
202133;End-cap;Yes;1654;End-cap
202134;Aisle;Yes;1321;Aisle
202135;Aisle;No;801;Aisle
202136;Aisle;Yes;1569;Aisle
202137;Aisle;No;648;Aisle
202138;Aisle;Yes;1540;Aisle
202139;End-cap;Yes;1424;End-cap
202140;Aisle;No;832;Aisle
202141;Aisle;No;1070;Aisle
202142;Aisle;No;795;Aisle
202143;Front of Store;No;907;Front of Store
202144;End-cap;Yes;1395;End-cap
202145;Aisle;Yes;1721;Aisle
202146;End-cap;No;670;End-cap
202147;Front of Store;Yes;1417;Front of Store
202148;Front of Store;No;920;Front of Store
202149;End-cap;No;712;End-cap
202150;Aisle;No;880;Aisle
202151;End-cap;Yes;1520;End-cap
202152;Aisle;No;921;Aisle
202153;End-cap;No;876;End-cap
202154;Aisle;No;723;Aisle
202155;End-cap;No;839;End-cap
202156;End-cap;Yes;1263;End-cap
202157;End-cap;No;827;End-cap
202158;End-cap;Yes;1759;End-cap
202159;Aisle;No;859;Aisle
202160;End-cap;No;920;End-cap
202161;Front of Store;Yes;1398;Front of Store
202162;End-cap;Yes;1647;End-cap
202163;Front of Store;No;830;Front of Store
202164;Aisle;Yes;1464;Aisle
202165;Front of Store;Yes;1321;Front of Store
202166;End-cap;Yes;1449;End-cap
202167;Aisle;No;908;Aisle
202168;Aisle;Yes;1228;Aisle
202169;Front of Store;No;850;Front of Store
202170;End-cap;No;929;End-cap
202171;Aisle;No;815;Aisle
202172;End-cap;No;802;End-cap
202173;Front of Store;No;1082;Front of Store
202174;End-cap;No;749;End-cap
202175;Front of Store;No;999;Front of Store
202176;End-cap;No;996;End-cap
202177;Front of Store;No;845;Front of Store
202178;End-cap;Yes;1346;End-cap
202179;End-cap;No;738;End-cap
202180;Aisle;Yes;1396;Aisle
202181;Front of Store;Yes;1252;Front of Store
202182;End-cap;No;801;End-cap
202183;Aisle;No;962;Aisle
202184;End-cap;No;633;End-cap
202185;End-cap;No;837;End-cap
202186;End-cap;Yes;1675;End-cap
202187;Aisle;Yes;1422;Aisle
202188;End-cap;No;688;End-cap
202189;Aisle;No;804;Aisle
202190;Aisle;Yes;1225;Aisle
202191;Aisle;Yes;1597;Aisle
202192;Front of Store;Yes;1587;Front of Store
202193;End-cap;No;1062;End-cap
202194;Aisle;No;893;Aisle
202195;End-cap;No;887;End-cap
202196;Aisle;No;902;Aisle
202197;Aisle;No;955;Aisle
202198;End-cap;Yes;1359;End-cap
202199;End-cap;No;759;End-cap
202200;End-cap;No;915;End-cap
202201;End-cap;No;828;End-cap
202202;End-cap;No;977;End-cap
202203;Front of Store;Yes;1744;Front of Store
202204;End-cap;Yes;1311;End-cap
202205;Aisle;No;889;Aisle
202206;Front of Store;No;922;Front of Store
202207;Aisle;Yes;1533;Aisle
202208;Aisle;No;858;Aisle
202209;Front of Store;Yes;1281;Front of Store
202210;Front of Store;No;1031;Front of Store
202211;Front of Store;No;855;Front of Store
202212;Front of Store;No;1021;Front of Store
202213;Aisle;Yes;1687;Aisle
202214;End-cap;No;903;End-cap
202215;Front of Store;Yes;1394;Front of Store
202216;End-cap;Yes;1274;End-cap
202217;Front of Store;No;964;Front of Store
202218;End-cap;No;844;End-cap
202219;End-cap;Yes;1623;End-cap
202220;Aisle;No;984;Aisle
202221;Aisle;No;838;Aisle
202222;End-cap;Yes;1494;End-cap
202223;Aisle;No;1090;Aisle
202224;End-cap;Yes;1229;End-cap
202225;Aisle;Yes;1667;Aisle
202226;End-cap;No;1028;End-cap
202227;End-cap;No;897;End-cap
202228;End-cap;No;795;End-cap
202229;End-cap;Yes;1434;End-cap
202230;End-cap;Yes;1474;End-cap
202231;Front of Store;Yes;1397;Front of Store
202232;Aisle;No;959;Aisle
202233;Aisle;No;733;Aisle
202234;End-cap;No;776;End-cap
202235;Front of Store;No;900;Front of Store
202236;Front of Store;No;930;Front of Store
202237;Front of Store;Yes;1212;Front of Store
202238;Front of Store;Yes;1109;Front of Store
202239;Aisle;No;1055;Aisle
202240;Front of Store;Yes;1474;Front of Store
202241;End-cap;No;841;End-cap
202242;Aisle;No;855;Aisle
202243;Aisle;No;949;Aisle
202244;End-cap;Yes;1375;End-cap
202245;End-cap;Yes;1610;End-cap
202246;End-cap;No;938;End-cap
202247;End-cap;Yes;1400;End-cap
202248;End-cap;Yes;1156;End-cap
202249;Front of Store;No;1046;Front of Store
202250;Front of Store;No;901;Front of Store
202251;End-cap;Yes;1376;End-cap
202252;End-cap;No;850;End-cap
202253;Front of Store;Yes;1432;Front of Store
202254;Front of Store;No;920;Front of Store
202255;Aisle;No;729;Aisle
202256;Front of Store;Yes;1633;Front of Store
202257;Aisle;Yes;1345;Aisle
202258;End-cap;Yes;1351;End-cap
202259;End-cap;Yes;1562;End-cap
202260;End-cap;No;848;End-cap
202261;Front of Store;No;997;Front of Store
202262;Aisle;No;907;Aisle
202263;End-cap;No;816;End-cap
202264;End-cap;No;907;End-cap
202265;End-cap;Yes;1364;End-cap
202266;Aisle;No;927;Aisle
202267;Front of Store;Yes;1586;Front of Store
202268;Aisle;No;847;Aisle
202269;Aisle;Yes;1294;Aisle
202270;Aisle;Yes;1066;Aisle
202271;End-cap;Yes;1307;End-cap
202272;Aisle;No;952;Aisle
202273;End-cap;No;681;End-cap
202274;End-cap;No;1014;End-cap
202275;Front of Store;No;976;Front of Store
202276;Front of Store;No;654;Front of Store
202277;End-cap;No;933;End-cap
202278;Aisle;No;844;Aisle
202279;End-cap;No;790;End-cap
202280;Aisle;No;817;Aisle
202281;Aisle;Yes;1424;Aisle
202282;End-cap;No;1025;End-cap
202283;End-cap;No;798;End-cap
202284;End-cap;No;891;End-cap
202285;Aisle;No;926;Aisle
202286;Aisle;Yes;1504;Aisle
202287;Front of Store;No;962;Front of Store
202288;Aisle;No;900;Aisle
202289;Front of Store;Yes;1469;Front of Store
202290;Aisle;Yes;1520;Aisle
202291;End-cap;No;958;End-cap
202292;Aisle;Yes;1102;Aisle
202293;End-cap;Yes;1562;End-cap
202294;End-cap;No;809;End-cap
202295;Front of Store;Yes;1437;Front of Store
202296;End-cap;Yes;1352;End-cap
202297;Front of Store;No;741;Front of Store
202298;End-cap;No;1032;End-cap
202299;Aisle;No;794;Aisle
202300;Front of Store;No;851;Front of Store
202301;Aisle;Yes;1489;Aisle
202302;End-cap;Yes;1180;End-cap
202303;Front of Store;Yes;1451;Front of Store
202304;End-cap;No;1008;End-cap
202305;Aisle;No;1038;Aisle
202306;End-cap;No;958;End-cap
202307;Front of Store;No;754;Front of Store
202308;Aisle;Yes;1537;Aisle
202309;Aisle;No;944;Aisle
202310;End-cap;No;910;End-cap
202311;End-cap;No;890;End-cap
202312;Front of Store;Yes;1173;Front of Store
202313;Aisle;No;999;Aisle
202314;Aisle;Yes;1523;Aisle
202315;Front of Store;No;1025;Front of Store
202316;Aisle;No;718;Aisle
202317;Aisle;Yes;1222;Aisle
202318;End-cap;Yes;1624;End-cap
202319;Front of Store;No;899;Front of Store
202320;Aisle;Yes;1644;Aisle
202321;End-cap;Yes;1251;End-cap
202322;Aisle;Yes;1520;Aisle
202323;Front of Store;No;875;Front of Store
202324;Front of Store;No;880;Front of Store
202325;End-cap;No;951;End-cap
202326;End-cap;No;886;End-cap
202327;Front of Store;Yes;1268;Front of Store
202328;Aisle;Yes;1189;Aisle
202329;Aisle;No;813;Aisle
202330;End-cap;No;858;End-cap
202331;Front of Store;No;901;Front of Store
202332;End-cap;No;820;End-cap
202333;Aisle;Yes;1326;Aisle
202334;Front of Store;No;826;Front of Store
202335;End-cap;No;924;End-cap
202336;Aisle;Yes;1392;Aisle
202337;End-cap;Yes;1202;End-cap
202338;Front of Store;No;929;Front of Store
202339;Aisle;No;705;Aisle
202340;End-cap;No;739;End-cap
202341;Aisle;Yes;1536;Aisle
202342;Front of Store;No;933;Front of Store
202343;End-cap;No;869;End-cap
202344;Front of Store;Yes;1332;Front of Store
202345;Front of Store;No;911;Front of Store
202346;End-cap;No;726;End-cap
202347;Aisle;No;974;Aisle
202348;End-cap;No;1068;End-cap
202349;End-cap;No;916;End-cap
202350;Aisle;Yes;1297;Aisle
202351;Front of Store;No;882;Front of Store
202352;Aisle;No;853;Aisle
202353;Aisle;No;901;Aisle
202354;Aisle;Yes;1490;Aisle
202355;End-cap;No;897;End-cap
202356;Aisle;Yes;1375;Aisle
202357;Aisle;No;1209;Aisle
202358;End-cap;No;1041;End-cap
202359;Front of Store;No;815;Front of Store
202360;Front of Store;Yes;1395;Front of Store
202361;Aisle;Yes;1532;Aisle
202362;Aisle;Yes;1405;Aisle
202363;Aisle;Yes;1649;Aisle
202364;End-cap;No;817;End-cap
202365;Front of Store;No;1100;Front of Store
202366;Aisle;Yes;1271;Aisle
202367;End-cap;No;1042;End-cap
202368;Front of Store;No;774;Front of Store
202369;Front of Store;No;1102;Front of Store
202370;Aisle;No;1032;Aisle
202371;End-cap;Yes;1407;End-cap
202372;End-cap;No;745;End-cap
202373;Front of Store;No;705;Front of Store
202374;Aisle;No;942;Aisle
202375;End-cap;No;826;End-cap
202376;End-cap;No;829;End-cap
202377;Aisle;No;906;Aisle
202378;End-cap;No;752;End-cap
202379;Aisle;No;799;Aisle
202380;Aisle;Yes;1494;Aisle
202381;Front of Store;No;1039;Front of Store
202382;Front of Store;Yes;1696;Front of Store
202383;Aisle;Yes;1206;Aisle
202384;Aisle;No;812;Aisle
202385;Front of Store;Yes;1435;Front of Store
202386;End-cap;Yes;1392;End-cap
202387;Aisle;No;1095;Aisle
202388;End-cap;Yes;1329;End-cap
202389;Aisle;Yes;1454;Aisle
202390;End-cap;Yes;1357;End-cap
202391;Front of Store;No;963;Front of Store
202392;End-cap;No;840;End-cap
202393;End-cap;No;969;End-cap
202394;Aisle;Yes;1699;Aisle
202395;End-cap;Yes;1570;End-cap
202396;Aisle;No;1032;Aisle
202397;Aisle;Yes;1316;Aisle
202398;End-cap;No;787;End-cap
202399;Front of Store;No;864;Front of Store
202400;End-cap;No;885;End-cap
202401;Aisle;Yes;1475;Aisle
202402;Aisle;Yes;1285;Aisle
202403;Front of Store;No;729;Front of Store
202404;Front of Store;Yes;1623;Front of Store
202405;Front of Store;Yes;1244;Front of Store
202406;End-cap;No;945;End-cap
202407;Front of Store;No;999;Front of Store
202408;Front of Store;No;801;Front of Store
202409;Front of Store;Yes;1700;Front of Store
202410;End-cap;Yes;1414;End-cap
202411;Front of Store;No;932;Front of Store
202412;Front of Store;Yes;1647;Front of Store
202413;Aisle;No;920;Aisle
202414;Aisle;No;931;Aisle
202415;Aisle;No;969;Aisle
202416;Aisle;No;888;Aisle
202417;Aisle;Yes;1297;Aisle
202418;End-cap;Yes;1355;End-cap
202419;End-cap;No;896;End-cap
202420;Aisle;No;880;Aisle
202421;Aisle;No;829;Aisle
202422;Front of Store;Yes;1515;Front of Store
202423;Aisle;No;927;Aisle
202424;Aisle;No;957;Aisle
202425;Front of Store;No;948;Front of Store
202426;End-cap;Yes;1440;End-cap
202427;Aisle;No;881;Aisle
202428;Aisle;Yes;1134;Aisle
202429;Aisle;No;917;Aisle
202430;Aisle;No;958;Aisle
202431;Aisle;No;811;Aisle
202432;End-cap;No;848;End-cap
202433;End-cap;No;894;End-cap
202434;Aisle;No;822;Aisle
202435;End-cap;Yes;1444;End-cap
202436;Front of Store;No;785;Front of Store
202437;Aisle;No;754;Aisle
202438;Aisle;No;774;Aisle
202439;Front of Store;Yes;1105;Front of Store
202440;Aisle;No;816;Aisle
202441;Aisle;No;707;Aisle
202442;Aisle;Yes;1218;Aisle
202443;End-cap;Yes;1480;End-cap
202444;Aisle;No;884;Aisle
202445;Aisle;No;975;Aisle
202446;Front of Store;Yes;1380;Front of Store
202447;Aisle;No;1012;Aisle
202448;End-cap;No;979;End-cap
202449;End-cap;Yes;1507;End-cap
202450;End-cap;No;926;End-cap
202451;Front of Store;No;815;Front of Store
202452;Aisle;Yes;1278;Aisle
202453;Front of Store;No;1135;Front of Store
202454;End-cap;No;867;End-cap
202455;Front of Store;No;956;Front of Store
202456;Aisle;Yes;1488;Aisle
202457;Front of Store;No;636;Front of Store
202458;Front of Store;Yes;1378;Front of Store
202459;End-cap;Yes;1266;End-cap
202460;Aisle;No;902;Aisle
202461;Aisle;No;781;Aisle
202462;Front of Store;Yes;1361;Front of Store
202463;Aisle;No;800;Aisle
202464;Aisle;No;792;Aisle
202465;Aisle;Yes;1676;Aisle
202466;End-cap;Yes;1753;End-cap
202467;Front of Store;No;851;Front of Store
202468;Aisle;No;1110;Aisle
202469;Aisle;No;825;Aisle
202470;End-cap;Yes;1322;End-cap
202471;Front of Store;No;961;Front of Store
202472;End-cap;Yes;1356;End-cap
202473;Aisle;No;841;Aisle
202474;Aisle;Yes;1452;Aisle
202475;Front of Store;No;891;Front of Store
202476;Front of Store;No;755;Front of Store
202477;End-cap;No;699;End-cap
202478;End-cap;No;748;End-cap
202479;Front of Store;Yes;1317;Front of Store
202480;Aisle;No;972;Aisle
202481;Front of Store;Yes;1246;Front of Store
202482;Aisle;Yes;1429;Aisle
202483;Aisle;No;666;Aisle
202484;Front of Store;No;867;Front of Store
202485;End-cap;No;977;End-cap
202486;End-cap;No;926;End-cap
202487;Aisle;No;974;Aisle
202488;Aisle;No;821;Aisle
202489;Front of Store;No;1113;Front of Store
202490;End-cap;No;1117;End-cap
202491;Aisle;Yes;1297;Aisle
202492;Front of Store;No;631;Front of Store
202493;Front of Store;Yes;1367;Front of Store
202494;Aisle;Yes;1418;Aisle
202495;End-cap;Yes;1326;End-cap
202496;End-cap;No;985;End-cap
202497;End-cap;No;804;End-cap
202498;Front of Store;No;905;Front of Store
202499;End-cap;No;959;End-cap
202500;Front of Store;No;995;Front of Store
202501;End-cap;No;893;End-cap
202502;End-cap;No;877;End-cap
202503;Aisle;Yes;1246;Aisle
202504;Front of Store;Yes;1217;Front of Store
202505;Front of Store;Yes;1482;Front of Store
202506;End-cap;No;888;End-cap
202507;End-cap;Yes;1503;End-cap
202508;Front of Store;Yes;1281;Front of Store
202509;Aisle;Yes;1493;Aisle
202510;Aisle;Yes;1446;Aisle
202511;End-cap;No;1044;End-cap
202512;Aisle;No;895;Aisle
202513;End-cap;Yes;1402;End-cap
202514;Front of Store;Yes;1419;Front of Store
202515;Front of Store;No;1010;Front of Store
202516;Aisle;No;733;Aisle
202517;Aisle;No;877;Aisle
202518;Aisle;No;1084;Aisle
202519;End-cap;No;1163;End-cap
202520;Aisle;Yes;1007;Aisle
202521;Aisle;No;665;Aisle
202522;End-cap;Yes;1552;End-cap
202523;Front of Store;Yes;1532;Front of Store
202524;End-cap;No;724;End-cap
202525;Aisle;No;862;Aisle
202526;End-cap;No;835;End-cap
202527;End-cap;No;897;End-cap
202528;End-cap;Yes;1711;End-cap
202529;Aisle;No;929;Aisle
202530;Aisle;No;657;Aisle
202531;Aisle;No;854;Aisle
202532;Front of Store;Yes;1380;Front of Store
202533;End-cap;Yes;1507;End-cap
202534;End-cap;No;844;End-cap
202535;End-cap;No;808;End-cap
202536;Front of Store;Yes;1418;Front of Store
202537;Aisle;Yes;1366;Aisle
202538;Aisle;No;690;Aisle
202539;End-cap;No;833;End-cap
202540;Aisle;Yes;1465;Aisle
202541;Front of Store;No;867;Front of Store
202542;Front of Store;No;692;Front of Store
202543;Aisle;No;738;Aisle
202544;End-cap;No;1017;End-cap
202545;End-cap;No;657;End-cap
202546;Aisle;Yes;1290;Aisle
202547;Aisle;No;753;Aisle
202548;Front of Store;No;874;Front of Store
202549;Aisle;Yes;1315;Aisle
202550;Aisle;No;902;Aisle
202551;Aisle;No;1050;Aisle
202552;End-cap;No;825;End-cap
202553;Aisle;No;991;Aisle
202554;Aisle;Yes;1576;Aisle
202555;Front of Store;No;754;Front of Store
202556;End-cap;Yes;1733;End-cap
202557;Aisle;Yes;1423;Aisle
202558;End-cap;No;834;End-cap
202559;End-cap;Yes;1754;End-cap
202560;Aisle;Yes;1225;Aisle
202561;End-cap;Yes;1380;End-cap
202562;Front of Store;Yes;1300;Front of Store
202563;Front of Store;No;856;Front of Store
202564;Front of Store;Yes;1560;Front of Store
202565;Aisle;Yes;1432;Aisle
202566;Aisle;No;1033;Aisle
202567;Aisle;Yes;1197;Aisle
202568;Aisle;Yes;1349;Aisle
202569;Aisle;No;772;Aisle
202570;End-cap;Yes;1289;End-cap
202571;Aisle;Yes;1689;Aisle
202572;Aisle;Yes;1422;Aisle
202573;Front of Store;Yes;1464;Front of Store
202574;Aisle;Yes;1521;Aisle
202575;End-cap;No;873;End-cap
202576;End-cap;Yes;1468;End-cap
202577;End-cap;Yes;1255;End-cap
202578;End-cap;No;860;End-cap
202579;Aisle;Yes;1531;Aisle
202580;Aisle;No;820;Aisle
202581;Aisle;Yes;1260;Aisle
202582;Aisle;Yes;1588;Aisle
202583;Aisle;No;864;Aisle
202584;Aisle;No;1097;Aisle
202585;End-cap;No;893;End-cap
202586;Front of Store;Yes;1507;Front of Store
202587;Aisle;No;948;Aisle
202588;Front of Store;Yes;1380;Front of Store
202589;End-cap;No;873;End-cap
202590;Aisle;Yes;1350;Aisle
202591;Front of Store;No;758;Front of Store
202592;Aisle;No;970;Aisle
202593;Aisle;No;1135;Aisle
202594;Aisle;Yes;1679;Aisle
202595;Aisle;Yes;1630;Aisle
202596;Aisle;No;800;Aisle
202597;Aisle;No;933;Aisle
202598;End-cap;No;978;End-cap
202599;End-cap;No;1004;End-cap
202600;End-cap;No;768;End-cap
202601;Aisle;No;904;Aisle
202602;End-cap;No;908;End-cap
202603;Aisle;No;745;Aisle
202604;Aisle;Yes;1452;Aisle
202605;End-cap;Yes;1435;End-cap
202606;Front of Store;No;1032;Front of Store
202607;End-cap;No;814;End-cap
202608;Front of Store;No;951;Front of Store
202609;Front of Store;No;831;Front of Store
202610;End-cap;Yes;1419;End-cap
202611;End-cap;Yes;1321;End-cap
202612;Aisle;No;761;Aisle
202613;Front of Store;No;831;Front of Store
202614;Aisle;No;778;Aisle
202615;End-cap;Yes;1268;End-cap
202616;End-cap;No;979;End-cap
202617;End-cap;Yes;1488;End-cap
202618;Aisle;No;1159;Aisle
202619;Front of Store;Yes;1268;Front of Store
202620;Aisle;No;899;Aisle
202621;Front of Store;Yes;1365;Front of Store
202622;End-cap;No;926;End-cap
202623;Front of Store;No;1006;Front of Store
202624;Front of Store;Yes;1241;Front of Store
202625;Front of Store;No;1108;Front of Store
202626;End-cap;Yes;1575;End-cap
202627;Aisle;No;799;Aisle
202628;Aisle;Yes;1510;Aisle
202629;End-cap;Yes;1330;End-cap
202630;Front of Store;No;880;Front of Store
202631;Front of Store;No;866;Front of Store
202632;End-cap;No;879;End-cap
202633;End-cap;No;734;End-cap
202634;End-cap;No;1060;End-cap
202635;Front of Store;No;770;Front of Store
202636;Front of Store;Yes;1176;Front of Store
202637;Aisle;No;762;Aisle
202638;End-cap;Yes;1375;End-cap
202639;End-cap;No;856;End-cap
202640;Aisle;No;1038;Aisle
202641;Front of Store;No;922;Front of Store
202642;Aisle;No;905;Aisle
202643;End-cap;No;669;End-cap
202644;End-cap;Yes;1576;End-cap
202645;Aisle;Yes;1486;Aisle
202646;Front of Store;Yes;1416;Front of Store
202647;Front of Store;No;900;Front of Store
202648;End-cap;No;917;End-cap
202649;Front of Store;Yes;1476;Front of Store
202650;End-cap;No;1001;End-cap
202651;End-cap;Yes;1393;End-cap
202652;Aisle;No;847;Aisle
202653;End-cap;No;915;End-cap
202654;Aisle;No;868;Aisle
202655;Aisle;No;845;Aisle
202656;Front of Store;Yes;1157;Front of Store
202657;End-cap;Yes;1425;End-cap
202658;Aisle;Yes;1280;Aisle
202659;Front of Store;No;908;Front of Store
202660;Front of Store;Yes;1226;Front of Store
202661;End-cap;No;799;End-cap
202662;End-cap;No;756;End-cap
202663;End-cap;No;921;End-cap
202664;Front of Store;No;882;Front of Store
202665;Aisle;Yes;1454;Aisle
202666;Front of Store;No;868;Front of Store
202667;Front of Store;No;835;Front of Store
202668;End-cap;No;1079;End-cap
202669;End-cap;Yes;1523;End-cap
202670;Aisle;No;877;Aisle
202671;Aisle;Yes;1112;Aisle
202672;Aisle;Yes;1330;Aisle
202673;End-cap;No;725;End-cap
202674;Front of Store;Yes;1354;Front of Store
202675;Front of Store;Yes;1278;Front of Store
202676;End-cap;Yes;1245;End-cap
202677;End-cap;No;793;End-cap
202678;Aisle;Yes;1912;Aisle
202679;Front of Store;Yes;1389;Front of Store
202680;Aisle;Yes;1246;Aisle
202681;Aisle;Yes;1469;Aisle
202682;Aisle;No;906;Aisle
202683;Aisle;Yes;1275;Aisle
202684;Front of Store;No;960;Front of Store
202685;End-cap;No;984;End-cap
202686;Aisle;No;1129;Aisle
202687;Aisle;No;898;Aisle
202688;Front of Store;No;816;Front of Store
202689;Front of Store;Yes;1480;Front of Store
202690;Aisle;No;953;Aisle
202691;End-cap;No;710;End-cap
202692;Aisle;Yes;1053;Aisle
202693;Front of Store;No;954;Front of Store
202694;End-cap;No;875;End-cap
202695;Front of Store;No;940;Front of Store
202696;Aisle;Yes;1306;Aisle
202697;Aisle;No;789;Aisle
202698;End-cap;No;784;End-cap
202699;End-cap;No;957;End-cap
202700;Aisle;Yes;1292;Aisle
202701;Aisle;Yes;1465;Aisle
202702;End-cap;Yes;1415;End-cap
202703;End-cap;No;559;End-cap
202704;End-cap;Yes;1404;End-cap
202705;Front of Store;No;1029;Front of Store
202706;Front of Store;No;1000;Front of Store
202707;End-cap;Yes;1652;End-cap
202708;Front of Store;No;887;Front of Store
202709;Front of Store;No;909;Front of Store
202710;Aisle;No;690;Aisle
202711;End-cap;No;777;End-cap
202712;Front of Store;Yes;1531;Front of Store
202713;Front of Store;No;931;Front of Store
202714;End-cap;No;1025;End-cap
202715;Front of Store;Yes;1536;Front of Store
202716;Front of Store;Yes;1170;Front of Store
202717;End-cap;No;864;End-cap
202718;Aisle;Yes;1517;Aisle
202719;End-cap;Yes;1587;End-cap
202720;Aisle;Yes;1386;Aisle
202721;End-cap;Yes;1058;End-cap
202722;Front of Store;No;862;Front of Store
202723;Front of Store;No;886;Front of Store
202724;Front of Store;Yes;1262;Front of Store
202725;Aisle;Yes;1173;Aisle
202726;End-cap;No;870;End-cap
202727;Aisle;No;774;Aisle
202728;Front of Store;No;916;Front of Store
202729;Aisle;No;756;Aisle
202730;Aisle;Yes;1650;Aisle
202731;Front of Store;Yes;1208;Front of Store
202732;Aisle;No;974;Aisle
202733;End-cap;No;1066;End-cap
202734;Front of Store;No;846;Front of Store
202735;Front of Store;No;805;Front of Store
202736;Front of Store;No;938;Front of Store
202737;Aisle;Yes;1277;Aisle
202738;End-cap;Yes;1315;End-cap
202739;Front of Store;Yes;1419;Front of Store
202740;Front of Store;No;902;Front of Store
202741;End-cap;Yes;1362;End-cap
202742;End-cap;No;989;End-cap
202743;Aisle;Yes;1580;Aisle
202744;Front of Store;No;798;Front of Store
202745;End-cap;No;1042;End-cap
202746;Aisle;No;900;Aisle
202747;Front of Store;No;893;Front of Store
202748;End-cap;No;824;End-cap
202749;End-cap;Yes;1564;End-cap
202750;Front of Store;Yes;1341;Front of Store
202751;Front of Store;No;796;Front of Store
202752;Front of Store;Yes;1139;Front of Store
202753;End-cap;Yes;1502;End-cap
202754;Aisle;No;954;Aisle
202755;End-cap;No;802;End-cap
202756;Aisle;No;926;Aisle
202757;End-cap;Yes;1453;End-cap
202758;Aisle;No;632;Aisle
202759;Front of Store;Yes;1651;Front of Store
202760;End-cap;No;1147;End-cap
202761;Aisle;No;950;Aisle
202762;End-cap;No;717;End-cap
202763;Front of Store;No;911;Front of Store
202764;Front of Store;Yes;1327;Front of Store
202765;Aisle;No;831;Aisle
202766;Front of Store;Yes;1431;Front of Store
202767;Aisle;No;1091;Aisle
202768;Front of Store;Yes;1360;Front of Store
202769;End-cap;No;999;End-cap
202770;End-cap;No;933;End-cap
202771;Front of Store;Yes;1581;Front of Store
202772;End-cap;No;833;End-cap
202773;End-cap;Yes;1356;End-cap
202774;Aisle;No;871;Aisle
202775;End-cap;No;768;End-cap
202776;Aisle;No;896;Aisle
202777;Aisle;No;730;Aisle
202778;Aisle;No;761;Aisle
202779;Front of Store;No;866;Front of Store
202780;End-cap;No;738;End-cap
202781;End-cap;Yes;1421;End-cap
202782;End-cap;Yes;1293;End-cap
202783;Front of Store;No;1002;Front of Store
202784;Aisle;No;1069;Aisle
202785;End-cap;No;870;End-cap
202786;Aisle;No;994;Aisle
202787;Front of Store;No;772;Front of Store
202788;Front of Store;No;736;Front of Store
202789;Aisle;No;1013;Aisle
202790;End-cap;No;841;End-cap
202791;Aisle;No;831;Aisle
202792;Aisle;No;888;Aisle
202793;End-cap;Yes;1471;End-cap
202794;Aisle;Yes;1534;Aisle
202795;Aisle;No;1065;Aisle
202796;End-cap;No;865;End-cap
202797;End-cap;Yes;1461;End-cap
202798;Front of Store;No;718;Front of Store
202799;End-cap;No;956;End-cap
202800;Aisle;No;899;Aisle
202801;End-cap;Yes;1670;End-cap
202802;Aisle;No;932;Aisle
202803;End-cap;Yes;1423;End-cap
202804;Aisle;No;857;Aisle
202805;Front of Store;No;856;Front of Store
202806;End-cap;No;960;End-cap
202807;Front of Store;Yes;1482;Front of Store
202808;End-cap;No;877;End-cap
202809;Front of Store;No;751;Front of Store
202810;Aisle;No;834;Aisle
202811;Aisle;No;932;Aisle
202812;End-cap;No;1027;End-cap
202813;Front of Store;No;1034;Front of Store
202814;Front of Store;Yes;1506;Front of Store
202815;Front of Store;Yes;1241;Front of Store
202816;Front of Store;Yes;1445;Front of Store
202817;End-cap;No;1125;End-cap
202818;Aisle;No;853;Aisle
202819;Aisle;No;849;Aisle
202820;Aisle;Yes;1680;Aisle
202821;End-cap;No;869;End-cap
202822;End-cap;Yes;1508;End-cap
202823;Front of Store;Yes;1471;Front of Store
202824;Front of Store;No;819;Front of Store
202825;End-cap;Yes;1362;End-cap
202826;End-cap;Yes;1533;End-cap
202827;Aisle;Yes;1368;Aisle
202828;End-cap;No;603;End-cap
202829;Front of Store;Yes;1540;Front of Store
202830;Front of Store;Yes;1199;Front of Store
202831;Aisle;Yes;1448;Aisle
202832;Aisle;No;1110;Aisle
202833;End-cap;No;1026;End-cap
202834;End-cap;No;1108;End-cap
202835;Aisle;No;807;Aisle
202836;End-cap;Yes;1112;End-cap
202837;Front of Store;No;780;Front of Store
202838;End-cap;No;808;End-cap
202839;Aisle;Yes;1448;Aisle
202840;Aisle;No;805;Aisle
202841;Front of Store;Yes;1618;Front of Store
202842;Front of Store;Yes;1550;Front of Store
202843;Aisle;No;877;Aisle
202844;Aisle;Yes;1518;Aisle
202845;Aisle;No;786;Aisle
202846;Front of Store;No;770;Front of Store
202847;Aisle;No;1036;Aisle
202848;Front of Store;No;1123;Front of Store
202849;End-cap;No;957;End-cap
202850;End-cap;No;893;End-cap
202851;Front of Store;No;890;Front of Store
202852;End-cap;No;890;End-cap
202853;Aisle;No;715;Aisle
202854;Aisle;Yes;1514;Aisle
202855;Aisle;Yes;1206;Aisle
202856;Front of Store;No;1039;Front of Store
202857;End-cap;No;985;End-cap
202858;Front of Store;Yes;1643;Front of Store
202859;Aisle;Yes;1539;Aisle
202860;End-cap;Yes;1379;End-cap
202861;Aisle;No;929;Aisle
202862;Front of Store;No;857;Front of Store
202863;Front of Store;Yes;1344;Front of Store
202864;Aisle;No;928;Aisle
202865;End-cap;Yes;1554;End-cap
202866;Front of Store;No;913;Front of Store
202867;Front of Store;Yes;1387;Front of Store
202868;Aisle;No;829;Aisle
202869;Aisle;Yes;1358;Aisle
202870;Aisle;No;944;Aisle
202871;End-cap;No;801;End-cap
202872;Aisle;No;914;Aisle
202873;Aisle;No;891;Aisle
202874;Aisle;Yes;1155;Aisle
202875;Front of Store;No;1058;Front of Store
202876;Aisle;No;780;Aisle
202877;End-cap;No;854;End-cap
202878;Aisle;Yes;1558;Aisle
202879;Aisle;Yes;1217;Aisle
202880;End-cap;Yes;1286;End-cap
202881;End-cap;Yes;1284;End-cap
202882;Front of Store;No;774;Front of Store
202883;Front of Store;Yes;1132;Front of Store
202884;End-cap;No;807;End-cap
202885;End-cap;Yes;1359;End-cap
202886;Front of Store;No;636;Front of Store
202887;End-cap;No;797;End-cap
202888;End-cap;No;944;End-cap
202889;Aisle;No;1112;Aisle
202890;Front of Store;Yes;1440;Front of Store
202891;End-cap;No;823;End-cap
202892;Aisle;No;904;Aisle
202893;Aisle;No;1060;Aisle
202894;Front of Store;Yes;1237;Front of Store
202895;Front of Store;No;1007;Front of Store
202896;End-cap;Yes;1394;End-cap
202897;End-cap;No;782;End-cap
202898;End-cap;No;928;End-cap
202899;End-cap;No;780;End-cap
202900;Aisle;No;843;Aisle
202901;Front of Store;No;832;Front of Store
202902;End-cap;No;739;End-cap
202903;Aisle;No;975;Aisle
202904;End-cap;No;948;End-cap
202905;End-cap;Yes;1754;End-cap
202906;Aisle;No;1067;Aisle
202907;Front of Store;Yes;1248;Front of Store
202908;End-cap;No;828;End-cap
202909;End-cap;No;912;End-cap
202910;End-cap;Yes;1225;End-cap
202911;End-cap;No;1031;End-cap
202912;Aisle;No;887;Aisle
202913;Front of Store;Yes;1421;Front of Store
202914;Aisle;Yes;1716;Aisle
202915;Front of Store;No;950;Front of Store
202916;End-cap;No;1055;End-cap
202917;End-cap;No;895;End-cap
202918;End-cap;Yes;1639;End-cap
202919;Aisle;Yes;1292;Aisle
202920;End-cap;No;831;End-cap
202921;Aisle;Yes;1306;Aisle
202922;Aisle;Yes;1364;Aisle
202923;Front of Store;Yes;1359;Front of Store
202924;End-cap;Yes;1644;End-cap
202925;Aisle;Yes;1332;Aisle
202926;Front of Store;No;818;Front of Store
202927;Front of Store;Yes;1752;Front of Store
202928;End-cap;Yes;1263;End-cap
202929;End-cap;No;761;End-cap
202930;End-cap;Yes;1396;End-cap
202931;Aisle;No;955;Aisle
202932;Aisle;Yes;1228;Aisle
202933;End-cap;No;713;End-cap
202934;Front of Store;Yes;1362;Front of Store
202935;End-cap;Yes;1257;End-cap
202936;Aisle;Yes;1644;Aisle
202937;Front of Store;No;1113;Front of Store
202938;Front of Store;No;933;Front of Store
202939;Front of Store;Yes;1369;Front of Store
202940;End-cap;Yes;1626;End-cap
202941;Front of Store;No;888;Front of Store
202942;Aisle;Yes;1598;Aisle
202943;Aisle;No;929;Aisle
202944;Aisle;Yes;1130;Aisle
202945;Aisle;No;863;Aisle
202946;Aisle;No;837;Aisle
202947;Aisle;Yes;1491;Aisle
202948;Front of Store;No;832;Front of Store
202949;End-cap;Yes;1743;End-cap
202950;Front of Store;Yes;1224;Front of Store
202951;End-cap;No;801;End-cap
202952;Aisle;Yes;1362;Aisle
202953;Aisle;Yes;1237;Aisle
202954;End-cap;No;1046;End-cap
202955;Aisle;No;1156;Aisle
202956;Aisle;No;774;Aisle
202957;Aisle;No;833;Aisle
202958;End-cap;Yes;1101;End-cap
202959;End-cap;No;846;End-cap
202960;Aisle;No;915;Aisle
202961;Aisle;Yes;1285;Aisle
202962;Front of Store;No;850;Front of Store
202963;End-cap;No;828;End-cap
202964;End-cap;Yes;1625;End-cap
202965;Front of Store;No;915;Front of Store
202966;End-cap;No;908;End-cap
202967;End-cap;No;1005;End-cap
202968;End-cap;No;992;End-cap
202969;Aisle;No;997;Aisle
202970;End-cap;No;879;End-cap
202971;Aisle;No;945;Aisle
202972;Aisle;No;997;Aisle
202973;Aisle;Yes;1546;Aisle
202974;Aisle;No;813;Aisle
202975;Aisle;No;1038;Aisle
202976;End-cap;Yes;1428;End-cap
202977;Aisle;Yes;1260;Aisle
202978;Aisle;Yes;1264;Aisle
202979;Front of Store;No;792;Front of Store
202980;Aisle;Yes;1653;Aisle
202981;Front of Store;Yes;1543;Front of Store
202982;Front of Store;Yes;1458;Front of Store
202983;Front of Store;No;1029;Front of Store
202984;Front of Store;No;877;Front of Store
202985;Front of Store;No;679;Front of Store
202986;Aisle;No;763;Aisle
202987;Aisle;Yes;1541;Aisle
202988;End-cap;Yes;1417;End-cap
202989;Aisle;No;814;Aisle
202990;End-cap;Yes;1093;End-cap
202991;End-cap;Yes;1316;End-cap
202992;Front of Store;Yes;1227;Front of Store
202993;Aisle;Yes;1240;Aisle
202994;Aisle;No;865;Aisle
202995;Aisle;Yes;1249;Aisle
202996;Aisle;No;784;Aisle
202997;Aisle;Yes;1544;Aisle
202998;Aisle;No;860;Aisle
202999;End-cap;Yes;1567;End-cap
203000;Aisle;No;710;Aisle
203001;Aisle;No;863;Aisle
203002;End-cap;Yes;1638;End-cap
203003;Front of Store;Yes;1362;Front of Store
203004;Front of Store;Yes;1441;Front of Store
203005;Front of Store;Yes;1442;Front of Store
203006;End-cap;No;1037;End-cap
203007;Aisle;No;919;Aisle
203008;Front of Store;Yes;1308;Front of Store
203009;Front of Store;No;815;Front of Store
203010;Front of Store;Yes;1523;Front of Store
203011;End-cap;Yes;1341;End-cap
203012;Aisle;No;1056;Aisle
203013;Aisle;No;991;Aisle
203014;Aisle;Yes;1591;Aisle
203015;End-cap;Yes;1518;End-cap
203016;Front of Store;No;950;Front of Store
203017;Aisle;Yes;1487;Aisle
203018;Front of Store;No;915;Front of Store
203019;End-cap;No;784;End-cap
203020;Aisle;Yes;1389;Aisle
203021;Aisle;No;1009;Aisle
203022;Front of Store;No;812;Front of Store
203023;Aisle;Yes;1264;Aisle
203024;Front of Store;No;943;Front of Store
203025;End-cap;Yes;1390;End-cap
203026;Front of Store;No;1004;Front of Store
203027;End-cap;Yes;1614;End-cap
203028;End-cap;Yes;1273;End-cap
203029;Front of Store;Yes;1523;Front of Store
203030;End-cap;No;940;End-cap
203031;End-cap;No;967;End-cap
203032;Aisle;Yes;1285;Aisle
203033;Aisle;No;985;Aisle
203034;Front of Store;Yes;1223;Front of Store
203035;Aisle;No;766;Aisle
203036;Aisle;No;722;Aisle
203037;Aisle;Yes;1655;Aisle
203038;Front of Store;No;775;Front of Store
203039;Front of Store;No;696;Front of Store
203040;End-cap;No;932;End-cap
203041;End-cap;No;803;End-cap
203042;Front of Store;No;814;Front of Store
203043;End-cap;No;953;End-cap
203044;End-cap;Yes;1500;End-cap
203045;Aisle;No;993;Aisle
203046;Aisle;No;1036;Aisle
203047;Front of Store;Yes;1786;Front of Store
203048;Aisle;No;924;Aisle
203049;End-cap;No;901;End-cap
203050;Aisle;No;891;Aisle
203051;End-cap;Yes;1285;End-cap
203052;End-cap;No;1146;End-cap
203053;Aisle;No;902;Aisle
203054;Front of Store;Yes;1462;Front of Store
203055;End-cap;No;674;End-cap
203056;End-cap;No;994;End-cap
203057;Front of Store;No;874;Front of Store
203058;Front of Store;Yes;1763;Front of Store
203059;Front of Store;No;868;Front of Store
203060;End-cap;No;868;End-cap
203061;End-cap;No;743;End-cap
203062;Aisle;Yes;1168;Aisle
203063;End-cap;Yes;1579;End-cap
203064;Aisle;Yes;1359;Aisle
203065;End-cap;Yes;1287;End-cap
203066;Front of Store;No;824;Front of Store
203067;End-cap;No;732;End-cap
203068;End-cap;No;754;End-cap
203069;End-cap;Yes;1506;End-cap
203070;Aisle;Yes;1193;Aisle
203071;Front of Store;No;881;Front of Store
203072;Front of Store;No;936;Front of Store
203073;Aisle;No;871;Aisle
203074;Aisle;Yes;1110;Aisle
203075;Front of Store;No;759;Front of Store
203076;Front of Store;Yes;1333;Front of Store
203077;Front of Store;Yes;1311;Front of Store
203078;End-cap;Yes;1053;End-cap
203079;Front of Store;Yes;1411;Front of Store
203080;End-cap;No;807;End-cap
203081;End-cap;Yes;1524;End-cap
203082;Front of Store;No;875;Front of Store
203083;Front of Store;No;822;Front of Store
203084;Front of Store;Yes;1327;Front of Store
203085;Front of Store;Yes;1299;Front of Store
203086;Aisle;No;742;Aisle
203087;End-cap;No;747;End-cap
203088;Front of Store;No;960;Front of Store
203089;End-cap;No;866;End-cap
203090;Aisle;No;849;Aisle
203091;End-cap;Yes;1317;End-cap
203092;Aisle;Yes;1589;Aisle
203093;End-cap;No;821;End-cap
203094;Front of Store;No;740;Front of Store
203095;Front of Store;Yes;1211;Front of Store
203096;Aisle;Yes;1480;Aisle
203097;Front of Store;Yes;1410;Front of Store
203098;Aisle;No;908;Aisle
203099;Aisle;Yes;1560;Aisle
203100;End-cap;No;777;End-cap
203101;Aisle;Yes;1474;Aisle
203102;End-cap;No;986;End-cap
203103;Front of Store;No;857;Front of Store
203104;End-cap;Yes;1505;End-cap
203105;Aisle;No;1005;Aisle
203106;Aisle;No;884;Aisle
203107;Aisle;Yes;1591;Aisle
203108;Aisle;No;1112;Aisle
203109;Front of Store;No;806;Front of Store
203110;End-cap;Yes;1240;End-cap
203111;End-cap;No;662;End-cap
203112;Aisle;No;881;Aisle
203113;Front of Store;No;1077;Front of Store
203114;Front of Store;Yes;1464;Front of Store
203115;Aisle;Yes;1629;Aisle
203116;Front of Store;No;878;Front of Store
203117;Aisle;Yes;1182;Aisle
203118;Aisle;Yes;1480;Aisle
203119;Front of Store;No;927;Front of Store
203120;Front of Store;Yes;1278;Front of Store
203121;Aisle;Yes;1270;Aisle
203122;Front of Store;Yes;1339;Front of Store
203123;Aisle;Yes;1664;Aisle
203124;Aisle;No;840;Aisle
203125;Front of Store;No;706;Front of Store
203126;Front of Store;No;922;Front of Store
203127;End-cap;No;1054;End-cap
203128;End-cap;No;802;End-cap
203129;End-cap;Yes;1299;End-cap
203130;Front of Store;No;825;Front of Store
203131;Aisle;No;801;Aisle
203132;Aisle;No;785;Aisle
203133;Front of Store;Yes;1368;Front of Store
203134;Aisle;No;802;Aisle
203135;End-cap;No;1000;End-cap
203136;Front of Store;No;1044;Front of Store
203137;Front of Store;No;802;Front of Store
203138;Aisle;Yes;1401;Aisle
203139;Aisle;No;731;Aisle
203140;Aisle;No;898;Aisle
203141;Aisle;No;918;Aisle
203142;Aisle;No;932;Aisle
203143;Front of Store;Yes;1418;Front of Store
203144;Front of Store;Yes;1786;Front of Store
203145;Aisle;No;1047;Aisle
203146;Aisle;No;701;Aisle
203147;End-cap;No;803;End-cap
203148;End-cap;Yes;1279;End-cap
203149;Aisle;Yes;1454;Aisle
203150;End-cap;No;923;End-cap
203151;Front of Store;No;812;Front of Store
203152;Aisle;No;1012;Aisle
203153;Aisle;No;951;Aisle
203154;End-cap;Yes;1354;End-cap
203155;End-cap;Yes;1545;End-cap
203156;Aisle;Yes;1516;Aisle
203157;Aisle;Yes;1532;Aisle
203158;End-cap;Yes;1592;End-cap
203159;End-cap;Yes;1259;End-cap
203160;End-cap;Yes;1386;End-cap
203161;Front of Store;No;882;Front of Store
203162;Aisle;Yes;1445;Aisle
203163;End-cap;Yes;1294;End-cap
203164;End-cap;Yes;1305;End-cap
203165;End-cap;No;804;End-cap
203166;End-cap;Yes;1382;End-cap
203167;End-cap;No;1043;End-cap
203168;Aisle;Yes;1122;Aisle
203169;Front of Store;No;827;Front of Store
203170;Aisle;Yes;1312;Aisle
203171;Aisle;No;994;Aisle
203172;Aisle;No;857;Aisle
203173;Aisle;Yes;1353;Aisle
203174;End-cap;No;835;End-cap
203175;Aisle;Yes;1349;Aisle
203176;End-cap;Yes;1315;End-cap
203177;Front of Store;No;850;Front of Store
203178;Front of Store;No;788;Front of Store
203179;Front of Store;Yes;1412;Front of Store
203180;Aisle;No;706;Aisle
203181;Aisle;No;846;Aisle
203182;Aisle;Yes;1642;Aisle
203183;Front of Store;Yes;1709;Front of Store
203184;Front of Store;No;795;Front of Store
203185;Aisle;No;812;Aisle
203186;Front of Store;Yes;1475;Front of Store
203187;End-cap;No;780;End-cap
203188;End-cap;No;810;End-cap
203189;Aisle;Yes;1322;Aisle
203190;Aisle;No;869;Aisle
203191;Aisle;No;897;Aisle
203192;Aisle;No;761;Aisle
203193;Aisle;Yes;1407;Aisle
203194;Aisle;No;764;Aisle
203195;End-cap;Yes;1365;End-cap
203196;Aisle;No;838;Aisle
203197;Front of Store;Yes;1521;Front of Store
203198;End-cap;Yes;1204;End-cap
203199;Aisle;No;820;Aisle
203200;Front of Store;No;890;Front of Store
203201;Front of Store;No;814;Front of Store
203202;Aisle;Yes;1310;Aisle
203203;End-cap;No;936;End-cap
203204;End-cap;No;879;End-cap
203205;End-cap;No;1112;End-cap
203206;Front of Store;No;1146;Front of Store
203207;Front of Store;No;792;Front of Store
203208;Aisle;No;773;Aisle
203209;Front of Store;No;746;Front of Store
203210;Aisle;No;942;Aisle
203211;Front of Store;Yes;1281;Front of Store
203212;Front of Store;No;917;Front of Store
203213;Aisle;No;883;Aisle
203214;Front of Store;Yes;1266;Front of Store
203215;Front of Store;No;809;Front of Store
203216;End-cap;Yes;1174;End-cap
203217;Aisle;Yes;1298;Aisle
203218;Aisle;No;950;Aisle
203219;End-cap;No;698;End-cap
203220;Front of Store;No;657;Front of Store
203221;Front of Store;No;885;Front of Store
203222;End-cap;No;944;End-cap
203223;Front of Store;No;976;Front of Store
203224;End-cap;Yes;1355;End-cap
203225;Aisle;Yes;1329;Aisle
203226;Front of Store;No;820;Front of Store
203227;Aisle;No;869;Aisle
203228;Front of Store;Yes;1212;Front of Store
203229;Aisle;Yes;1617;Aisle
203230;End-cap;Yes;1392;End-cap
203231;Front of Store;No;791;Front of Store
203232;Front of Store;Yes;1477;Front of Store
203233;Aisle;No;882;Aisle
203234;End-cap;No;879;End-cap
203235;Front of Store;No;723;Front of Store
203236;End-cap;Yes;1123;End-cap
203237;Aisle;Yes;1214;Aisle
203238;Aisle;No;673;Aisle
203239;Front of Store;Yes;1514;Front of Store
203240;Aisle;Yes;1252;Aisle
203241;Front of Store;Yes;1441;Front of Store
203242;End-cap;Yes;1490;End-cap
203243;Front of Store;Yes;1595;Front of Store
203244;Front of Store;No;839;Front of Store
203245;Aisle;Yes;1275;Aisle
203246;Front of Store;Yes;1302;Front of Store
203247;Aisle;No;817;Aisle
203248;End-cap;Yes;1387;End-cap
203249;End-cap;No;848;End-cap
203250;Front of Store;Yes;1085;Front of Store
203251;Front of Store;No;907;Front of Store
203252;Front of Store;No;801;Front of Store
203253;Front of Store;No;821;Front of Store
203254;Aisle;Yes;1292;Aisle
203255;End-cap;Yes;1495;End-cap
203256;End-cap;No;660;End-cap
203257;Aisle;Yes;1554;Aisle
203258;End-cap;No;1023;End-cap
203259;Front of Store;Yes;1393;Front of Store
203260;Front of Store;Yes;1321;Front of Store
203261;Aisle;Yes;1159;Aisle
203262;Aisle;No;769;Aisle
203263;Aisle;No;804;Aisle
203264;Aisle;No;889;Aisle
203265;Aisle;No;695;Aisle
203266;Front of Store;No;876;Front of Store
203267;End-cap;No;785;End-cap
203268;Aisle;Yes;1647;Aisle
203269;Front of Store;Yes;1305;Front of Store
203270;End-cap;Yes;1342;End-cap
203271;Aisle;No;843;Aisle
203272;End-cap;No;633;End-cap
203273;Aisle;Yes;1661;Aisle
203274;Front of Store;No;1039;Front of Store
203275;Front of Store;No;968;Front of Store
203276;Aisle;No;969;Aisle
203277;Aisle;Yes;1613;Aisle
203278;End-cap;No;919;End-cap
203279;End-cap;No;848;End-cap
203280;Front of Store;Yes;1220;Front of Store
203281;Aisle;Yes;1388;Aisle
203282;End-cap;No;872;End-cap
203283;Aisle;Yes;1300;Aisle
203284;Front of Store;No;1001;Front of Store
203285;Aisle;No;987;Aisle
203286;End-cap;No;881;End-cap
203287;Front of Store;No;831;Front of Store
203288;End-cap;No;806;End-cap
203289;Front of Store;No;902;Front of Store
203290;Front of Store;No;807;Front of Store
203291;Aisle;Yes;1404;Aisle
203292;Aisle;Yes;1291;Aisle
203293;End-cap;No;1107;End-cap
203294;Front of Store;No;904;Front of Store
203295;Aisle;No;908;Aisle
203296;Aisle;Yes;1323;Aisle
203297;Front of Store;No;759;Front of Store
203298;End-cap;Yes;1244;End-cap
203299;End-cap;No;976;End-cap
203300;Front of Store;Yes;1389;Front of Store
203301;Aisle;No;1074;Aisle
203302;End-cap;No;968;End-cap
203303;Front of Store;Yes;1461;Front of Store
203304;End-cap;No;964;End-cap
203305;End-cap;No;890;End-cap
203306;Front of Store;Yes;1760;Front of Store
203307;End-cap;No;887;End-cap
203308;Aisle;Yes;1480;Aisle
203309;End-cap;No;990;End-cap
203310;Aisle;No;719;Aisle
203311;Front of Store;Yes;1224;Front of Store
203312;Aisle;No;787;Aisle
203313;Aisle;Yes;1508;Aisle
203314;End-cap;Yes;1426;End-cap
203315;End-cap;No;1025;End-cap
203316;Aisle;No;881;Aisle
203317;Front of Store;Yes;1425;Front of Store
203318;Aisle;No;1033;Aisle
203319;End-cap;No;792;End-cap
203320;Aisle;No;970;Aisle
203321;Aisle;No;892;Aisle
203322;Aisle;Yes;1414;Aisle
203323;Front of Store;No;932;Front of Store
203324;End-cap;No;752;End-cap
203325;Front of Store;Yes;1598;Front of Store
203326;Front of Store;Yes;1383;Front of Store
203327;End-cap;No;769;End-cap
203328;End-cap;Yes;1131;End-cap
203329;End-cap;No;866;End-cap
203330;End-cap;No;762;End-cap
203331;End-cap;No;625;End-cap
203332;Front of Store;Yes;1497;Front of Store
203333;End-cap;No;1089;End-cap
203334;End-cap;No;880;End-cap
203335;End-cap;Yes;1169;End-cap
203336;Aisle;No;679;Aisle
203337;Aisle;Yes;1473;Aisle
203338;Aisle;Yes;1335;Aisle
203339;Front of Store;Yes;1396;Front of Store
203340;Front of Store;Yes;1318;Front of Store
203341;Aisle;Yes;1303;Aisle
203342;Aisle;Yes;1523;Aisle
203343;Aisle;No;960;Aisle
203344;End-cap;Yes;1306;End-cap
203345;Aisle;No;1082;Aisle
203346;End-cap;No;1090;End-cap
203347;Front of Store;No;820;Front of Store
203348;End-cap;No;771;End-cap
203349;Aisle;No;826;Aisle
203350;Aisle;No;773;Aisle
203351;Aisle;No;937;Aisle
203352;Aisle;No;865;Aisle
203353;End-cap;Yes;1722;End-cap
203354;Aisle;No;862;Aisle
203355;End-cap;No;951;End-cap
203356;End-cap;No;692;End-cap
203357;Aisle;No;629;Aisle
203358;Aisle;No;1020;Aisle
203359;Aisle;No;973;Aisle
203360;End-cap;No;724;End-cap
203361;Aisle;No;633;Aisle
203362;Aisle;No;765;Aisle
203363;Aisle;No;869;Aisle
203364;Aisle;Yes;1496;Aisle
203365;Front of Store;No;749;Front of Store
203366;End-cap;No;719;End-cap
203367;Front of Store;No;1062;Front of Store
203368;Aisle;Yes;1188;Aisle
203369;Aisle;No;902;Aisle
203370;Front of Store;No;862;Front of Store
203371;Aisle;Yes;1518;Aisle
203372;Aisle;No;1139;Aisle
203373;Front of Store;Yes;1336;Front of Store
203374;Aisle;Yes;1627;Aisle
203375;Aisle;No;754;Aisle
203376;Aisle;Yes;1388;Aisle
203377;Front of Store;No;847;Front of Store
203378;Aisle;No;932;Aisle
203379;Front of Store;Yes;1083;Front of Store
203380;Aisle;No;825;Aisle
203381;Front of Store;No;859;Front of Store
203382;End-cap;No;715;End-cap
203383;Aisle;Yes;1215;Aisle
203384;Aisle;Yes;1090;Aisle
203385;Aisle;No;748;Aisle
203386;Front of Store;No;913;Front of Store
203387;End-cap;No;1034;End-cap
203388;End-cap;No;903;End-cap
203389;End-cap;No;777;End-cap
203390;Aisle;Yes;1205;Aisle
203391;Front of Store;Yes;1406;Front of Store
203392;Aisle;Yes;1573;Aisle
203393;Aisle;Yes;1483;Aisle
203394;Aisle;No;657;Aisle
203395;Front of Store;Yes;1716;Front of Store
203396;Front of Store;Yes;1403;Front of Store
203397;Aisle;No;908;Aisle
203398;End-cap;No;813;End-cap
203399;End-cap;No;725;End-cap
203400;Front of Store;Yes;1424;Front of Store
203401;Front of Store;Yes;1726;Front of Store
203402;Front of Store;No;1087;Front of Store
203403;Aisle;No;880;Aisle
203404;Aisle;Yes;1168;Aisle
203405;Aisle;No;831;Aisle
203406;End-cap;Yes;1369;End-cap
203407;Aisle;Yes;1521;Aisle
203408;Front of Store;No;825;Front of Store
203409;Aisle;Yes;1266;Aisle
203410;End-cap;Yes;1194;End-cap
203411;Front of Store;Yes;1405;Front of Store
203412;Aisle;Yes;1484;Aisle
203413;Aisle;Yes;1610;Aisle
203414;Aisle;No;670;Aisle
203415;End-cap;No;796;End-cap
203416;Aisle;No;810;Aisle
203417;Aisle;No;922;Aisle
203418;Aisle;No;823;Aisle
203419;End-cap;No;883;End-cap
203420;Aisle;No;782;Aisle
203421;End-cap;No;1087;End-cap
203422;Front of Store;Yes;1460;Front of Store
203423;Front of Store;No;982;Front of Store
203424;Aisle;No;746;Aisle
203425;Aisle;Yes;1439;Aisle
203426;Front of Store;No;965;Front of Store
203427;Front of Store;No;1076;Front of Store
203428;Aisle;Yes;1311;Aisle
203429;Aisle;No;909;Aisle
203430;End-cap;No;882;End-cap
203431;Aisle;No;818;Aisle
203432;Aisle;Yes;1657;Aisle
203433;Aisle;Yes;1266;Aisle
203434;Aisle;Yes;1499;Aisle
203435;Aisle;No;861;Aisle
203436;Front of Store;Yes;1441;Front of Store
203437;Aisle;No;779;Aisle
203438;End-cap;Yes;1099;End-cap
203439;End-cap;Yes;1437;End-cap
203440;End-cap;No;823;End-cap
203441;Front of Store;Yes;1640;Front of Store
203442;Aisle;No;822;Aisle
203443;Front of Store;No;904;Front of Store
203444;Front of Store;No;931;Front of Store
203445;Aisle;No;844;Aisle
203446;Front of Store;No;785;Front of Store
203447;Front of Store;No;897;Front of Store
203448;End-cap;No;832;End-cap
203449;Aisle;Yes;1301;Aisle
203450;Front of Store;No;862;Front of Store
203451;Front of Store;Yes;1263;Front of Store
203452;End-cap;Yes;1224;End-cap
203453;Front of Store;No;737;Front of Store
203454;End-cap;Yes;1330;End-cap
203455;Front of Store;Yes;1310;Front of Store
203456;Aisle;Yes;1502;Aisle
203457;End-cap;No;951;End-cap
203458;End-cap;Yes;1478;End-cap
203459;End-cap;No;1010;End-cap
203460;Front of Store;No;1039;Front of Store
203461;Aisle;No;704;Aisle
203462;Aisle;No;869;Aisle
203463;Aisle;Yes;1252;Aisle
203464;End-cap;No;888;End-cap
203465;End-cap;No;877;End-cap
203466;Aisle;No;843;Aisle
203467;Aisle;No;770;Aisle
203468;End-cap;Yes;1498;End-cap
203469;Aisle;No;714;Aisle
203470;End-cap;Yes;1564;End-cap
203471;Aisle;Yes;1593;Aisle
203472;Aisle;Yes;1329;Aisle
203473;End-cap;No;1017;End-cap
203474;Aisle;No;1024;Aisle
203475;End-cap;No;924;End-cap
203476;Aisle;Yes;1199;Aisle
203477;Aisle;No;909;Aisle
203478;Front of Store;No;953;Front of Store
203479;End-cap;No;852;End-cap
203480;Aisle;No;704;Aisle
203481;End-cap;Yes;1542;End-cap
203482;End-cap;No;740;End-cap
203483;Aisle;Yes;1844;Aisle
203484;End-cap;Yes;1423;End-cap
203485;Aisle;No;858;Aisle
203486;Aisle;No;815;Aisle
203487;Front of Store;Yes;1730;Front of Store
203488;Aisle;No;954;Aisle
203489;End-cap;No;781;End-cap
203490;Front of Store;Yes;1295;Front of Store
203491;Front of Store;No;775;Front of Store
203492;Front of Store;No;969;Front of Store
203493;End-cap;No;900;End-cap
203494;Aisle;No;962;Aisle
203495;End-cap;No;929;End-cap
203496;End-cap;Yes;1522;End-cap
203497;Front of Store;No;830;Front of Store
203498;Aisle;Yes;1592;Aisle
203499;Front of Store;No;989;Front of Store
203500;End-cap;No;990;End-cap
203501;Aisle;No;851;Aisle
203502;End-cap;No;866;End-cap
203503;Front of Store;No;843;Front of Store
203504;End-cap;Yes;1472;End-cap
203505;End-cap;No;957;End-cap
203506;End-cap;No;761;End-cap
203507;Aisle;Yes;1528;Aisle
203508;End-cap;No;550;End-cap
203509;End-cap;No;925;End-cap
203510;Aisle;No;810;Aisle
203511;Aisle;Yes;1429;Aisle
203512;End-cap;No;842;End-cap
203513;Aisle;Yes;1225;Aisle
203514;End-cap;No;848;End-cap
203515;End-cap;No;1031;End-cap
203516;Aisle;Yes;1146;Aisle
203517;End-cap;Yes;1632;End-cap
203518;Aisle;Yes;1362;Aisle
203519;Aisle;Yes;1311;Aisle
203520;Front of Store;No;906;Front of Store
203521;Aisle;Yes;1638;Aisle
203522;Aisle;Yes;1317;Aisle
203523;End-cap;No;818;End-cap
203524;Front of Store;Yes;1759;Front of Store
203525;End-cap;No;670;End-cap
203526;End-cap;Yes;1606;End-cap
203527;Aisle;No;881;Aisle
203528;Aisle;No;906;Aisle
203529;End-cap;Yes;1254;End-cap
203530;Front of Store;No;764;Front of Store
203531;End-cap;No;1065;End-cap
203532;End-cap;Yes;1172;End-cap
203533;End-cap;No;716;End-cap
203534;Front of Store;No;842;Front of Store
203535;Front of Store;Yes;1277;Front of Store
203536;Front of Store;No;888;Front of Store
203537;Front of Store;No;904;Front of Store
203538;Front of Store;Yes;1325;Front of Store
203539;End-cap;Yes;1743;End-cap
203540;End-cap;No;714;End-cap
203541;Front of Store;No;864;Front of Store
203542;End-cap;No;871;End-cap
203543;Front of Store;No;860;Front of Store
203544;Front of Store;No;804;Front of Store
203545;Front of Store;Yes;1361;Front of Store
203546;End-cap;Yes;1345;End-cap
203547;Aisle;Yes;1293;Aisle
203548;Front of Store;No;915;Front of Store
203549;Aisle;No;856;Aisle
203550;End-cap;No;1035;End-cap
203551;Front of Store;No;872;Front of Store
203552;End-cap;Yes;1366;End-cap
203553;End-cap;Yes;1525;End-cap
203554;End-cap;No;1041;End-cap
203555;Aisle;No;876;Aisle
203556;Aisle;No;904;Aisle
203557;End-cap;Yes;1368;End-cap
203558;Aisle;No;840;Aisle
203559;Aisle;No;948;Aisle
203560;Aisle;Yes;1167;Aisle
203561;End-cap;No;852;End-cap
203562;End-cap;Yes;1579;End-cap
203563;Aisle;No;898;Aisle
203564;Front of Store;Yes;1196;Front of Store
203565;Aisle;Yes;1313;Aisle
203566;End-cap;Yes;1365;End-cap
203567;Front of Store;No;903;Front of Store
203568;End-cap;No;980;End-cap
203569;End-cap;No;820;End-cap
203570;End-cap;Yes;1287;End-cap
203571;End-cap;Yes;1442;End-cap
203572;Front of Store;No;857;Front of Store
203573;End-cap;No;1062;End-cap
203574;Aisle;No;690;Aisle
203575;Front of Store;No;836;Front of Store
203576;Front of Store;Yes;1436;Front of Store
203577;End-cap;No;872;End-cap
203578;Aisle;No;1034;Aisle
203579;End-cap;No;943;End-cap
203580;Aisle;Yes;1107;Aisle
203581;End-cap;Yes;1551;End-cap
203582;Aisle;No;828;Aisle
203583;End-cap;Yes;1365;End-cap
203584;Aisle;No;771;Aisle
203585;Aisle;Yes;1376;Aisle
203586;Aisle;Yes;1359;Aisle
203587;Front of Store;Yes;1547;Front of Store
203588;End-cap;No;869;End-cap
203589;Aisle;No;870;Aisle
203590;Aisle;Yes;1426;Aisle
203591;End-cap;No;884;End-cap
203592;Aisle;Yes;1345;Aisle
203593;Aisle;No;836;Aisle
203594;Aisle;No;946;Aisle
203595;Aisle;Yes;1288;Aisle
203596;End-cap;Yes;1536;End-cap
203597;End-cap;No;728;End-cap
203598;End-cap;No;860;End-cap
203599;Aisle;Yes;1257;Aisle
203600;Aisle;Yes;1583;Aisle
203601;End-cap;Yes;1508;End-cap
203602;End-cap;No;818;End-cap
203603;Front of Store;Yes;1480;Front of Store
203604;Front of Store;No;858;Front of Store
203605;Front of Store;Yes;1854;Front of Store
203606;End-cap;No;817;End-cap
203607;Aisle;No;753;Aisle
203608;Front of Store;No;798;Front of Store
203609;End-cap;Yes;1732;End-cap
203610;End-cap;No;746;End-cap
203611;Aisle;Yes;1430;Aisle
203612;End-cap;Yes;1212;End-cap
203613;End-cap;Yes;1381;End-cap
203614;Aisle;No;745;Aisle
203615;Front of Store;Yes;1333;Front of Store
203616;Aisle;No;633;Aisle
203617;End-cap;No;808;End-cap
203618;Front of Store;Yes;1562;Front of Store
203619;End-cap;Yes;1549;End-cap
203620;Front of Store;No;958;Front of Store
203621;Front of Store;No;1097;Front of Store
203622;End-cap;Yes;1392;End-cap
203623;End-cap;Yes;1615;End-cap
203624;End-cap;No;822;End-cap
203625;End-cap;Yes;1432;End-cap
203626;End-cap;No;1021;End-cap
203627;End-cap;No;699;End-cap
203628;Aisle;Yes;1493;Aisle
203629;Front of Store;Yes;1610;Front of Store
203630;Front of Store;Yes;1120;Front of Store
203631;Aisle;Yes;1402;Aisle
203632;End-cap;Yes;1534;End-cap
203633;Front of Store;No;726;Front of Store
203634;End-cap;No;861;End-cap
203635;End-cap;No;878;End-cap
203636;Front of Store;Yes;1421;Front of Store
203637;Front of Store;No;748;Front of Store
203638;Aisle;Yes;1203;Aisle
203639;Aisle;Yes;1304;Aisle
203640;Aisle;No;955;Aisle
203641;End-cap;Yes;1325;End-cap
203642;Aisle;Yes;1113;Aisle
203643;End-cap;No;1105;End-cap
203644;Aisle;Yes;1138;Aisle
203645;Aisle;No;1004;Aisle
203646;End-cap;No;802;End-cap
203647;Front of Store;Yes;1211;Front of Store
203648;Front of Store;No;1059;Front of Store
203649;Aisle;Yes;1353;Aisle
203650;End-cap;No;814;End-cap
203651;Front of Store;Yes;1456;Front of Store
203652;Front of Store;Yes;1160;Front of Store
203653;Front of Store;No;982;Front of Store
203654;End-cap;Yes;1383;End-cap
203655;Aisle;Yes;1382;Aisle
203656;End-cap;No;1018;End-cap
203657;End-cap;No;970;End-cap
203658;End-cap;Yes;1349;End-cap
203659;Aisle;Yes;1250;Aisle
203660;Aisle;Yes;1213;Aisle
203661;End-cap;No;875;End-cap
203662;End-cap;No;818;End-cap
203663;End-cap;No;773;End-cap
203664;End-cap;Yes;1439;End-cap
203665;Aisle;No;994;Aisle
203666;Front of Store;No;978;Front of Store
203667;Aisle;No;678;Aisle
203668;End-cap;No;931;End-cap
203669;End-cap;Yes;1597;End-cap
203670;Front of Store;Yes;1425;Front of Store
203671;Front of Store;No;846;Front of Store
203672;Aisle;No;891;Aisle
203673;Aisle;Yes;1601;Aisle
203674;Aisle;No;961;Aisle
203675;End-cap;No;848;End-cap
203676;Front of Store;No;803;Front of Store
203677;End-cap;Yes;1279;End-cap
203678;End-cap;No;736;End-cap
203679;End-cap;Yes;1385;End-cap
203680;Aisle;No;817;Aisle
203681;End-cap;No;757;End-cap
203682;Front of Store;No;998;Front of Store
203683;End-cap;No;890;End-cap
203684;Front of Store;Yes;1388;Front of Store
203685;Aisle;No;793;Aisle
203686;End-cap;Yes;1439;End-cap
203687;Aisle;No;786;Aisle
203688;Front of Store;Yes;1390;Front of Store
203689;Front of Store;Yes;1714;Front of Store
203690;End-cap;No;846;End-cap
203691;Front of Store;No;879;Front of Store
203692;End-cap;Yes;1220;End-cap
203693;Front of Store;No;884;Front of Store
203694;End-cap;No;753;End-cap
203695;Front of Store;Yes;1476;Front of Store
203696;End-cap;Yes;1450;End-cap
203697;Front of Store;No;942;Front of Store
203698;Aisle;No;963;Aisle
203699;Front of Store;No;1049;Front of Store
203700;Aisle;No;914;Aisle
203701;Front of Store;No;820;Front of Store
203702;Front of Store;Yes;1274;Front of Store
203703;Aisle;No;861;Aisle
203704;Aisle;Yes;1652;Aisle
203705;Front of Store;Yes;1545;Front of Store
203706;Aisle;No;792;Aisle
203707;Aisle;No;1075;Aisle
203708;End-cap;Yes;1187;End-cap
203709;Aisle;No;870;Aisle
203710;Front of Store;Yes;1374;Front of Store
203711;Front of Store;Yes;1462;Front of Store
203712;Aisle;Yes;1416;Aisle
203713;End-cap;No;1035;End-cap
203714;Aisle;Yes;1156;Aisle
203715;Aisle;Yes;1325;Aisle
203716;Front of Store;No;1091;Front of Store
203717;Aisle;No;708;Aisle
203718;Aisle;Yes;1471;Aisle
203719;End-cap;Yes;1287;End-cap
203720;End-cap;No;851;End-cap
203721;End-cap;No;927;End-cap
203722;Front of Store;No;1072;Front of Store
203723;Front of Store;No;798;Front of Store
203724;Front of Store;Yes;1210;Front of Store
203725;Aisle;No;855;Aisle
203726;Aisle;Yes;1217;Aisle
203727;Aisle;Yes;1438;Aisle
203728;End-cap;Yes;1076;End-cap
203729;Aisle;Yes;1537;Aisle
203730;Front of Store;Yes;1490;Front of Store
203731;End-cap;No;867;End-cap
203732;Aisle;Yes;1820;Aisle
203733;End-cap;No;816;End-cap
203734;End-cap;Yes;1517;End-cap
203735;Front of Store;Yes;1292;Front of Store
203736;Front of Store;No;839;Front of Store
203737;Front of Store;Yes;1476;Front of Store
203738;Front of Store;Yes;1373;Front of Store
203739;End-cap;No;786;End-cap
203740;Aisle;Yes;1439;Aisle
203741;Front of Store;No;949;Front of Store
203742;Aisle;Yes;1709;Aisle
203743;End-cap;Yes;1247;End-cap
203744;Aisle;No;946;Aisle
203745;Aisle;No;920;Aisle
203746;Front of Store;Yes;1408;Front of Store
203747;Aisle;No;781;Aisle
203748;Aisle;No;980;Aisle
203749;Front of Store;Yes;1278;Front of Store
203750;Front of Store;Yes;1613;Front of Store
203751;Aisle;No;1075;Aisle
203752;End-cap;No;932;End-cap
203753;Aisle;Yes;1431;Aisle
203754;Aisle;No;760;Aisle
203755;Aisle;Yes;1306;Aisle
203756;Aisle;No;629;Aisle
203757;Aisle;No;795;Aisle
203758;Front of Store;No;1007;Front of Store
203759;End-cap;Yes;1354;End-cap
203760;Front of Store;No;858;Front of Store
203761;End-cap;Yes;1451;End-cap
203762;Aisle;No;919;Aisle
203763;Front of Store;No;835;Front of Store
203764;End-cap;Yes;1384;End-cap
203765;Aisle;No;854;Aisle
203766;Aisle;No;853;Aisle
203767;Aisle;Yes;1388;Aisle
203768;End-cap;Yes;1626;End-cap
203769;End-cap;Yes;1378;End-cap
203770;End-cap;No;879;End-cap
203771;End-cap;No;675;End-cap
203772;Aisle;Yes;1251;Aisle
203773;Front of Store;No;754;Front of Store
203774;Front of Store;No;1015;Front of Store
203775;End-cap;No;997;End-cap
203776;End-cap;No;838;End-cap
203777;End-cap;No;761;End-cap
203778;End-cap;Yes;1531;End-cap
203779;Front of Store;Yes;1339;Front of Store
203780;End-cap;No;1063;End-cap
203781;End-cap;No;1016;End-cap
203782;End-cap;No;845;End-cap
203783;Front of Store;No;846;Front of Store
203784;Front of Store;No;951;Front of Store
203785;Aisle;No;760;Aisle
203786;Aisle;No;800;Aisle
203787;Aisle;No;924;Aisle
203788;Front of Store;Yes;1888;Front of Store
203789;End-cap;Yes;1528;End-cap
203790;Aisle;Yes;1428;Aisle
203791;End-cap;No;743;End-cap
203792;End-cap;No;931;End-cap
203793;End-cap;Yes;1545;End-cap
203794;Aisle;No;834;Aisle
203795;Front of Store;Yes;1450;Front of Store
203796;Aisle;Yes;1521;Aisle
203797;Aisle;No;661;Aisle
203798;End-cap;No;919;End-cap
203799;Aisle;No;1171;Aisle
203800;Aisle;Yes;1097;Aisle
203801;End-cap;No;931;End-cap
203802;Aisle;No;881;Aisle
203803;Aisle;No;905;Aisle
203804;Aisle;No;693;Aisle
203805;Front of Store;Yes;1342;Front of Store
203806;End-cap;Yes;1430;End-cap
203807;Front of Store;No;987;Front of Store
203808;End-cap;Yes;1188;End-cap
203809;Aisle;No;822;Aisle
203810;Aisle;No;886;Aisle
203811;Aisle;Yes;1878;Aisle
203812;End-cap;Yes;1452;End-cap
203813;Front of Store;Yes;1234;Front of Store
203814;Front of Store;No;734;Front of Store
203815;Front of Store;No;966;Front of Store
203816;Aisle;No;913;Aisle
203817;End-cap;No;907;End-cap
203818;Front of Store;Yes;1520;Front of Store
203819;Aisle;No;975;Aisle
203820;Front of Store;No;874;Front of Store
203821;Front of Store;No;772;Front of Store
203822;End-cap;Yes;1463;End-cap
203823;End-cap;Yes;1383;End-cap
203824;Aisle;No;906;Aisle
203825;End-cap;Yes;1432;End-cap
203826;Front of Store;Yes;1692;Front of Store
203827;End-cap;Yes;1652;End-cap
203828;End-cap;Yes;1493;End-cap
203829;Aisle;No;600;Aisle
203830;Front of Store;Yes;1440;Front of Store
203831;Front of Store;No;799;Front of Store
203832;Aisle;No;716;Aisle
203833;End-cap;No;890;End-cap
203834;End-cap;No;744;End-cap
203835;Aisle;No;886;Aisle
203836;Aisle;No;936;Aisle
203837;End-cap;No;873;End-cap
203838;End-cap;Yes;1309;End-cap
203839;Aisle;Yes;1434;Aisle
203840;Aisle;No;800;Aisle
203841;Aisle;Yes;1438;Aisle
203842;Aisle;Yes;1356;Aisle
203843;Front of Store;No;954;Front of Store
203844;End-cap;No;838;End-cap
203845;End-cap;No;739;End-cap
203846;Aisle;Yes;1380;Aisle
203847;Aisle;No;879;Aisle
203848;Front of Store;No;636;Front of Store
203849;Front of Store;Yes;1323;Front of Store
203850;Aisle;No;1023;Aisle
203851;End-cap;Yes;1391;End-cap
203852;End-cap;Yes;1323;End-cap
203853;Aisle;Yes;1623;Aisle
203854;Aisle;No;1110;Aisle
203855;Aisle;Yes;1170;Aisle
203856;Aisle;No;833;Aisle
203857;Front of Store;Yes;1381;Front of Store
203858;Front of Store;No;784;Front of Store
203859;End-cap;Yes;1393;End-cap
203860;Front of Store;No;754;Front of Store
203861;End-cap;No;902;End-cap
203862;Front of Store;No;918;Front of Store
203863;Front of Store;No;880;Front of Store
203864;Aisle;No;998;Aisle
203865;Front of Store;No;855;Front of Store
203866;Front of Store;No;813;Front of Store
203867;End-cap;Yes;1484;End-cap
203868;End-cap;No;815;End-cap
203869;Aisle;No;1024;Aisle
203870;Aisle;No;792;Aisle
203871;Aisle;No;1046;Aisle
203872;Aisle;No;767;Aisle
203873;Front of Store;Yes;1455;Front of Store
203874;Front of Store;No;842;Front of Store
203875;Front of Store;No;838;Front of Store
203876;Aisle;No;764;Aisle
203877;Front of Store;Yes;1394;Front of Store
203878;End-cap;No;793;End-cap
203879;Aisle;No;885;Aisle
203880;Aisle;Yes;1471;Aisle
203881;Aisle;No;1062;Aisle
203882;Front of Store;Yes;1396;Front of Store
203883;End-cap;Yes;1640;End-cap
203884;End-cap;No;871;End-cap
203885;End-cap;Yes;1266;End-cap
203886;Front of Store;No;678;Front of Store
203887;Front of Store;No;891;Front of Store
203888;End-cap;Yes;1219;End-cap
203889;End-cap;No;964;End-cap
203890;End-cap;No;727;End-cap
203891;Aisle;No;649;Aisle
203892;Front of Store;No;756;Front of Store
203893;End-cap;No;996;End-cap
203894;Aisle;No;893;Aisle
203895;Front of Store;No;936;Front of Store
203896;Aisle;No;857;Aisle
203897;Aisle;No;813;Aisle
203898;Front of Store;Yes;1233;Front of Store
203899;Front of Store;No;761;Front of Store
203900;Front of Store;Yes;1846;Front of Store
203901;End-cap;No;731;End-cap
203902;Front of Store;No;1159;Front of Store
203903;End-cap;No;865;End-cap
203904;Front of Store;No;747;Front of Store
203905;End-cap;Yes;1642;End-cap
203906;End-cap;No;848;End-cap
203907;End-cap;No;718;End-cap
203908;Aisle;No;840;Aisle
203909;Aisle;Yes;1516;Aisle
203910;End-cap;Yes;1243;End-cap
203911;Aisle;Yes;1206;Aisle
203912;End-cap;Yes;1541;End-cap
203913;Aisle;Yes;1331;Aisle
203914;End-cap;No;803;End-cap
203915;Aisle;No;841;Aisle
203916;End-cap;Yes;1431;End-cap
203917;Aisle;No;764;Aisle
203918;Aisle;Yes;1382;Aisle
203919;End-cap;No;854;End-cap
203920;Front of Store;Yes;1525;Front of Store
203921;Front of Store;No;981;Front of Store
203922;End-cap;No;797;End-cap
203923;Front of Store;Yes;1319;Front of Store
203924;Aisle;No;948;Aisle
203925;End-cap;No;934;End-cap
203926;Front of Store;No;843;Front of Store
203927;End-cap;No;876;End-cap
203928;Aisle;Yes;1556;Aisle
203929;Aisle;No;1004;Aisle
203930;End-cap;No;1137;End-cap
203931;Front of Store;Yes;1277;Front of Store
203932;Front of Store;No;889;Front of Store
203933;Aisle;No;1016;Aisle
203934;End-cap;No;823;End-cap
203935;End-cap;No;1010;End-cap
203936;Front of Store;Yes;1371;Front of Store
203937;End-cap;No;1031;End-cap
203938;Aisle;Yes;1468;Aisle
203939;End-cap;Yes;1839;End-cap
203940;End-cap;No;870;End-cap
203941;Aisle;No;788;Aisle
203942;Front of Store;Yes;1610;Front of Store
203943;End-cap;Yes;1489;End-cap
203944;End-cap;No;868;End-cap
203945;End-cap;No;819;End-cap
203946;Aisle;Yes;1224;Aisle
203947;End-cap;Yes;1593;End-cap
203948;End-cap;Yes;1268;End-cap
203949;Aisle;Yes;1425;Aisle
203950;Aisle;No;750;Aisle
203951;Front of Store;No;1099;Front of Store
203952;Front of Store;No;829;Front of Store
203953;End-cap;No;922;End-cap
203954;End-cap;No;883;End-cap
203955;Front of Store;No;871;Front of Store
203956;End-cap;No;749;End-cap
203957;Aisle;No;1051;Aisle
203958;Front of Store;No;927;Front of Store
203959;Aisle;Yes;1211;Aisle
203960;Front of Store;No;1084;Front of Store
203961;Aisle;Yes;1929;Aisle
203962;Aisle;No;746;Aisle
203963;End-cap;Yes;1337;End-cap
203964;Aisle;No;731;Aisle
203965;Aisle;No;911;Aisle
203966;Aisle;No;868;Aisle
203967;Front of Store;Yes;1428;Front of Store
203968;Aisle;No;853;Aisle
203969;Aisle;Yes;1582;Aisle
203970;Aisle;No;651;Aisle
203971;End-cap;No;1043;End-cap
203972;End-cap;No;858;End-cap
203973;Front of Store;Yes;1315;Front of Store
203974;End-cap;No;830;End-cap
203975;End-cap;Yes;1416;End-cap
203976;Front of Store;Yes;1289;Front of Store
203977;Front of Store;No;857;Front of Store
203978;Front of Store;Yes;1763;Front of Store
203979;Aisle;No;1010;Aisle
203980;End-cap;Yes;1293;End-cap
203981;Aisle;No;727;Aisle
203982;Aisle;No;854;Aisle
203983;End-cap;No;768;End-cap
203984;Aisle;Yes;1406;Aisle
203985;End-cap;No;926;End-cap
203986;Aisle;No;692;Aisle
203987;Aisle;No;754;Aisle
203988;Aisle;No;950;Aisle
203989;End-cap;Yes;1402;End-cap
203990;End-cap;Yes;1444;End-cap
203991;Aisle;Yes;1183;Aisle
203992;End-cap;No;706;End-cap
203993;End-cap;No;758;End-cap
203994;End-cap;No;1181;End-cap
203995;End-cap;No;987;End-cap
203996;Aisle;No;862;Aisle
203997;Front of Store;No;762;Front of Store
203998;Front of Store;No;755;Front of Store
203999;Front of Store;Yes;1360;Front of Store
204000;Aisle;No;754;Aisle
204001;Aisle;Yes;1397;Aisle
204002;End-cap;Yes;1274;End-cap
204003;Aisle;Yes;1830;Aisle
204004;End-cap;Yes;1379;End-cap
204005;Aisle;No;837;Aisle
204006;Aisle;Yes;1115;Aisle
204007;Aisle;Yes;1431;Aisle
204008;End-cap;No;939;End-cap
204009;End-cap;Yes;1273;End-cap
204010;Aisle;No;930;Aisle
204011;Aisle;Yes;1250;Aisle
204012;End-cap;No;880;End-cap
204013;Front of Store;Yes;1592;Front of Store
204014;End-cap;Yes;1084;End-cap
204015;Aisle;No;830;Aisle
204016;Front of Store;Yes;1360;Front of Store
204017;End-cap;No;797;End-cap
204018;Aisle;Yes;1645;Aisle
204019;Front of Store;Yes;1338;Front of Store
204020;Front of Store;Yes;1512;Front of Store
204021;Aisle;No;940;Aisle
204022;Front of Store;Yes;1169;Front of Store
204023;Front of Store;Yes;1277;Front of Store
204024;Aisle;No;822;Aisle
204025;Aisle;No;935;Aisle
204026;Aisle;No;1082;Aisle
204027;End-cap;No;939;End-cap
204028;End-cap;No;963;End-cap
204029;Front of Store;No;809;Front of Store
204030;Front of Store;No;838;Front of Store
204031;Aisle;Yes;1363;Aisle
204032;End-cap;No;1138;End-cap
204033;Aisle;No;1036;Aisle
204034;Front of Store;No;926;Front of Store
204035;Front of Store;No;793;Front of Store
204036;Front of Store;No;811;Front of Store
204037;Aisle;No;923;Aisle
204038;End-cap;No;1108;End-cap
204039;End-cap;No;853;End-cap
204040;Front of Store;No;765;Front of Store
204041;Aisle;No;778;Aisle
204042;End-cap;No;910;End-cap
204043;End-cap;No;964;End-cap
204044;Aisle;No;852;Aisle
204045;End-cap;Yes;1251;End-cap
204046;Aisle;No;1021;Aisle
204047;Aisle;Yes;1562;Aisle
204048;Front of Store;No;667;Front of Store
204049;End-cap;No;916;End-cap
204050;Aisle;Yes;1287;Aisle
204051;End-cap;No;827;End-cap
204052;End-cap;No;827;End-cap
204053;Aisle;Yes;1516;Aisle
204054;Aisle;No;1052;Aisle
204055;End-cap;No;1041;End-cap
204056;Aisle;No;925;Aisle
204057;Front of Store;Yes;1231;Front of Store
204058;End-cap;Yes;1171;End-cap
204059;Aisle;No;973;Aisle
204060;Front of Store;No;601;Front of Store
204061;Aisle;No;983;Aisle
204062;End-cap;No;774;End-cap
204063;Front of Store;No;1066;Front of Store
204064;Aisle;No;764;Aisle
204065;Aisle;Yes;1300;Aisle
204066;End-cap;No;877;End-cap
204067;Aisle;No;732;Aisle
204068;Aisle;No;735;Aisle
204069;Aisle;No;814;Aisle
204070;Aisle;No;756;Aisle
204071;Aisle;Yes;1378;Aisle
204072;Aisle;No;752;Aisle
204073;Aisle;No;838;Aisle
204074;Front of Store;No;739;Front of Store
204075;Aisle;No;787;Aisle
204076;Aisle;No;835;Aisle
204077;Aisle;No;958;Aisle
204078;End-cap;No;947;End-cap
204079;Front of Store;No;908;Front of Store
204080;Aisle;No;827;Aisle
204081;Aisle;Yes;1393;Aisle
204082;End-cap;No;1034;End-cap
204083;Front of Store;Yes;1520;Front of Store
204084;Front of Store;Yes;1469;Front of Store
204085;End-cap;Yes;1275;End-cap
204086;Front of Store;No;1062;Front of Store
204087;Front of Store;No;749;Front of Store
204088;End-cap;No;734;End-cap
204089;End-cap;Yes;1288;End-cap
204090;End-cap;No;829;End-cap
204091;End-cap;Yes;1674;End-cap
204092;End-cap;Yes;1331;End-cap
204093;Aisle;Yes;1343;Aisle
204094;Aisle;No;774;Aisle
204095;End-cap;No;1040;End-cap
204096;Aisle;No;781;Aisle
204097;End-cap;No;808;End-cap
204098;End-cap;Yes;1211;End-cap
204099;Aisle;No;801;Aisle
204100;Front of Store;No;1062;Front of Store
204101;Aisle;Yes;1377;Aisle
204102;End-cap;No;844;End-cap
204103;Aisle;No;1049;Aisle
204104;Aisle;Yes;1434;Aisle
204105;Aisle;Yes;1283;Aisle
204106;Aisle;Yes;1729;Aisle
204107;End-cap;Yes;1359;End-cap
204108;End-cap;No;959;End-cap
204109;Front of Store;No;1001;Front of Store
204110;Aisle;No;919;Aisle
204111;Front of Store;No;853;Front of Store
204112;End-cap;No;660;End-cap
204113;End-cap;No;657;End-cap
204114;End-cap;Yes;1432;End-cap
204115;Front of Store;No;842;Front of Store
204116;Front of Store;No;692;Front of Store
204117;Front of Store;Yes;1522;Front of Store
204118;Front of Store;No;653;Front of Store
204119;Front of Store;No;846;Front of Store
204120;End-cap;No;725;End-cap
204121;End-cap;No;1013;End-cap
204122;Aisle;No;726;Aisle
204123;Aisle;No;835;Aisle
204124;Front of Store;No;872;Front of Store
204125;End-cap;Yes;1344;End-cap
204126;End-cap;Yes;1391;End-cap
204127;End-cap;Yes;1197;End-cap
204128;End-cap;No;746;End-cap
204129;End-cap;Yes;1481;End-cap
204130;Front of Store;Yes;1621;Front of Store
204131;End-cap;No;819;End-cap
204132;Front of Store;No;1061;Front of Store
204133;Front of Store;Yes;1519;Front of Store
204134;Aisle;Yes;1199;Aisle
204135;End-cap;No;709;End-cap
204136;Front of Store;No;798;Front of Store
204137;Aisle;No;840;Aisle
204138;Front of Store;No;885;Front of Store
204139;Aisle;No;835;Aisle
204140;Aisle;No;1128;Aisle
204141;Aisle;No;923;Aisle
204142;Front of Store;Yes;1793;Front of Store
204143;End-cap;No;855;End-cap
204144;Front of Store;No;965;Front of Store
204145;End-cap;Yes;1300;End-cap
204146;Aisle;No;849;Aisle
204147;Aisle;No;882;Aisle
204148;End-cap;No;922;End-cap
204149;Aisle;Yes;1211;Aisle
204150;End-cap;No;1016;End-cap
204151;Front of Store;Yes;1164;Front of Store
204152;Front of Store;No;1076;Front of Store
204153;Front of Store;No;875;Front of Store
204154;Front of Store;Yes;1386;Front of Store
204155;Aisle;No;1038;Aisle
204156;End-cap;No;875;End-cap
204157;End-cap;Yes;1381;End-cap
204158;Front of Store;Yes;1400;Front of Store
204159;End-cap;No;994;End-cap
204160;Aisle;No;991;Aisle
204161;Front of Store;No;712;Front of Store
204162;Aisle;No;818;Aisle
204163;End-cap;Yes;1407;End-cap
204164;Aisle;No;945;Aisle
204165;Aisle;Yes;1413;Aisle
204166;End-cap;Yes;1229;End-cap
204167;Aisle;Yes;1216;Aisle
204168;Front of Store;No;887;Front of Store
204169;Front of Store;Yes;1220;Front of Store
204170;Aisle;No;752;Aisle
204171;Front of Store;Yes;1342;Front of Store
204172;Aisle;Yes;1151;Aisle
204173;Aisle;No;1056;Aisle
204174;End-cap;Yes;1532;End-cap
204175;End-cap;Yes;1314;End-cap
204176;Aisle;Yes;1512;Aisle
204177;Aisle;No;693;Aisle
204178;Front of Store;No;892;Front of Store
204179;Aisle;No;1112;Aisle
204180;Front of Store;No;716;Front of Store
204181;Aisle;Yes;1399;Aisle
204182;Front of Store;No;904;Front of Store
204183;End-cap;No;760;End-cap
204184;Front of Store;No;765;Front of Store
204185;Aisle;No;765;Aisle
204186;Aisle;Yes;1731;Aisle
204187;End-cap;No;765;End-cap
204188;Aisle;No;839;Aisle
204189;Aisle;Yes;1431;Aisle
204190;End-cap;No;890;End-cap
204191;Aisle;No;1000;Aisle
204192;Aisle;Yes;1789;Aisle
204193;Aisle;No;791;Aisle
204194;Aisle;No;1090;Aisle
204195;Aisle;No;1033;Aisle
204196;Aisle;Yes;1447;Aisle
204197;Front of Store;Yes;1331;Front of Store
204198;Front of Store;Yes;1267;Front of Store
204199;Aisle;No;950;Aisle
204200;Aisle;Yes;1199;Aisle
204201;End-cap;No;834;End-cap
204202;Aisle;Yes;1542;Aisle
204203;End-cap;Yes;1287;End-cap
204204;Aisle;No;879;Aisle
204205;Aisle;Yes;1433;Aisle
204206;Aisle;No;905;Aisle
204207;Aisle;No;832;Aisle
204208;End-cap;Yes;1446;End-cap
204209;Aisle;Yes;1232;Aisle
204210;Front of Store;Yes;1246;Front of Store
204211;End-cap;Yes;1313;End-cap
204212;Front of Store;No;804;Front of Store
204213;Front of Store;No;932;Front of Store
204214;End-cap;No;919;End-cap
204215;End-cap;No;704;End-cap
204216;End-cap;No;743;End-cap
204217;Front of Store;No;763;Front of Store
204218;Aisle;Yes;1670;Aisle
204219;End-cap;No;885;End-cap
204220;Aisle;No;808;Aisle
204221;End-cap;No;800;End-cap
204222;Aisle;No;921;Aisle
204223;End-cap;No;719;End-cap
204224;Aisle;Yes;1294;Aisle
204225;Aisle;Yes;1365;Aisle
204226;Aisle;Yes;1318;Aisle
204227;Front of Store;Yes;1282;Front of Store
204228;Front of Store;No;963;Front of Store
204229;End-cap;No;998;End-cap
204230;End-cap;No;1022;End-cap
204231;Aisle;Yes;1391;Aisle
204232;Front of Store;No;971;Front of Store
204233;Aisle;No;864;Aisle
204234;End-cap;No;925;End-cap
204235;Front of Store;No;808;Front of Store
204236;Aisle;No;960;Aisle
204237;Front of Store;No;928;Front of Store
204238;Front of Store;Yes;1223;Front of Store
204239;Aisle;Yes;1048;Aisle
204240;Aisle;No;828;Aisle
204241;End-cap;Yes;1640;End-cap
204242;End-cap;No;902;End-cap
204243;End-cap;Yes;1605;End-cap
204244;End-cap;No;935;End-cap
204245;Aisle;No;898;Aisle
204246;Aisle;Yes;1385;Aisle
204247;Front of Store;No;755;Front of Store
204248;Aisle;No;852;Aisle
204249;Aisle;No;916;Aisle
204250;Front of Store;Yes;1220;Front of Store
204251;Aisle;No;878;Aisle
204252;End-cap;No;759;End-cap
204253;Aisle;No;934;Aisle
204254;Aisle;Yes;1582;Aisle
204255;End-cap;Yes;1373;End-cap
204256;End-cap;Yes;1349;End-cap
204257;Front of Store;Yes;1605;Front of Store
204258;Aisle;No;906;Aisle
204259;Aisle;No;935;Aisle
204260;Front of Store;No;817;Front of Store
204261;Aisle;No;785;Aisle
204262;Aisle;Yes;1419;Aisle
204263;Aisle;Yes;1512;Aisle
204264;Front of Store;Yes;1601;Front of Store
204265;Aisle;Yes;1281;Aisle
204266;Front of Store;No;827;Front of Store
204267;Front of Store;No;846;Front of Store
204268;Aisle;No;785;Aisle
204269;Aisle;Yes;1658;Aisle
204270;End-cap;Yes;1415;End-cap
204271;End-cap;No;767;End-cap
204272;Aisle;No;701;Aisle
204273;Front of Store;No;742;Front of Store
204274;Aisle;Yes;1397;Aisle
204275;Aisle;No;789;Aisle
204276;End-cap;No;864;End-cap
204277;End-cap;No;938;End-cap
204278;End-cap;Yes;1423;End-cap
204279;End-cap;Yes;1540;End-cap
204280;Front of Store;Yes;1548;Front of Store
204281;Front of Store;Yes;1546;Front of Store
204282;Front of Store;Yes;1613;Front of Store
204283;Aisle;No;775;Aisle
204284;Front of Store;No;1018;Front of Store
204285;End-cap;No;675;End-cap
204286;End-cap;Yes;1601;End-cap
204287;Front of Store;No;1012;Front of Store
204288;Aisle;No;1072;Aisle
204289;Aisle;No;798;Aisle
204290;Aisle;No;862;Aisle
204291;End-cap;No;715;End-cap
204292;Aisle;Yes;1098;Aisle
204293;Aisle;No;820;Aisle
204294;End-cap;No;779;End-cap
204295;End-cap;No;749;End-cap
204296;End-cap;No;797;End-cap
204297;Aisle;No;865;Aisle
204298;Front of Store;Yes;1354;Front of Store
204299;Aisle;No;679;Aisle
204300;Front of Store;No;835;Front of Store
204301;Front of Store;No;924;Front of Store
204302;Front of Store;No;803;Front of Store
204303;End-cap;No;795;End-cap
204304;Aisle;No;885;Aisle
204305;Front of Store;No;729;Front of Store
204306;Aisle;No;864;Aisle
204307;Aisle;Yes;1379;Aisle
204308;End-cap;Yes;1377;End-cap
204309;End-cap;Yes;1446;End-cap
204310;Front of Store;Yes;1490;Front of Store
204311;Front of Store;Yes;1264;Front of Store
204312;Aisle;Yes;1714;Aisle
204313;End-cap;No;848;End-cap
204314;End-cap;Yes;1518;End-cap
204315;End-cap;Yes;1696;End-cap
204316;End-cap;No;859;End-cap
204317;Aisle;No;865;Aisle
204318;End-cap;Yes;1218;End-cap
204319;End-cap;No;918;End-cap
204320;End-cap;Yes;1443;End-cap
204321;Aisle;No;1073;Aisle
204322;Aisle;Yes;1218;Aisle
204323;End-cap;No;708;End-cap
204324;Aisle;Yes;1334;Aisle
204325;Front of Store;No;916;Front of Store
204326;End-cap;No;796;End-cap
204327;Aisle;Yes;1373;Aisle
204328;Aisle;Yes;1461;Aisle
204329;Aisle;Yes;1615;Aisle
204330;Aisle;Yes;1277;Aisle
204331;Aisle;No;819;Aisle
204332;Aisle;No;798;Aisle
204333;Front of Store;Yes;1135;Front of Store
204334;Front of Store;Yes;1511;Front of Store
204335;Aisle;Yes;1474;Aisle
204336;Front of Store;Yes;1249;Front of Store
204337;Front of Store;No;839;Front of Store
204338;Aisle;Yes;1649;Aisle
204339;Front of Store;Yes;1418;Front of Store
204340;Aisle;Yes;1332;Aisle
204341;Front of Store;No;761;Front of Store
204342;End-cap;No;672;End-cap
204343;End-cap;No;883;End-cap
204344;End-cap;Yes;1268;End-cap
204345;End-cap;Yes;1396;End-cap
204346;Aisle;No;971;Aisle
204347;Front of Store;No;752;Front of Store
204348;Front of Store;Yes;1346;Front of Store
204349;Front of Store;No;778;Front of Store
204350;End-cap;Yes;1487;End-cap
204351;Front of Store;No;680;Front of Store
204352;Front of Store;No;879;Front of Store
204353;Aisle;No;1003;Aisle
204354;Front of Store;No;1004;Front of Store
204355;Aisle;No;1006;Aisle
204356;Aisle;Yes;1300;Aisle
204357;Front of Store;No;1015;Front of Store
204358;Aisle;No;797;Aisle
204359;End-cap;Yes;1663;End-cap
204360;Aisle;Yes;1730;Aisle
204361;Front of Store;Yes;1416;Front of Store
204362;Aisle;No;784;Aisle
204363;Aisle;Yes;1595;Aisle
204364;End-cap;Yes;1576;End-cap
204365;Aisle;Yes;1787;Aisle
204366;Aisle;Yes;1252;Aisle
204367;Front of Store;No;956;Front of Store
204368;Aisle;Yes;1369;Aisle
204369;Front of Store;Yes;1355;Front of Store
204370;Front of Store;Yes;1640;Front of Store
204371;End-cap;No;831;End-cap
204372;Aisle;No;974;Aisle
204373;Aisle;No;742;Aisle
204374;Aisle;Yes;1370;Aisle
204375;Aisle;Yes;1252;Aisle
204376;End-cap;Yes;1407;End-cap
204377;End-cap;No;784;End-cap
204378;Front of Store;Yes;1240;Front of Store
204379;End-cap;No;798;End-cap
204380;End-cap;No;910;End-cap
204381;End-cap;Yes;1351;End-cap
204382;Front of Store;Yes;1225;Front of Store
204383;Front of Store;No;643;Front of Store
204384;Aisle;No;730;Aisle
204385;Aisle;Yes;1112;Aisle
204386;End-cap;No;654;End-cap
204387;Aisle;Yes;1354;Aisle
204388;Front of Store;No;676;Front of Store
204389;Aisle;Yes;1191;Aisle
204390;Aisle;No;825;Aisle
204391;End-cap;Yes;1296;End-cap
204392;End-cap;Yes;1316;End-cap
204393;Aisle;Yes;1261;Aisle
204394;Aisle;No;719;Aisle
204395;End-cap;Yes;1751;End-cap
204396;End-cap;No;664;End-cap
204397;Aisle;Yes;1624;Aisle
204398;End-cap;No;765;End-cap
204399;Front of Store;No;747;Front of Store
204400;Front of Store;Yes;1744;Front of Store
204401;Front of Store;No;915;Front of Store
204402;Aisle;No;848;Aisle
204403;Aisle;No;966;Aisle
204404;Aisle;Yes;1203;Aisle
204405;End-cap;No;896;End-cap
204406;Aisle;No;730;Aisle
204407;Aisle;No;702;Aisle
204408;End-cap;No;788;End-cap
204409;Aisle;No;971;Aisle
204410;End-cap;No;803;End-cap
204411;Aisle;No;962;Aisle
204412;Aisle;No;914;Aisle
204413;Aisle;Yes;1524;Aisle
204414;Front of Store;Yes;1202;Front of Store
204415;End-cap;Yes;1270;End-cap
204416;End-cap;No;713;End-cap
204417;Front of Store;Yes;1521;Front of Store
204418;End-cap;Yes;1319;End-cap
204419;Aisle;No;989;Aisle
204420;Aisle;No;963;Aisle
204421;Front of Store;Yes;1499;Front of Store
204422;Front of Store;No;656;Front of Store
204423;Aisle;No;913;Aisle
204424;End-cap;No;853;End-cap
204425;Aisle;No;835;Aisle
204426;Aisle;No;965;Aisle
204427;Aisle;Yes;1419;Aisle
204428;Aisle;No;856;Aisle
204429;Aisle;No;715;Aisle
204430;Front of Store;No;913;Front of Store
204431;End-cap;Yes;1216;End-cap
204432;End-cap;Yes;1197;End-cap
204433;Front of Store;No;1094;Front of Store
204434;Aisle;Yes;1267;Aisle
204435;Aisle;No;790;Aisle
204436;Aisle;Yes;1461;Aisle
204437;End-cap;No;923;End-cap
204438;Front of Store;Yes;1256;Front of Store
204439;Aisle;No;1108;Aisle
204440;Aisle;Yes;1354;Aisle
204441;Front of Store;No;1192;Front of Store
204442;End-cap;No;691;End-cap
204443;Front of Store;No;588;Front of Store
204444;End-cap;Yes;1445;End-cap
204445;Aisle;Yes;1672;Aisle
204446;Aisle;Yes;1565;Aisle
204447;Aisle;No;1035;Aisle
204448;Aisle;No;815;Aisle
204449;Front of Store;Yes;1377;Front of Store
204450;End-cap;Yes;1457;End-cap
204451;End-cap;No;844;End-cap
204452;End-cap;Yes;1363;End-cap
204453;Aisle;No;777;Aisle
204454;Aisle;No;773;Aisle
204455;Aisle;Yes;1490;Aisle
204456;Aisle;No;759;Aisle
204457;Aisle;No;978;Aisle
204458;End-cap;Yes;1691;End-cap
204459;Front of Store;Yes;1289;Front of Store
204460;Front of Store;No;994;Front of Store
204461;Front of Store;Yes;1449;Front of Store
204462;Aisle;Yes;1733;Aisle
204463;End-cap;Yes;1514;End-cap
204464;End-cap;No;775;End-cap
204465;Aisle;No;780;Aisle
204466;End-cap;No;923;End-cap
204467;End-cap;Yes;1183;End-cap
204468;Aisle;No;883;Aisle
204469;End-cap;Yes;1248;End-cap
204470;End-cap;No;1121;End-cap
204471;Front of Store;Yes;1065;Front of Store
204472;End-cap;No;920;End-cap
204473;End-cap;Yes;1583;End-cap
204474;End-cap;No;841;End-cap
204475;End-cap;No;772;End-cap
204476;Aisle;Yes;1200;Aisle
204477;Front of Store;No;976;Front of Store
204478;End-cap;Yes;1607;End-cap
204479;Front of Store;No;778;Front of Store
204480;Front of Store;Yes;1940;Front of Store
204481;Aisle;No;1028;Aisle
204482;Aisle;Yes;1399;Aisle
204483;Front of Store;Yes;1094;Front of Store
204484;Aisle;Yes;1540;Aisle
204485;Aisle;No;994;Aisle
204486;Aisle;No;1088;Aisle
204487;Aisle;No;740;Aisle
204488;Aisle;Yes;1440;Aisle
204489;End-cap;No;915;End-cap
204490;Front of Store;No;924;Front of Store
204491;End-cap;No;907;End-cap
204492;Aisle;No;787;Aisle
204493;Aisle;Yes;1262;Aisle
204494;Aisle;No;727;Aisle
204495;Aisle;Yes;1488;Aisle
204496;Front of Store;Yes;1271;Front of Store
204497;Aisle;No;946;Aisle
204498;End-cap;No;878;End-cap
204499;Front of Store;No;742;Front of Store
204500;End-cap;Yes;1273;End-cap
204501;Aisle;No;684;Aisle
204502;Front of Store;No;984;Front of Store
204503;End-cap;No;915;End-cap
204504;Aisle;No;957;Aisle
204505;Front of Store;Yes;1328;Front of Store
204506;Aisle;Yes;1632;Aisle
204507;Aisle;No;672;Aisle
204508;Front of Store;No;801;Front of Store
204509;End-cap;Yes;1687;End-cap
204510;Aisle;Yes;1444;Aisle
204511;End-cap;Yes;1591;End-cap
204512;End-cap;Yes;1779;End-cap
204513;Aisle;No;1038;Aisle
204514;Front of Store;No;857;Front of Store
204515;Aisle;No;873;Aisle
204516;Aisle;No;959;Aisle
204517;End-cap;No;821;End-cap
204518;End-cap;No;818;End-cap
204519;End-cap;No;928;End-cap
204520;Aisle;No;779;Aisle
204521;End-cap;No;674;End-cap
204522;End-cap;No;814;End-cap
204523;Front of Store;Yes;1460;Front of Store
204524;End-cap;Yes;1533;End-cap
204525;Front of Store;No;1125;Front of Store
204526;Aisle;No;956;Aisle
204527;Front of Store;No;855;Front of Store
204528;Aisle;No;956;Aisle
204529;Front of Store;Yes;1380;Front of Store
204530;Aisle;No;827;Aisle
204531;End-cap;No;851;End-cap
204532;Aisle;Yes;1310;Aisle
204533;Front of Store;Yes;1200;Front of Store
204534;End-cap;No;872;End-cap
204535;Front of Store;No;835;Front of Store
204536;Aisle;No;852;Aisle
204537;Front of Store;No;851;Front of Store
204538;End-cap;No;726;End-cap
204539;End-cap;Yes;1439;End-cap
204540;Aisle;Yes;1536;Aisle
204541;End-cap;No;869;End-cap
204542;Aisle;No;877;Aisle
204543;Aisle;No;1020;Aisle
204544;End-cap;Yes;1307;End-cap
204545;End-cap;Yes;1536;End-cap
204546;Aisle;No;899;Aisle
204547;Aisle;Yes;1419;Aisle
204548;Aisle;No;976;Aisle
204549;End-cap;No;647;End-cap
204550;Aisle;No;799;Aisle
204551;Aisle;No;870;Aisle
204552;End-cap;No;1079;End-cap
204553;Front of Store;No;804;Front of Store
204554;Front of Store;No;786;Front of Store
204555;Aisle;No;812;Aisle
204556;Front of Store;Yes;1437;Front of Store
204557;Front of Store;Yes;1386;Front of Store
204558;End-cap;No;781;End-cap
204559;Aisle;Yes;1396;Aisle
204560;Aisle;Yes;1466;Aisle
204561;Front of Store;No;909;Front of Store
204562;Aisle;No;778;Aisle
204563;Aisle;Yes;1324;Aisle
204564;Front of Store;No;984;Front of Store
204565;Aisle;Yes;1277;Aisle
204566;Aisle;Yes;1561;Aisle
204567;End-cap;No;986;End-cap
204568;Front of Store;Yes;1367;Front of Store
204569;Aisle;No;799;Aisle
204570;Aisle;No;766;Aisle
204571;End-cap;Yes;1367;End-cap
204572;Aisle;Yes;1143;Aisle
204573;End-cap;No;957;End-cap
204574;End-cap;Yes;1487;End-cap
204575;End-cap;No;946;End-cap
204576;End-cap;No;920;End-cap
204577;Aisle;No;928;Aisle
204578;End-cap;Yes;1399;End-cap
204579;Aisle;No;935;Aisle
204580;End-cap;Yes;1760;End-cap
204581;Aisle;No;1024;Aisle
204582;Front of Store;No;886;Front of Store
204583;Aisle;Yes;1491;Aisle
204584;Aisle;No;873;Aisle
204585;Aisle;No;632;Aisle
204586;Front of Store;No;981;Front of Store
204587;End-cap;No;759;End-cap
204588;End-cap;No;764;End-cap
204589;Aisle;No;773;Aisle
204590;End-cap;Yes;1122;End-cap
204591;Aisle;No;820;Aisle
204592;End-cap;No;847;End-cap
204593;Front of Store;Yes;1321;Front of Store
204594;Aisle;Yes;1685;Aisle
204595;End-cap;Yes;1830;End-cap
204596;End-cap;No;831;End-cap
204597;Aisle;Yes;1241;Aisle
204598;Front of Store;No;849;Front of Store
204599;Aisle;No;791;Aisle
204600;Aisle;No;796;Aisle
204601;Aisle;No;883;Aisle
204602;Aisle;Yes;1465;Aisle
204603;End-cap;No;982;End-cap
204604;End-cap;No;725;End-cap
204605;Aisle;No;984;Aisle
204606;Aisle;No;1011;Aisle
204607;Front of Store;No;843;Front of Store
204608;Front of Store;No;803;Front of Store
204609;Aisle;No;858;Aisle
204610;Aisle;Yes;1432;Aisle
204611;End-cap;No;811;End-cap
204612;Aisle;Yes;1505;Aisle
204613;End-cap;Yes;1313;End-cap
204614;Aisle;No;682;Aisle
204615;End-cap;Yes;1537;End-cap
204616;End-cap;Yes;1167;End-cap
204617;Aisle;Yes;1482;Aisle
204618;Aisle;Yes;1426;Aisle
204619;End-cap;No;774;End-cap
204620;Aisle;No;949;Aisle
204621;Front of Store;Yes;1574;Front of Store
204622;Aisle;No;699;Aisle
204623;Aisle;Yes;1697;Aisle
204624;End-cap;Yes;1624;End-cap
204625;End-cap;Yes;1248;End-cap
204626;Aisle;No;749;Aisle
204627;Front of Store;No;717;Front of Store
204628;End-cap;Yes;1282;End-cap
204629;Aisle;No;1010;Aisle
204630;End-cap;No;851;End-cap
204631;Aisle;No;832;Aisle
204632;Front of Store;Yes;1532;Front of Store
204633;Aisle;Yes;1675;Aisle
204634;Aisle;No;901;Aisle
204635;End-cap;Yes;1573;End-cap
204636;End-cap;No;1138;End-cap
204637;End-cap;Yes;1546;End-cap
204638;End-cap;Yes;1791;End-cap
204639;Aisle;No;911;Aisle
204640;End-cap;No;795;End-cap
204641;End-cap;Yes;1588;End-cap
204642;Front of Store;Yes;1330;Front of Store
204643;Aisle;No;755;Aisle
204644;Front of Store;No;765;Front of Store
204645;Front of Store;Yes;1462;Front of Store
204646;Aisle;Yes;1255;Aisle
204647;Aisle;No;920;Aisle
204648;Aisle;Yes;1602;Aisle
204649;Aisle;No;891;Aisle
204650;Front of Store;No;702;Front of Store
204651;Aisle;No;1069;Aisle
204652;Aisle;Yes;1749;Aisle
204653;End-cap;No;744;End-cap
204654;Aisle;No;757;Aisle
204655;Aisle;No;820;Aisle
204656;Aisle;Yes;1301;Aisle
204657;Aisle;No;860;Aisle
204658;Aisle;Yes;1672;Aisle
204659;Aisle;No;760;Aisle
204660;Aisle;No;971;Aisle
204661;Aisle;Yes;1263;Aisle
204662;Aisle;No;967;Aisle
204663;Front of Store;No;960;Front of Store
204664;End-cap;No;700;End-cap
204665;Aisle;No;783;Aisle
204666;Front of Store;Yes;1433;Front of Store
204667;Front of Store;No;832;Front of Store
204668;Front of Store;Yes;1454;Front of Store
204669;Aisle;Yes;1405;Aisle
204670;End-cap;No;593;End-cap
204671;End-cap;No;590;End-cap
204672;Aisle;No;904;Aisle
204673;End-cap;No;872;End-cap
204674;End-cap;Yes;1468;End-cap
204675;End-cap;No;958;End-cap
204676;End-cap;Yes;1852;End-cap
204677;Front of Store;No;983;Front of Store
204678;Aisle;No;1029;Aisle
204679;Aisle;No;1022;Aisle
204680;End-cap;Yes;1090;End-cap
204681;Aisle;No;719;Aisle
204682;End-cap;Yes;1511;End-cap
204683;Aisle;No;817;Aisle
204684;Front of Store;No;634;Front of Store
204685;Aisle;No;833;Aisle
204686;Front of Store;Yes;1673;Front of Store
204687;End-cap;No;938;End-cap
204688;End-cap;No;846;End-cap
204689;End-cap;No;875;End-cap
204690;End-cap;No;776;End-cap
204691;Aisle;No;914;Aisle
204692;End-cap;Yes;1358;End-cap
204693;End-cap;No;945;End-cap
204694;Aisle;Yes;1512;Aisle
204695;Aisle;No;815;Aisle
204696;Front of Store;No;872;Front of Store
204697;Aisle;Yes;1520;Aisle
204698;Aisle;Yes;1291;Aisle
204699;Aisle;No;968;Aisle
204700;Front of Store;No;958;Front of Store
204701;Aisle;Yes;1323;Aisle
204702;Aisle;No;869;Aisle
204703;End-cap;Yes;1274;End-cap
204704;End-cap;No;717;End-cap
204705;End-cap;No;1167;End-cap
204706;Aisle;No;830;Aisle
204707;Aisle;Yes;1502;Aisle
204708;Aisle;No;926;Aisle
204709;End-cap;No;886;End-cap
204710;Aisle;Yes;1732;Aisle
204711;Aisle;Yes;1386;Aisle
204712;Front of Store;No;1049;Front of Store
204713;Aisle;Yes;1433;Aisle
204714;Aisle;No;856;Aisle
204715;Front of Store;Yes;1558;Front of Store
204716;Front of Store;No;834;Front of Store
204717;Aisle;No;904;Aisle
204718;Aisle;No;743;Aisle
204719;End-cap;No;955;End-cap
204720;Front of Store;Yes;1189;Front of Store
204721;End-cap;No;668;End-cap
204722;Front of Store;Yes;1606;Front of Store
204723;End-cap;Yes;1402;End-cap
204724;End-cap;No;723;End-cap
204725;Aisle;No;763;Aisle
204726;Aisle;No;819;Aisle
204727;Aisle;No;796;Aisle
204728;Aisle;No;886;Aisle
204729;Aisle;Yes;1193;Aisle
204730;Front of Store;Yes;1380;Front of Store
204731;End-cap;No;1014;End-cap
204732;Aisle;Yes;1454;Aisle
204733;End-cap;No;844;End-cap
204734;End-cap;No;903;End-cap
204735;End-cap;Yes;1455;End-cap
204736;Aisle;No;1099;Aisle
204737;End-cap;No;846;End-cap
204738;Aisle;Yes;1238;Aisle
204739;Aisle;No;833;Aisle
204740;Aisle;No;718;Aisle
204741;End-cap;Yes;1089;End-cap
204742;End-cap;Yes;1714;End-cap
204743;End-cap;No;768;End-cap
204744;End-cap;No;730;End-cap
204745;Front of Store;No;884;Front of Store
204746;End-cap;Yes;1232;End-cap
204747;Front of Store;No;969;Front of Store
204748;Aisle;No;880;Aisle
204749;Front of Store;No;823;Front of Store
204750;End-cap;No;885;End-cap
204751;End-cap;Yes;1641;End-cap
204752;Front of Store;No;915;Front of Store
204753;Front of Store;No;977;Front of Store
204754;Aisle;Yes;1347;Aisle
204755;Aisle;Yes;1336;Aisle
204756;Aisle;Yes;1302;Aisle
204757;Aisle;No;952;Aisle
204758;Front of Store;Yes;1270;Front of Store
204759;Aisle;No;706;Aisle
204760;End-cap;No;835;End-cap
204761;Aisle;No;1148;Aisle
204762;End-cap;No;934;End-cap
204763;End-cap;Yes;1661;End-cap
204764;Aisle;No;739;Aisle
204765;Aisle;Yes;1590;Aisle
204766;End-cap;No;865;End-cap
204767;Front of Store;Yes;1598;Front of Store
204768;Front of Store;No;1085;Front of Store
204769;End-cap;Yes;1275;End-cap
204770;Aisle;No;768;Aisle
204771;Aisle;Yes;1908;Aisle
204772;Aisle;Yes;1312;Aisle
204773;Aisle;Yes;1132;Aisle
204774;Front of Store;Yes;1620;Front of Store
204775;Front of Store;Yes;1132;Front of Store
204776;End-cap;No;858;End-cap
204777;Aisle;Yes;1261;Aisle
204778;Aisle;Yes;1555;Aisle
204779;Front of Store;No;949;Front of Store
204780;Aisle;No;972;Aisle
204781;End-cap;Yes;1479;End-cap
204782;End-cap;Yes;1372;End-cap
204783;End-cap;No;910;End-cap
204784;Aisle;Yes;1419;Aisle
204785;Aisle;No;948;Aisle
204786;Front of Store;No;1054;Front of Store
204787;End-cap;No;980;End-cap
204788;Front of Store;No;996;Front of Store
204789;Aisle;No;819;Aisle
204790;Front of Store;Yes;1388;Front of Store
204791;Front of Store;Yes;1593;Front of Store
204792;Aisle;No;619;Aisle
204793;Front of Store;No;869;Front of Store
204794;Aisle;No;1098;Aisle
204795;End-cap;Yes;1236;End-cap
204796;Aisle;Yes;1444;Aisle
204797;End-cap;No;877;End-cap
204798;Front of Store;Yes;1267;Front of Store
204799;Aisle;No;1113;Aisle
204800;End-cap;Yes;1188;End-cap
204801;Aisle;No;745;Aisle
204802;End-cap;Yes;1537;End-cap
204803;Aisle;No;898;Aisle
204804;Front of Store;No;685;Front of Store
204805;Aisle;No;773;Aisle
204806;End-cap;Yes;1359;End-cap
204807;Front of Store;No;787;Front of Store
204808;Front of Store;No;852;Front of Store
204809;End-cap;Yes;1495;End-cap
204810;End-cap;No;669;End-cap
204811;Aisle;No;1006;Aisle
204812;Front of Store;No;714;Front of Store
204813;End-cap;No;805;End-cap
204814;End-cap;No;834;End-cap
204815;Aisle;No;771;Aisle
204816;End-cap;Yes;1470;End-cap
204817;Front of Store;No;702;Front of Store
204818;End-cap;Yes;1715;End-cap
204819;Aisle;Yes;1436;Aisle
204820;End-cap;No;915;End-cap
204821;Aisle;Yes;1330;Aisle
204822;Front of Store;No;849;Front of Store
204823;Front of Store;Yes;1369;Front of Store
204824;Aisle;Yes;1139;Aisle
204825;End-cap;No;822;End-cap
204826;End-cap;Yes;1417;End-cap
204827;End-cap;Yes;1555;End-cap
204828;Aisle;No;820;Aisle
204829;End-cap;Yes;1397;End-cap
204830;Front of Store;Yes;1643;Front of Store
204831;End-cap;No;957;End-cap
204832;Front of Store;No;795;Front of Store
204833;Front of Store;No;851;Front of Store
204834;Aisle;Yes;1563;Aisle
204835;End-cap;Yes;1182;End-cap
204836;End-cap;No;883;End-cap
204837;End-cap;Yes;1691;End-cap
204838;Aisle;Yes;1359;Aisle
204839;Front of Store;No;908;Front of Store
204840;End-cap;No;1002;End-cap
204841;Aisle;Yes;1146;Aisle
204842;End-cap;Yes;1369;End-cap
204843;Front of Store;No;671;Front of Store
204844;End-cap;Yes;1391;End-cap
204845;Aisle;No;886;Aisle
204846;Aisle;No;831;Aisle
204847;End-cap;Yes;1645;End-cap
204848;End-cap;Yes;1625;End-cap
204849;End-cap;No;1018;End-cap
204850;End-cap;No;869;End-cap
204851;Aisle;No;1131;Aisle
204852;Front of Store;Yes;1632;Front of Store
204853;Aisle;No;789;Aisle
204854;Aisle;No;794;Aisle
204855;Front of Store;Yes;1172;Front of Store
204856;End-cap;No;844;End-cap
204857;End-cap;Yes;1535;End-cap
204858;Front of Store;Yes;1469;Front of Store
204859;Front of Store;No;853;Front of Store
204860;End-cap;No;630;End-cap
204861;Aisle;Yes;1605;Aisle
204862;Front of Store;No;861;Front of Store
204863;Aisle;No;903;Aisle
204864;End-cap;Yes;1384;End-cap
204865;End-cap;No;917;End-cap
204866;Aisle;Yes;1720;Aisle
204867;Front of Store;Yes;1404;Front of Store
204868;Aisle;No;897;Aisle
204869;Aisle;No;877;Aisle
204870;Aisle;Yes;1343;Aisle
204871;Aisle;No;819;Aisle
204872;End-cap;No;995;End-cap
204873;Aisle;No;906;Aisle
204874;Aisle;Yes;1348;Aisle
204875;Aisle;No;787;Aisle
204876;End-cap;No;980;End-cap
204877;End-cap;Yes;1292;End-cap
204878;Aisle;No;1066;Aisle
204879;Aisle;No;1062;Aisle
204880;End-cap;No;688;End-cap
204881;End-cap;No;758;End-cap
204882;Aisle;Yes;1379;Aisle
204883;Aisle;No;920;Aisle
204884;End-cap;No;792;End-cap
204885;Aisle;No;905;Aisle
204886;Front of Store;No;828;Front of Store
204887;Aisle;No;676;Aisle
204888;Front of Store;Yes;1141;Front of Store
204889;Aisle;Yes;1479;Aisle
204890;Front of Store;No;853;Front of Store
204891;Front of Store;No;970;Front of Store
204892;Aisle;No;831;Aisle
204893;End-cap;No;806;End-cap
204894;Aisle;Yes;1492;Aisle
204895;Front of Store;Yes;1638;Front of Store
204896;Aisle;No;852;Aisle
204897;Front of Store;Yes;1287;Front of Store
204898;Front of Store;No;785;Front of Store
204899;End-cap;No;930;End-cap
204900;Aisle;No;962;Aisle
204901;Aisle;No;857;Aisle
204902;End-cap;Yes;1300;End-cap
204903;End-cap;No;735;End-cap
204904;Aisle;No;751;Aisle
204905;End-cap;No;906;End-cap
204906;Aisle;No;659;Aisle
204907;Aisle;Yes;1318;Aisle
204908;Aisle;Yes;1775;Aisle
204909;End-cap;No;901;End-cap
204910;End-cap;No;907;End-cap
204911;Aisle;Yes;1404;Aisle
204912;End-cap;Yes;1259;End-cap
204913;Front of Store;No;973;Front of Store
204914;Aisle;Yes;1395;Aisle
204915;Front of Store;No;755;Front of Store
204916;Front of Store;No;731;Front of Store
204917;Aisle;No;947;Aisle
204918;End-cap;No;898;End-cap
204919;Aisle;No;967;Aisle
204920;Front of Store;Yes;1237;Front of Store
204921;Front of Store;No;825;Front of Store
204922;Front of Store;Yes;1281;Front of Store
204923;Front of Store;No;1001;Front of Store
204924;Aisle;No;682;Aisle
204925;End-cap;No;1013;End-cap
204926;Aisle;No;710;Aisle
204927;Aisle;No;1032;Aisle
204928;End-cap;No;856;End-cap
204929;Aisle;Yes;1343;Aisle
204930;Aisle;Yes;1351;Aisle
204931;Aisle;Yes;1036;Aisle
204932;End-cap;No;986;End-cap
204933;Front of Store;No;1100;Front of Store
204934;End-cap;Yes;1546;End-cap
204935;Front of Store;No;925;Front of Store
204936;End-cap;No;834;End-cap
204937;End-cap;No;698;End-cap
204938;End-cap;No;989;End-cap
204939;End-cap;Yes;1496;End-cap
204940;End-cap;No;829;End-cap
204941;Aisle;Yes;1777;Aisle
204942;End-cap;Yes;1683;End-cap
204943;Aisle;No;715;Aisle
204944;End-cap;Yes;1836;End-cap
204945;Aisle;Yes;1523;Aisle
204946;End-cap;Yes;1265;End-cap
204947;Aisle;Yes;1258;Aisle
204948;Aisle;No;748;Aisle
204949;Front of Store;No;942;Front of Store
204950;End-cap;No;890;End-cap
204951;Front of Store;Yes;1320;Front of Store
204952;Aisle;No;701;Aisle
204953;Aisle;No;864;Aisle
204954;Aisle;No;1033;Aisle
204955;Front of Store;No;774;Front of Store
204956;Aisle;Yes;1280;Aisle
204957;Aisle;Yes;1458;Aisle
204958;End-cap;No;1137;End-cap
204959;End-cap;Yes;1213;End-cap
204960;End-cap;No;811;End-cap
204961;Aisle;Yes;1630;Aisle
204962;Aisle;No;819;Aisle
204963;End-cap;Yes;1537;End-cap
204964;Aisle;Yes;1277;Aisle
204965;Aisle;No;862;Aisle
204966;End-cap;No;929;End-cap
204967;Aisle;No;920;Aisle
204968;End-cap;Yes;1261;End-cap
204969;Front of Store;No;1035;Front of Store
204970;End-cap;No;972;End-cap
204971;Front of Store;No;1153;Front of Store
204972;Aisle;No;829;Aisle
204973;Aisle;No;657;Aisle
204974;End-cap;Yes;1483;End-cap
204975;Front of Store;No;833;Front of Store
204976;Front of Store;No;751;Front of Store
204977;Aisle;No;1074;Aisle
204978;Front of Store;No;667;Front of Store
204979;Front of Store;Yes;1242;Front of Store
204980;Front of Store;No;797;Front of Store
204981;Front of Store;No;872;Front of Store
204982;Aisle;Yes;1467;Aisle
204983;Front of Store;Yes;1585;Front of Store
204984;Aisle;No;722;Aisle
204985;Front of Store;No;877;Front of Store
204986;Front of Store;No;920;Front of Store
204987;End-cap;No;1073;End-cap
204988;Front of Store;No;907;Front of Store
204989;Aisle;Yes;1477;Aisle
204990;Aisle;Yes;1580;Aisle
204991;Aisle;No;1052;Aisle
204992;Aisle;No;1010;Aisle
204993;End-cap;No;858;End-cap
204994;End-cap;No;712;End-cap
204995;Aisle;Yes;1176;Aisle
204996;End-cap;No;961;End-cap
204997;Front of Store;Yes;1454;Front of Store
204998;Aisle;Yes;1818;Aisle
204999;End-cap;Yes;1811;End-cap
205000;End-cap;Yes;1534;End-cap
205001;Front of Store;No;966;Front of Store
205002;Front of Store;Yes;1240;Front of Store
205003;End-cap;No;875;End-cap
205004;Front of Store;No;1076;Front of Store
205005;End-cap;No;888;End-cap
205006;Front of Store;Yes;1322;Front of Store
205007;Aisle;No;894;Aisle
205008;Aisle;No;787;Aisle
205009;Aisle;No;721;Aisle
205010;End-cap;No;924;End-cap
205011;End-cap;Yes;1593;End-cap
205012;Aisle;No;961;Aisle
205013;End-cap;No;783;End-cap
205014;End-cap;Yes;1615;End-cap
205015;Aisle;No;1058;Aisle
205016;Front of Store;No;846;Front of Store
205017;End-cap;No;982;End-cap
205018;End-cap;Yes;1261;End-cap
205019;End-cap;No;750;End-cap
205020;End-cap;No;1047;End-cap
205021;Aisle;No;1042;Aisle
205022;End-cap;Yes;1528;End-cap
205023;Aisle;No;950;Aisle
205024;Aisle;No;798;Aisle
205025;Aisle;No;808;Aisle
205026;End-cap;No;930;End-cap
205027;Front of Store;No;725;Front of Store
205028;Aisle;No;733;Aisle
205029;End-cap;No;725;End-cap
205030;Aisle;Yes;1397;Aisle
205031;End-cap;Yes;1345;End-cap
205032;Aisle;Yes;1408;Aisle
205033;End-cap;Yes;1456;End-cap
205034;Aisle;No;779;Aisle
205035;Front of Store;No;872;Front of Store
205036;Front of Store;Yes;1398;Front of Store
205037;Front of Store;No;921;Front of Store
205038;Aisle;No;811;Aisle
205039;Front of Store;No;914;Front of Store
205040;Aisle;No;886;Aisle
205041;End-cap;No;1025;End-cap
205042;Aisle;No;1061;Aisle
205043;End-cap;Yes;1329;End-cap
205044;End-cap;Yes;1166;End-cap
205045;Front of Store;Yes;1241;Front of Store
205046;Front of Store;No;915;Front of Store
205047;Front of Store;No;956;Front of Store
205048;Front of Store;No;1054;Front of Store
205049;End-cap;Yes;1533;End-cap
205050;End-cap;Yes;1676;End-cap
205051;Front of Store;No;757;Front of Store
205052;End-cap;No;859;End-cap
205053;End-cap;Yes;1364;End-cap
205054;End-cap;No;1039;End-cap
205055;Front of Store;No;860;Front of Store
205056;Aisle;Yes;1365;Aisle
205057;Front of Store;No;884;Front of Store
205058;End-cap;No;892;End-cap
205059;End-cap;Yes;1495;End-cap
205060;Aisle;No;949;Aisle
205061;End-cap;No;896;End-cap
205062;Front of Store;No;932;Front of Store
205063;Aisle;No;730;Aisle
205064;End-cap;No;823;End-cap
205065;End-cap;No;854;End-cap
205066;Front of Store;Yes;1353;Front of Store
205067;End-cap;No;1081;End-cap
205068;Aisle;No;788;Aisle
205069;End-cap;No;839;End-cap
205070;Front of Store;Yes;1261;Front of Store
205071;End-cap;Yes;1320;End-cap
205072;Front of Store;No;898;Front of Store
205073;Aisle;No;705;Aisle
205074;Aisle;Yes;1592;Aisle
205075;Front of Store;No;864;Front of Store
205076;End-cap;Yes;1403;End-cap
205077;Front of Store;Yes;1621;Front of Store
205078;Aisle;No;845;Aisle
205079;Front of Store;No;985;Front of Store
205080;Front of Store;No;693;Front of Store
205081;End-cap;No;858;End-cap
205082;Aisle;No;794;Aisle
205083;Aisle;No;781;Aisle
205084;Front of Store;Yes;1784;Front of Store
205085;Front of Store;No;974;Front of Store
205086;End-cap;No;945;End-cap
205087;Aisle;Yes;1619;Aisle
205088;End-cap;Yes;1090;End-cap
205089;End-cap;Yes;1234;End-cap
205090;Aisle;Yes;1292;Aisle
205091;Front of Store;No;1152;Front of Store
205092;Aisle;No;739;Aisle
205093;Aisle;Yes;1717;Aisle
205094;Aisle;Yes;1438;Aisle
205095;Front of Store;No;738;Front of Store
205096;Front of Store;Yes;1102;Front of Store
205097;Aisle;No;853;Aisle
205098;End-cap;No;1026;End-cap
205099;Front of Store;No;805;Front of Store
205100;Aisle;No;1196;Aisle
205101;End-cap;No;781;End-cap
205102;End-cap;Yes;1372;End-cap
205103;Aisle;No;838;Aisle
205104;Aisle;No;778;Aisle
205105;End-cap;Yes;1465;End-cap
205106;Front of Store;No;777;Front of Store
205107;Front of Store;No;795;Front of Store
205108;Front of Store;Yes;1162;Front of Store
205109;End-cap;No;932;End-cap
205110;End-cap;No;740;End-cap
205111;Front of Store;Yes;1669;Front of Store
205112;Front of Store;Yes;1253;Front of Store
205113;End-cap;Yes;1469;End-cap
205114;End-cap;No;830;End-cap
205115;End-cap;No;794;End-cap
205116;Aisle;Yes;1453;Aisle
205117;Aisle;No;962;Aisle
205118;Aisle;Yes;1799;Aisle
205119;End-cap;No;680;End-cap
205120;Front of Store;No;929;Front of Store
205121;Front of Store;No;814;Front of Store
205122;End-cap;No;778;End-cap
205123;End-cap;No;767;End-cap
205124;Aisle;No;905;Aisle
205125;Front of Store;Yes;1295;Front of Store
205126;Front of Store;Yes;1389;Front of Store
205127;Aisle;No;1012;Aisle
205128;End-cap;No;669;End-cap
205129;Front of Store;Yes;1455;Front of Store
205130;Aisle;No;1011;Aisle
205131;Aisle;No;948;Aisle
205132;Front of Store;No;934;Front of Store
205133;End-cap;Yes;1451;End-cap
205134;Front of Store;No;943;Front of Store
205135;Aisle;No;1023;Aisle
205136;Aisle;No;907;Aisle
205137;End-cap;Yes;1415;End-cap
205138;Aisle;Yes;1226;Aisle
205139;Aisle;Yes;1426;Aisle
205140;End-cap;No;853;End-cap
205141;End-cap;No;859;End-cap
205142;Front of Store;Yes;1397;Front of Store
205143;End-cap;Yes;1362;End-cap
205144;Front of Store;No;841;Front of Store
205145;Front of Store;Yes;1421;Front of Store
205146;End-cap;No;756;End-cap
205147;End-cap;No;607;End-cap
205148;End-cap;Yes;1750;End-cap
205149;End-cap;No;752;End-cap
205150;Aisle;No;928;Aisle
205151;Aisle;No;814;Aisle
205152;Aisle;Yes;1556;Aisle
205153;Aisle;No;870;Aisle
205154;Aisle;Yes;1183;Aisle
205155;End-cap;No;856;End-cap
205156;Front of Store;No;947;Front of Store
205157;Aisle;No;944;Aisle
205158;Aisle;Yes;1488;Aisle
205159;Aisle;No;1063;Aisle
205160;End-cap;No;889;End-cap
205161;Front of Store;Yes;1413;Front of Store
205162;End-cap;No;785;End-cap
205163;Aisle;Yes;1154;Aisle
205164;Aisle;No;866;Aisle
205165;Aisle;No;809;Aisle
205166;Aisle;Yes;1491;Aisle
205167;Front of Store;Yes;1536;Front of Store
205168;Aisle;No;941;Aisle
205169;End-cap;Yes;1336;End-cap
205170;End-cap;No;776;End-cap
205171;Front of Store;Yes;1509;Front of Store
205172;Aisle;Yes;1321;Aisle
205173;Aisle;No;787;Aisle
205174;End-cap;No;890;End-cap
205175;Front of Store;No;1020;Front of Store
205176;End-cap;No;761;End-cap
205177;Front of Store;Yes;1461;Front of Store
205178;End-cap;No;720;End-cap
205179;Aisle;Yes;1254;Aisle
205180;Aisle;No;853;Aisle
205181;Aisle;Yes;1078;Aisle
205182;Front of Store;Yes;1286;Front of Store
205183;Front of Store;Yes;1318;Front of Store
205184;End-cap;No;752;End-cap
205185;End-cap;No;1060;End-cap
205186;Aisle;Yes;1476;Aisle
205187;End-cap;No;891;End-cap
205188;Front of Store;No;911;Front of Store
205189;Front of Store;Yes;1186;Front of Store
205190;End-cap;Yes;1461;End-cap
205191;Front of Store;No;800;Front of Store
205192;Aisle;Yes;1428;Aisle
205193;Aisle;No;795;Aisle
205194;Aisle;No;716;Aisle
205195;End-cap;Yes;1262;End-cap
205196;Front of Store;Yes;1305;Front of Store
205197;Aisle;No;706;Aisle
205198;End-cap;Yes;1219;End-cap
205199;Aisle;No;854;Aisle
205200;End-cap;No;798;End-cap
205201;End-cap;No;899;End-cap
205202;End-cap;Yes;1302;End-cap
205203;Aisle;No;857;Aisle
205204;End-cap;Yes;1500;End-cap
205205;End-cap;No;738;End-cap
205206;End-cap;Yes;1612;End-cap
205207;Aisle;No;788;Aisle
205208;End-cap;No;964;End-cap
205209;Aisle;No;835;Aisle
205210;End-cap;No;845;End-cap
205211;Front of Store;Yes;1526;Front of Store
205212;Front of Store;Yes;1308;Front of Store
205213;Aisle;Yes;1324;Aisle
205214;Front of Store;Yes;1525;Front of Store
205215;Aisle;No;693;Aisle
205216;Front of Store;Yes;1484;Front of Store
205217;Aisle;Yes;1553;Aisle
205218;Aisle;No;952;Aisle
205219;Aisle;No;899;Aisle
205220;Front of Store;No;781;Front of Store
205221;Aisle;No;951;Aisle
205222;Aisle;No;1024;Aisle
205223;Front of Store;Yes;1610;Front of Store
205224;Front of Store;Yes;1695;Front of Store
205225;End-cap;No;816;End-cap
205226;Front of Store;No;926;Front of Store
205227;End-cap;Yes;1231;End-cap
205228;Aisle;No;978;Aisle
205229;Aisle;No;827;Aisle
205230;Front of Store;No;691;Front of Store
205231;End-cap;Yes;1236;End-cap
205232;Aisle;No;847;Aisle
205233;Aisle;Yes;1420;Aisle
205234;End-cap;No;832;End-cap
205235;End-cap;Yes;1765;End-cap
205236;Aisle;No;869;Aisle
205237;Front of Store;No;725;Front of Store
205238;Aisle;No;859;Aisle
205239;End-cap;Yes;1629;End-cap
205240;End-cap;No;611;End-cap
205241;Front of Store;No;642;Front of Store
205242;Front of Store;Yes;1544;Front of Store
205243;End-cap;Yes;1284;End-cap
205244;End-cap;Yes;1467;End-cap
205245;Front of Store;Yes;1372;Front of Store
205246;Aisle;No;1025;Aisle
205247;End-cap;No;896;End-cap
205248;Aisle;No;815;Aisle
205249;End-cap;No;819;End-cap
205250;Aisle;Yes;1596;Aisle
205251;End-cap;Yes;1402;End-cap
205252;Aisle;No;939;Aisle
205253;Front of Store;No;851;Front of Store
205254;Front of Store;No;944;Front of Store
205255;Front of Store;Yes;1362;Front of Store
205256;Front of Store;No;1068;Front of Store
205257;Aisle;Yes;1658;Aisle
205258;Front of Store;No;883;Front of Store
205259;Aisle;No;752;Aisle
205260;Front of Store;No;781;Front of Store
205261;End-cap;No;1129;End-cap
205262;Aisle;No;667;Aisle
205263;Front of Store;Yes;1342;Front of Store
205264;Aisle;No;932;Aisle
205265;End-cap;Yes;1738;End-cap
205266;End-cap;Yes;1540;End-cap
205267;Aisle;No;785;Aisle
205268;Front of Store;Yes;1504;Front of Store
205269;Aisle;Yes;1530;Aisle
205270;End-cap;No;805;End-cap
205271;Aisle;Yes;1541;Aisle
205272;End-cap;No;747;End-cap
205273;Front of Store;No;793;Front of Store
205274;Front of Store;No;757;Front of Store
205275;Aisle;Yes;957;Aisle
205276;End-cap;No;777;End-cap
205277;Aisle;No;959;Aisle
205278;Aisle;No;960;Aisle
205279;Aisle;No;795;Aisle
205280;End-cap;No;914;End-cap
205281;End-cap;No;938;End-cap
205282;End-cap;Yes;1529;End-cap
205283;Aisle;Yes;1773;Aisle
205284;Front of Store;Yes;1547;Front of Store
205285;Front of Store;No;770;Front of Store
205286;Front of Store;No;955;Front of Store
205287;End-cap;No;912;End-cap
205288;Front of Store;No;1109;Front of Store
205289;Front of Store;Yes;1366;Front of Store
205290;Aisle;No;832;Aisle
205291;Front of Store;No;988;Front of Store
205292;Aisle;Yes;1254;Aisle
205293;Front of Store;No;843;Front of Store
205294;Front of Store;No;917;Front of Store
205295;Aisle;No;957;Aisle
205296;Aisle;No;869;Aisle
205297;End-cap;No;820;End-cap
205298;Aisle;No;899;Aisle
205299;End-cap;No;891;End-cap
205300;Aisle;No;895;Aisle
205301;Aisle;No;792;Aisle
205302;End-cap;Yes;1643;End-cap
205303;End-cap;Yes;1319;End-cap
205304;End-cap;Yes;1280;End-cap
205305;Front of Store;No;815;Front of Store
205306;End-cap;Yes;1329;End-cap
205307;Aisle;Yes;1247;Aisle
205308;Aisle;Yes;1375;Aisle
205309;Aisle;Yes;1317;Aisle
205310;Front of Store;No;1022;Front of Store
205311;Aisle;No;985;Aisle
205312;Front of Store;No;947;Front of Store
205313;Front of Store;No;879;Front of Store
205314;Aisle;No;707;Aisle
205315;End-cap;Yes;1336;End-cap
205316;Aisle;Yes;1481;Aisle
205317;End-cap;Yes;1474;End-cap
205318;Aisle;No;1003;Aisle
205319;Front of Store;Yes;1168;Front of Store
205320;Front of Store;No;885;Front of Store
205321;Front of Store;No;756;Front of Store
205322;End-cap;No;716;End-cap
205323;Aisle;Yes;1398;Aisle
205324;Aisle;No;987;Aisle
205325;Aisle;No;881;Aisle
205326;Aisle;No;846;Aisle
205327;Front of Store;No;805;Front of Store
205328;End-cap;No;862;End-cap
205329;End-cap;Yes;1601;End-cap
205330;Aisle;No;933;Aisle
205331;Front of Store;Yes;1663;Front of Store
205332;Front of Store;No;918;Front of Store
205333;Aisle;No;796;Aisle
205334;Front of Store;No;728;Front of Store
205335;End-cap;Yes;1221;End-cap
205336;Aisle;No;922;Aisle
205337;Front of Store;Yes;1096;Front of Store
205338;Front of Store;Yes;1449;Front of Store
205339;End-cap;Yes;1819;End-cap
205340;Front of Store;No;868;Front of Store
205341;End-cap;Yes;1292;End-cap
205342;Aisle;No;909;Aisle
205343;End-cap;No;744;End-cap
205344;Aisle;Yes;1396;Aisle
205345;Aisle;No;868;Aisle
205346;Aisle;No;931;Aisle
205347;End-cap;Yes;1203;End-cap
205348;Front of Store;No;885;Front of Store
205349;Aisle;No;719;Aisle
205350;Aisle;Yes;1154;Aisle
205351;End-cap;No;699;End-cap
205352;End-cap;Yes;1723;End-cap
205353;Aisle;No;669;Aisle
205354;End-cap;Yes;1406;End-cap
205355;Aisle;No;1205;Aisle
205356;Aisle;Yes;1180;Aisle
205357;Front of Store;No;869;Front of Store
205358;Aisle;No;866;Aisle
205359;Front of Store;Yes;1419;Front of Store
205360;End-cap;No;686;End-cap
205361;End-cap;Yes;1397;End-cap
205362;End-cap;Yes;1667;End-cap
205363;Front of Store;Yes;1372;Front of Store
205364;Aisle;No;865;Aisle
205365;End-cap;Yes;1358;End-cap
205366;Aisle;No;793;Aisle
205367;Front of Store;No;870;Front of Store
205368;End-cap;No;917;End-cap
205369;Aisle;Yes;1239;Aisle
205370;Front of Store;No;909;Front of Store
205371;Front of Store;No;810;Front of Store
205372;End-cap;Yes;1310;End-cap
205373;End-cap;No;699;End-cap
205374;Front of Store;Yes;1714;Front of Store
205375;Aisle;No;1118;Aisle
205376;Aisle;No;795;Aisle
205377;Front of Store;No;856;Front of Store
205378;Aisle;No;890;Aisle
205379;Front of Store;No;735;Front of Store
205380;Aisle;Yes;1314;Aisle
205381;Front of Store;No;1075;Front of Store
205382;Front of Store;Yes;1472;Front of Store
205383;Front of Store;No;793;Front of Store
205384;End-cap;No;961;End-cap
205385;End-cap;No;996;End-cap
205386;Front of Store;No;875;Front of Store
205387;End-cap;No;866;End-cap
205388;End-cap;No;791;End-cap
205389;Front of Store;No;754;Front of Store
205390;Aisle;No;550;Aisle
205391;Aisle;Yes;1572;Aisle
205392;Front of Store;No;818;Front of Store
205393;Aisle;No;822;Aisle
205394;Front of Store;No;811;Front of Store
205395;Aisle;Yes;1764;Aisle
205396;Front of Store;No;755;Front of Store
205397;Aisle;Yes;1386;Aisle
205398;Front of Store;No;889;Front of Store
205399;Aisle;Yes;1428;Aisle
205400;End-cap;Yes;1382;End-cap
205401;Aisle;No;1011;Aisle
205402;Aisle;No;854;Aisle
205403;Aisle;No;954;Aisle
205404;Front of Store;No;990;Front of Store
205405;Front of Store;No;1024;Front of Store
205406;Front of Store;No;809;Front of Store
205407;End-cap;No;881;End-cap
205408;Front of Store;No;1077;Front of Store
205409;End-cap;No;781;End-cap
205410;End-cap;Yes;1624;End-cap
205411;Front of Store;Yes;1391;Front of Store
205412;Front of Store;Yes;1382;Front of Store
205413;End-cap;Yes;1636;End-cap
205414;Aisle;No;865;Aisle
205415;Front of Store;Yes;1329;Front of Store
205416;Aisle;Yes;1171;Aisle
205417;Aisle;No;625;Aisle
205418;End-cap;No;823;End-cap
205419;Front of Store;Yes;1464;Front of Store
205420;Front of Store;No;796;Front of Store
205421;End-cap;No;901;End-cap
205422;Front of Store;No;844;Front of Store
205423;Front of Store;Yes;1209;Front of Store
205424;Aisle;No;902;Aisle
205425;End-cap;Yes;1401;End-cap
205426;Aisle;No;935;Aisle
205427;Front of Store;Yes;1529;Front of Store
205428;Front of Store;No;850;Front of Store
205429;Aisle;Yes;1410;Aisle
205430;Aisle;No;800;Aisle
205431;End-cap;No;1142;End-cap
205432;Front of Store;No;969;Front of Store
205433;Aisle;Yes;1281;Aisle
205434;End-cap;No;902;End-cap
205435;Aisle;Yes;1326;Aisle
205436;Front of Store;No;1094;Front of Store
205437;End-cap;Yes;1320;End-cap
205438;Aisle;No;886;Aisle
205439;End-cap;Yes;1548;End-cap
205440;Front of Store;No;784;Front of Store
205441;Aisle;No;862;Aisle
205442;Front of Store;Yes;1279;Front of Store
205443;End-cap;No;751;End-cap
205444;Aisle;Yes;1448;Aisle
205445;End-cap;Yes;1452;End-cap
205446;Aisle;No;958;Aisle
205447;End-cap;No;798;End-cap
205448;Aisle;No;748;Aisle
205449;Aisle;No;927;Aisle
205450;Aisle;No;930;Aisle
205451;Front of Store;No;880;Front of Store
205452;Aisle;No;939;Aisle
205453;Front of Store;No;846;Front of Store
205454;End-cap;No;789;End-cap
205455;Aisle;Yes;1470;Aisle
205456;Aisle;Yes;1330;Aisle
205457;Front of Store;No;760;Front of Store
205458;End-cap;No;898;End-cap
205459;End-cap;No;916;End-cap
205460;Front of Store;No;830;Front of Store
205461;Aisle;No;832;Aisle
205462;End-cap;Yes;1482;End-cap
205463;Aisle;No;846;Aisle
205464;Aisle;Yes;1257;Aisle
205465;Front of Store;No;788;Front of Store
205466;Aisle;Yes;1461;Aisle
205467;End-cap;No;694;End-cap
205468;Front of Store;No;965;Front of Store
205469;Aisle;Yes;1488;Aisle
205470;Front of Store;Yes;1388;Front of Store
205471;Front of Store;No;762;Front of Store
205472;End-cap;Yes;1699;End-cap
205473;Aisle;Yes;1245;Aisle
205474;End-cap;No;847;End-cap
205475;Front of Store;No;843;Front of Store
205476;Aisle;No;952;Aisle
205477;Aisle;Yes;1516;Aisle
205478;End-cap;No;752;End-cap
205479;End-cap;No;901;End-cap
205480;End-cap;Yes;1254;End-cap
205481;Aisle;No;998;Aisle
205482;Front of Store;No;641;Front of Store
205483;Front of Store;Yes;1521;Front of Store
205484;Aisle;No;846;Aisle
205485;Aisle;Yes;1666;Aisle
205486;End-cap;Yes;1272;End-cap
205487;Aisle;Yes;1331;Aisle
205488;Aisle;No;840;Aisle
205489;Front of Store;Yes;1499;Front of Store
205490;Aisle;Yes;1358;Aisle
205491;Front of Store;No;878;Front of Store
205492;Aisle;No;833;Aisle
205493;End-cap;No;901;End-cap
205494;End-cap;No;988;End-cap
205495;End-cap;Yes;1383;End-cap
205496;End-cap;Yes;1382;End-cap
205497;End-cap;Yes;1498;End-cap
205498;Front of Store;No;844;Front of Store
205499;Front of Store;Yes;1570;Front of Store
205500;Aisle;No;768;Aisle
205501;Aisle;No;882;Aisle
205502;Front of Store;Yes;1611;Front of Store
205503;Front of Store;Yes;1625;Front of Store
205504;Aisle;Yes;1320;Aisle
205505;Front of Store;Yes;1700;Front of Store
205506;Aisle;No;846;Aisle
205507;End-cap;Yes;1217;End-cap
205508;Aisle;Yes;1330;Aisle
205509;End-cap;No;800;End-cap
205510;Front of Store;No;871;Front of Store
205511;End-cap;No;847;End-cap
205512;Aisle;No;792;Aisle
205513;Front of Store;No;940;Front of Store
205514;End-cap;No;806;End-cap
205515;End-cap;No;1028;End-cap
205516;Front of Store;Yes;1673;Front of Store
205517;End-cap;No;781;End-cap
205518;End-cap;No;924;End-cap
205519;End-cap;No;1006;End-cap
205520;End-cap;Yes;1220;End-cap
205521;Aisle;Yes;1413;Aisle
205522;Front of Store;No;746;Front of Store
205523;End-cap;No;994;End-cap
205524;End-cap;Yes;1599;End-cap
205525;End-cap;No;942;End-cap
205526;Aisle;Yes;1222;Aisle
205527;Front of Store;No;944;Front of Store
205528;End-cap;No;780;End-cap
205529;Front of Store;No;739;Front of Store
205530;Front of Store;No;871;Front of Store
205531;End-cap;No;838;End-cap
205532;Aisle;No;766;Aisle
205533;Front of Store;No;808;Front of Store
205534;End-cap;No;856;End-cap
205535;End-cap;No;714;End-cap
205536;End-cap;Yes;1461;End-cap
205537;Aisle;No;978;Aisle
205538;Front of Store;No;913;Front of Store
205539;Front of Store;Yes;1271;Front of Store
205540;Aisle;Yes;1295;Aisle
205541;Front of Store;No;789;Front of Store
205542;Front of Store;No;1031;Front of Store
205543;End-cap;No;926;End-cap
205544;Front of Store;Yes;1295;Front of Store
205545;Aisle;No;759;Aisle
205546;Aisle;Yes;1419;Aisle
205547;Aisle;No;855;Aisle
205548;End-cap;Yes;1422;End-cap
205549;Aisle;No;722;Aisle
205550;End-cap;Yes;1290;End-cap
205551;End-cap;Yes;1340;End-cap
205552;End-cap;No;984;End-cap
205553;Aisle;No;798;Aisle
205554;End-cap;No;872;End-cap
205555;Aisle;Yes;1541;Aisle
205556;Aisle;No;787;Aisle
205557;Front of Store;Yes;1267;Front of Store
205558;Aisle;No;961;Aisle
205559;Aisle;No;993;Aisle
205560;Aisle;No;856;Aisle
205561;Front of Store;No;929;Front of Store
205562;Front of Store;Yes;1650;Front of Store
205563;Aisle;No;838;Aisle
205564;End-cap;No;959;End-cap
205565;Aisle;No;971;Aisle
205566;End-cap;No;839;End-cap
205567;End-cap;No;1029;End-cap
205568;End-cap;No;978;End-cap
205569;Front of Store;No;810;Front of Store
205570;End-cap;No;793;End-cap
205571;End-cap;No;875;End-cap
205572;Aisle;No;883;Aisle
205573;Aisle;No;924;Aisle
205574;Aisle;No;798;Aisle
205575;End-cap;Yes;1251;End-cap
205576;Front of Store;No;796;Front of Store
205577;Front of Store;Yes;1281;Front of Store
205578;End-cap;No;910;End-cap
205579;End-cap;Yes;1387;End-cap
205580;Aisle;No;885;Aisle
205581;End-cap;Yes;940;End-cap
205582;Front of Store;Yes;1189;Front of Store
205583;End-cap;No;1072;End-cap
205584;Aisle;Yes;1275;Aisle
205585;Front of Store;Yes;1521;Front of Store
205586;Aisle;No;753;Aisle
205587;Aisle;Yes;1336;Aisle
205588;End-cap;Yes;1287;End-cap
205589;End-cap;No;801;End-cap
205590;Aisle;Yes;1374;Aisle
205591;Aisle;No;784;Aisle
205592;Aisle;Yes;1399;Aisle
205593;Aisle;Yes;1493;Aisle
205594;End-cap;No;977;End-cap
205595;Aisle;No;719;Aisle
205596;Aisle;No;940;Aisle
205597;Front of Store;Yes;1498;Front of Store
205598;End-cap;No;717;End-cap
205599;Front of Store;No;851;Front of Store
205600;End-cap;No;839;End-cap
205601;End-cap;No;901;End-cap
205602;End-cap;Yes;1426;End-cap
205603;Aisle;Yes;1359;Aisle
205604;Aisle;No;811;Aisle
205605;Front of Store;Yes;1426;Front of Store
205606;Front of Store;Yes;1463;Front of Store
205607;End-cap;Yes;1305;End-cap
205608;End-cap;No;621;End-cap
205609;End-cap;No;892;End-cap
205610;End-cap;No;636;End-cap
205611;End-cap;Yes;1471;End-cap
205612;Aisle;Yes;1305;Aisle
205613;Aisle;No;872;Aisle
205614;End-cap;No;946;End-cap
205615;Front of Store;No;784;Front of Store
205616;Aisle;No;850;Aisle
205617;End-cap;Yes;1383;End-cap
205618;End-cap;No;892;End-cap
205619;Front of Store;Yes;1576;Front of Store
205620;Aisle;Yes;1516;Aisle
205621;Front of Store;No;880;Front of Store
205622;Front of Store;Yes;1459;Front of Store
205623;Front of Store;No;779;Front of Store
205624;End-cap;No;802;End-cap
205625;Aisle;No;821;Aisle
205626;Aisle;No;657;Aisle
205627;Front of Store;Yes;1425;Front of Store
205628;End-cap;No;855;End-cap
205629;Aisle;No;963;Aisle
205630;Front of Store;Yes;1297;Front of Store
205631;Aisle;No;766;Aisle
205632;End-cap;No;825;End-cap
205633;Aisle;Yes;1440;Aisle
205634;Aisle;Yes;1282;Aisle
205635;Front of Store;No;874;Front of Store
205636;Aisle;No;860;Aisle
205637;End-cap;Yes;1279;End-cap
205638;Front of Store;No;982;Front of Store
205639;Aisle;Yes;1220;Aisle
205640;End-cap;No;706;End-cap
205641;End-cap;No;882;End-cap
205642;Aisle;Yes;1292;Aisle
205643;End-cap;Yes;1688;End-cap
205644;Aisle;No;892;Aisle
205645;Front of Store;No;844;Front of Store
205646;Aisle;No;843;Aisle
205647;Aisle;No;884;Aisle
205648;Front of Store;Yes;1553;Front of Store
205649;End-cap;No;926;End-cap
205650;End-cap;Yes;1689;End-cap
205651;Front of Store;Yes;1185;Front of Store
205652;Aisle;Yes;1268;Aisle
205653;End-cap;Yes;1339;End-cap
205654;End-cap;No;749;End-cap
205655;Aisle;No;876;Aisle
205656;Front of Store;No;937;Front of Store
205657;Front of Store;No;975;Front of Store
205658;Front of Store;No;919;Front of Store
205659;Front of Store;Yes;1509;Front of Store
205660;Front of Store;Yes;1401;Front of Store
205661;Front of Store;No;916;Front of Store
205662;Aisle;No;1016;Aisle
205663;Front of Store;No;699;Front of Store
205664;End-cap;No;970;End-cap
205665;Front of Store;Yes;1388;Front of Store
205666;Aisle;No;791;Aisle
205667;Aisle;No;823;Aisle
205668;Aisle;No;801;Aisle
205669;Aisle;No;629;Aisle
205670;End-cap;No;925;End-cap
205671;Front of Store;No;931;Front of Store
205672;Front of Store;Yes;1449;Front of Store
205673;Front of Store;Yes;1602;Front of Store
205674;End-cap;Yes;1369;End-cap
205675;Front of Store;Yes;1209;Front of Store
205676;Aisle;No;743;Aisle
205677;Aisle;No;817;Aisle
205678;Aisle;No;970;Aisle
205679;Aisle;No;826;Aisle
205680;Aisle;Yes;1452;Aisle
205681;Aisle;No;1041;Aisle
205682;Aisle;No;826;Aisle
205683;Aisle;No;935;Aisle
205684;Aisle;No;1043;Aisle
205685;Aisle;No;879;Aisle
205686;End-cap;No;1025;End-cap
205687;End-cap;No;999;End-cap
205688;Front of Store;Yes;1411;Front of Store
205689;Aisle;No;905;Aisle
205690;Front of Store;Yes;1610;Front of Store
205691;Aisle;Yes;1664;Aisle
205692;Aisle;Yes;1464;Aisle
205693;Front of Store;Yes;1572;Front of Store
205694;Aisle;No;875;Aisle
205695;Aisle;Yes;1490;Aisle
205696;Front of Store;Yes;1603;Front of Store
205697;Aisle;No;771;Aisle
205698;Aisle;No;829;Aisle
205699;End-cap;Yes;1468;End-cap
205700;Aisle;No;808;Aisle
205701;Aisle;No;985;Aisle
205702;End-cap;Yes;1472;End-cap
205703;Aisle;Yes;1504;Aisle
205704;End-cap;No;867;End-cap
205705;Front of Store;Yes;1426;Front of Store
205706;Front of Store;No;824;Front of Store
205707;End-cap;Yes;1595;End-cap
205708;Aisle;No;970;Aisle
205709;Front of Store;Yes;1287;Front of Store
205710;Aisle;Yes;1288;Aisle
205711;Aisle;No;711;Aisle
205712;Front of Store;No;970;Front of Store
205713;End-cap;Yes;1431;End-cap
205714;Aisle;Yes;1408;Aisle
205715;Aisle;No;1071;Aisle
205716;End-cap;Yes;1442;End-cap
205717;End-cap;No;854;End-cap
205718;Aisle;No;971;Aisle
205719;End-cap;Yes;1284;End-cap
205720;Aisle;Yes;1303;Aisle
205721;Aisle;No;811;Aisle
205722;End-cap;No;755;End-cap
205723;Aisle;No;656;Aisle
205724;End-cap;No;1149;End-cap
205725;Front of Store;No;757;Front of Store
205726;End-cap;No;957;End-cap
205727;Aisle;No;865;Aisle
205728;Aisle;Yes;1604;Aisle
205729;Front of Store;Yes;1445;Front of Store
205730;Aisle;No;884;Aisle
205731;Aisle;Yes;1402;Aisle
205732;Aisle;Yes;1813;Aisle
205733;Front of Store;Yes;1135;Front of Store
205734;End-cap;No;934;End-cap
205735;Front of Store;Yes;1359;Front of Store
205736;Front of Store;No;780;Front of Store
205737;End-cap;Yes;1041;End-cap
205738;Aisle;No;991;Aisle
205739;End-cap;Yes;1908;End-cap
205740;Front of Store;No;953;Front of Store
205741;Aisle;No;903;Aisle
205742;Aisle;Yes;1404;Aisle
205743;Aisle;No;677;Aisle
205744;End-cap;No;823;End-cap
205745;End-cap;Yes;1508;End-cap
205746;End-cap;Yes;1518;End-cap
205747;Aisle;Yes;1434;Aisle
205748;Aisle;Yes;1839;Aisle
205749;Front of Store;Yes;1647;Front of Store
205750;Aisle;No;818;Aisle
205751;Aisle;Yes;1253;Aisle
205752;Front of Store;Yes;1366;Front of Store
205753;Front of Store;Yes;1485;Front of Store
205754;End-cap;No;775;End-cap
205755;Front of Store;Yes;1520;Front of Store
205756;Front of Store;No;984;Front of Store
205757;Aisle;Yes;1105;Aisle
205758;Front of Store;Yes;1599;Front of Store
205759;Aisle;No;864;Aisle
205760;Aisle;No;879;Aisle
205761;Front of Store;No;1002;Front of Store
205762;Aisle;Yes;1139;Aisle
205763;Front of Store;Yes;1206;Front of Store
205764;End-cap;Yes;1523;End-cap
205765;End-cap;Yes;1376;End-cap
205766;Aisle;No;850;Aisle
205767;Aisle;No;877;Aisle
205768;End-cap;Yes;1412;End-cap
205769;Aisle;Yes;1352;Aisle
205770;Aisle;No;681;Aisle
205771;Aisle;Yes;1258;Aisle
205772;Front of Store;Yes;1792;Front of Store
205773;End-cap;No;770;End-cap
205774;End-cap;Yes;1100;End-cap
205775;Front of Store;Yes;1352;Front of Store
205776;End-cap;Yes;1405;End-cap
205777;End-cap;No;880;End-cap
205778;Front of Store;No;885;Front of Store
205779;End-cap;No;802;End-cap
205780;End-cap;Yes;1284;End-cap
205781;End-cap;No;852;End-cap
205782;Aisle;No;755;Aisle
205783;Aisle;No;898;Aisle
205784;Aisle;No;741;Aisle
205785;Front of Store;No;788;Front of Store
205786;Aisle;No;1012;Aisle
205787;End-cap;Yes;1414;End-cap
205788;Aisle;No;734;Aisle
205789;Front of Store;No;845;Front of Store
205790;Front of Store;No;907;Front of Store
205791;End-cap;No;881;End-cap
205792;End-cap;No;984;End-cap
205793;End-cap;No;918;End-cap
205794;Aisle;Yes;1461;Aisle
205795;Front of Store;Yes;1489;Front of Store
205796;End-cap;No;737;End-cap
205797;End-cap;Yes;1383;End-cap
205798;End-cap;Yes;986;End-cap
205799;End-cap;Yes;1159;End-cap
205800;Aisle;No;908;Aisle
205801;End-cap;Yes;1804;End-cap
205802;Aisle;No;719;Aisle
205803;End-cap;No;949;End-cap
205804;Aisle;No;794;Aisle
205805;End-cap;Yes;1479;End-cap
205806;Front of Store;No;963;Front of Store
205807;End-cap;Yes;1513;End-cap
205808;End-cap;No;825;End-cap
205809;Aisle;No;862;Aisle
205810;Aisle;Yes;1306;Aisle
205811;Aisle;No;853;Aisle
205812;End-cap;Yes;1521;End-cap
205813;Front of Store;Yes;1357;Front of Store
205814;Aisle;Yes;1430;Aisle
205815;Aisle;Yes;1313;Aisle
205816;End-cap;Yes;1399;End-cap
205817;Aisle;No;920;Aisle
205818;End-cap;No;1066;End-cap
205819;End-cap;No;777;End-cap
205820;End-cap;No;813;End-cap
205821;End-cap;Yes;1318;End-cap
205822;Aisle;Yes;1250;Aisle
205823;Aisle;Yes;1469;Aisle
205824;End-cap;No;777;End-cap
205825;Aisle;Yes;1300;Aisle
205826;End-cap;No;661;End-cap
205827;Aisle;No;840;Aisle
205828;End-cap;Yes;1680;End-cap
205829;Aisle;No;781;Aisle
205830;Front of Store;No;821;Front of Store
205831;Front of Store;No;872;Front of Store
205832;Aisle;No;834;Aisle
205833;Front of Store;No;801;Front of Store
205834;End-cap;No;934;End-cap
205835;Aisle;No;895;Aisle
205836;End-cap;No;956;End-cap
205837;Front of Store;No;1026;Front of Store
205838;End-cap;Yes;1571;End-cap
205839;Aisle;No;936;Aisle
205840;Front of Store;No;900;Front of Store
205841;Aisle;Yes;1512;Aisle
205842;Aisle;No;983;Aisle
205843;End-cap;No;742;End-cap
205844;Aisle;Yes;1726;Aisle
205845;Aisle;Yes;1459;Aisle
205846;Front of Store;Yes;1232;Front of Store
205847;Front of Store;Yes;1410;Front of Store
205848;Aisle;Yes;1707;Aisle
205849;Front of Store;No;1080;Front of Store
205850;Aisle;Yes;1305;Aisle
205851;End-cap;No;822;End-cap
205852;Aisle;No;1080;Aisle
205853;Aisle;No;958;Aisle
205854;End-cap;No;625;End-cap
205855;Aisle;No;928;Aisle
205856;Aisle;Yes;1244;Aisle
205857;End-cap;No;754;End-cap
205858;End-cap;No;1012;End-cap
205859;End-cap;Yes;1527;End-cap
205860;Aisle;No;920;Aisle
205861;Aisle;No;855;Aisle
205862;End-cap;Yes;1457;End-cap
205863;Aisle;No;917;Aisle
205864;Aisle;No;1090;Aisle
205865;End-cap;No;796;End-cap
205866;End-cap;Yes;1467;End-cap
205867;End-cap;No;931;End-cap
205868;End-cap;Yes;1361;End-cap
205869;Front of Store;No;832;Front of Store
205870;End-cap;Yes;1454;End-cap
205871;Aisle;Yes;1366;Aisle
205872;End-cap;No;863;End-cap
205873;Front of Store;Yes;1356;Front of Store
205874;Aisle;No;958;Aisle
205875;Front of Store;Yes;1411;Front of Store
205876;Aisle;No;788;Aisle
205877;Front of Store;No;796;Front of Store
205878;End-cap;No;896;End-cap
205879;End-cap;Yes;1210;End-cap
205880;Front of Store;Yes;1496;Front of Store
205881;Aisle;Yes;1429;Aisle
205882;End-cap;No;759;End-cap
205883;End-cap;Yes;1123;End-cap
205884;End-cap;Yes;1554;End-cap
205885;Front of Store;No;899;Front of Store
205886;End-cap;No;965;End-cap
205887;Aisle;Yes;1408;Aisle
205888;Front of Store;No;658;Front of Store
205889;Front of Store;No;945;Front of Store
205890;Front of Store;Yes;1565;Front of Store
205891;End-cap;No;839;End-cap
205892;Aisle;No;922;Aisle
205893;Aisle;Yes;1864;Aisle
205894;Aisle;Yes;1506;Aisle
205895;End-cap;No;661;End-cap
205896;Aisle;No;838;Aisle
205897;Aisle;Yes;1347;Aisle
205898;End-cap;No;1022;End-cap
205899;End-cap;No;1169;End-cap
205900;Front of Store;Yes;1426;Front of Store
205901;Aisle;Yes;1518;Aisle
205902;Aisle;No;952;Aisle
205903;Front of Store;No;905;Front of Store
205904;Aisle;No;1190;Aisle
205905;Aisle;Yes;1455;Aisle
205906;Front of Store;Yes;1572;Front of Store
205907;End-cap;No;936;End-cap
205908;Front of Store;No;967;Front of Store
205909;End-cap;No;1000;End-cap
205910;Front of Store;Yes;1664;Front of Store
205911;End-cap;No;968;End-cap
205912;Front of Store;Yes;1456;Front of Store
205913;End-cap;No;937;End-cap
205914;Front of Store;No;1135;Front of Store
205915;Front of Store;No;994;Front of Store
205916;End-cap;No;1002;End-cap
205917;End-cap;No;773;End-cap
205918;End-cap;No;710;End-cap
205919;Aisle;No;941;Aisle
205920;Front of Store;Yes;1677;Front of Store
205921;Front of Store;Yes;1417;Front of Store
205922;End-cap;No;842;End-cap
205923;End-cap;No;988;End-cap
205924;Aisle;No;978;Aisle
205925;Front of Store;No;824;Front of Store
205926;Aisle;Yes;1362;Aisle
205927;Aisle;Yes;1395;Aisle
205928;Front of Store;Yes;1227;Front of Store
205929;Aisle;Yes;1375;Aisle
205930;Aisle;No;815;Aisle
205931;Front of Store;Yes;1260;Front of Store
205932;Front of Store;Yes;1341;Front of Store
205933;Front of Store;No;938;Front of Store
205934;Front of Store;No;1015;Front of Store
205935;Aisle;Yes;1154;Aisle
205936;End-cap;Yes;1527;End-cap
205937;Aisle;No;923;Aisle
205938;Front of Store;Yes;1185;Front of Store
205939;Front of Store;Yes;1683;Front of Store
205940;Front of Store;No;870;Front of Store
205941;End-cap;No;767;End-cap
205942;Aisle;Yes;1380;Aisle
205943;Aisle;Yes;1128;Aisle
205944;Aisle;No;1052;Aisle
205945;Aisle;Yes;1591;Aisle
205946;End-cap;Yes;1550;End-cap
205947;Aisle;No;867;Aisle
205948;Front of Store;No;1053;Front of Store
205949;Aisle;No;824;Aisle
205950;Aisle;No;846;Aisle
205951;End-cap;No;900;End-cap
205952;Aisle;No;776;Aisle
205953;Front of Store;No;934;Front of Store
205954;Aisle;No;852;Aisle
205955;Front of Store;Yes;1489;Front of Store
205956;End-cap;Yes;1751;End-cap
205957;Aisle;No;685;Aisle
205958;Aisle;No;915;Aisle
205959;Aisle;No;932;Aisle
205960;End-cap;Yes;1527;End-cap
205961;Front of Store;No;1086;Front of Store
205962;Front of Store;No;920;Front of Store
205963;Front of Store;No;837;Front of Store
205964;Front of Store;No;1158;Front of Store
205965;Aisle;No;992;Aisle
205966;Aisle;Yes;1618;Aisle
205967;End-cap;Yes;1702;End-cap
205968;End-cap;No;861;End-cap
205969;End-cap;Yes;1243;End-cap
205970;End-cap;No;879;End-cap
205971;Front of Store;Yes;1442;Front of Store
205972;Aisle;No;924;Aisle
205973;Aisle;Yes;1246;Aisle
205974;Aisle;No;869;Aisle
205975;Front of Store;No;703;Front of Store
205976;Aisle;No;1015;Aisle
205977;Aisle;No;907;Aisle
205978;Front of Store;No;818;Front of Store
205979;Aisle;No;955;Aisle
205980;End-cap;Yes;1314;End-cap
205981;End-cap;No;1040;End-cap
205982;Aisle;Yes;1378;Aisle
205983;Aisle;Yes;1340;Aisle
205984;End-cap;No;1016;End-cap
205985;Aisle;No;822;Aisle
205986;Aisle;No;816;Aisle
205987;Aisle;No;803;Aisle
205988;End-cap;Yes;1502;End-cap
205989;End-cap;No;940;End-cap
205990;Aisle;Yes;1248;Aisle
205991;Front of Store;No;977;Front of Store
205992;Front of Store;Yes;1398;Front of Store
205993;End-cap;Yes;1391;End-cap
205994;Aisle;No;861;Aisle
205995;Front of Store;No;904;Front of Store
205996;End-cap;No;1038;End-cap
205997;Front of Store;Yes;1566;Front of Store
205998;Front of Store;No;805;Front of Store
205999;Aisle;No;999;Aisle
206000;Front of Store;Yes;1380;Front of Store
206001;Aisle;Yes;1324;Aisle
206002;End-cap;No;929;End-cap
206003;Aisle;No;796;Aisle
206004;End-cap;No;782;End-cap
206005;Aisle;No;847;Aisle
206006;Aisle;No;757;Aisle
206007;Aisle;No;704;Aisle
206008;Aisle;No;917;Aisle
206009;End-cap;No;901;End-cap
206010;Aisle;Yes;1337;Aisle
206011;Front of Store;No;762;Front of Store
206012;End-cap;No;1035;End-cap
206013;Aisle;Yes;1287;Aisle
206014;Aisle;No;745;Aisle
206015;Aisle;Yes;1640;Aisle
206016;Front of Store;No;971;Front of Store
206017;Aisle;Yes;1395;Aisle
206018;End-cap;Yes;1303;End-cap
206019;Aisle;No;1098;Aisle
206020;Front of Store;No;961;Front of Store
206021;End-cap;No;801;End-cap
206022;Aisle;Yes;1444;Aisle
206023;Front of Store;Yes;1463;Front of Store
206024;End-cap;No;750;End-cap
206025;Aisle;No;871;Aisle
206026;End-cap;Yes;1539;End-cap
206027;Front of Store;No;727;Front of Store
206028;Front of Store;No;765;Front of Store
206029;End-cap;No;732;End-cap
206030;Front of Store;No;841;Front of Store
206031;End-cap;No;901;End-cap
206032;Aisle;Yes;1277;Aisle
206033;Aisle;Yes;1365;Aisle
206034;End-cap;No;982;End-cap
206035;End-cap;No;1078;End-cap
206036;Aisle;No;896;Aisle
206037;Aisle;Yes;1389;Aisle
206038;Aisle;No;890;Aisle
206039;End-cap;No;804;End-cap
206040;Aisle;Yes;1414;Aisle
206041;Front of Store;No;862;Front of Store
206042;Front of Store;No;822;Front of Store
206043;End-cap;Yes;1236;End-cap
206044;Aisle;Yes;1554;Aisle
206045;Front of Store;Yes;1399;Front of Store
206046;Aisle;No;898;Aisle
206047;Front of Store;No;896;Front of Store
206048;End-cap;No;828;End-cap
206049;End-cap;No;768;End-cap
206050;Front of Store;Yes;1388;Front of Store
206051;End-cap;No;870;End-cap
206052;Aisle;Yes;1420;Aisle
206053;End-cap;Yes;1335;End-cap
206054;End-cap;Yes;1376;End-cap
206055;Front of Store;No;968;Front of Store
206056;End-cap;No;915;End-cap
206057;Front of Store;No;992;Front of Store
206058;Front of Store;Yes;1394;Front of Store
206059;Front of Store;No;925;Front of Store
206060;Front of Store;No;870;Front of Store
206061;End-cap;Yes;1716;End-cap
206062;End-cap;No;740;End-cap
206063;Front of Store;No;752;Front of Store
206064;Aisle;Yes;1267;Aisle
206065;Aisle;Yes;1547;Aisle
206066;Aisle;No;780;Aisle
206067;Aisle;No;825;Aisle
206068;Aisle;No;886;Aisle
206069;End-cap;Yes;1435;End-cap
206070;Aisle;Yes;1281;Aisle
206071;Front of Store;No;984;Front of Store
206072;Front of Store;Yes;1396;Front of Store
206073;Front of Store;No;931;Front of Store
206074;Front of Store;No;779;Front of Store
206075;Front of Store;No;941;Front of Store
206076;Front of Store;No;895;Front of Store
206077;Aisle;Yes;1294;Aisle
206078;Aisle;Yes;1417;Aisle
206079;Front of Store;No;854;Front of Store
206080;End-cap;Yes;1261;End-cap
206081;End-cap;Yes;1256;End-cap
206082;Aisle;No;900;Aisle
206083;Front of Store;No;894;Front of Store
206084;Aisle;Yes;1438;Aisle
206085;End-cap;No;717;End-cap
206086;Front of Store;No;915;Front of Store
206087;Front of Store;No;846;Front of Store
206088;Front of Store;Yes;1353;Front of Store
206089;Front of Store;No;997;Front of Store
206090;Aisle;No;694;Aisle
206091;End-cap;No;881;End-cap
206092;Aisle;Yes;1522;Aisle
206093;Aisle;Yes;1493;Aisle
206094;End-cap;No;909;End-cap
206095;End-cap;No;671;End-cap
206096;Aisle;Yes;1537;Aisle
206097;Aisle;No;784;Aisle
206098;Aisle;Yes;1391;Aisle
206099;Front of Store;Yes;1728;Front of Store
206100;End-cap;No;807;End-cap
206101;Aisle;No;929;Aisle
206102;End-cap;No;1001;End-cap
206103;Front of Store;Yes;1725;Front of Store
206104;Aisle;Yes;1482;Aisle
206105;Aisle;No;850;Aisle
206106;Aisle;No;773;Aisle
206107;Aisle;No;807;Aisle
206108;End-cap;Yes;1502;End-cap
206109;Aisle;No;832;Aisle
206110;Aisle;No;943;Aisle
206111;End-cap;Yes;1376;End-cap
206112;Front of Store;Yes;1481;Front of Store
206113;End-cap;No;892;End-cap
206114;Aisle;No;930;Aisle
206115;Front of Store;Yes;1438;Front of Store
206116;Aisle;Yes;1521;Aisle
206117;Front of Store;No;914;Front of Store
206118;End-cap;No;1062;End-cap
206119;End-cap;Yes;1413;End-cap
206120;Aisle;Yes;1239;Aisle
206121;End-cap;No;738;End-cap
206122;Aisle;Yes;1254;Aisle
206123;Front of Store;No;712;Front of Store
206124;Aisle;No;1028;Aisle
206125;Aisle;No;720;Aisle
206126;Front of Store;No;914;Front of Store
206127;Aisle;Yes;1554;Aisle
206128;End-cap;Yes;1484;End-cap
206129;Aisle;Yes;1413;Aisle
206130;End-cap;Yes;1098;End-cap
206131;Aisle;No;844;Aisle
206132;End-cap;No;784;End-cap
206133;End-cap;No;797;End-cap
206134;Aisle;Yes;1601;Aisle
206135;Aisle;No;827;Aisle
206136;Aisle;Yes;1785;Aisle
206137;End-cap;Yes;1588;End-cap
206138;Aisle;No;790;Aisle
206139;Front of Store;No;818;Front of Store
206140;End-cap;No;949;End-cap
206141;Aisle;Yes;1276;Aisle
206142;End-cap;Yes;1357;End-cap
206143;End-cap;Yes;1403;End-cap
206144;End-cap;Yes;1367;End-cap
206145;Front of Store;Yes;1315;Front of Store
206146;Aisle;No;868;Aisle
206147;Aisle;Yes;1496;Aisle
206148;Front of Store;No;883;Front of Store
206149;End-cap;No;860;End-cap
206150;Aisle;No;800;Aisle
206151;Aisle;No;876;Aisle
206152;End-cap;Yes;1642;End-cap
206153;Aisle;No;818;Aisle
206154;End-cap;Yes;1374;End-cap
206155;Aisle;No;682;Aisle
206156;Front of Store;No;685;Front of Store
206157;Aisle;No;772;Aisle
206158;Aisle;Yes;1463;Aisle
206159;Aisle;No;985;Aisle
206160;End-cap;No;844;End-cap
206161;End-cap;Yes;1269;End-cap
206162;Aisle;No;800;Aisle
206163;Front of Store;Yes;1377;Front of Store
206164;Aisle;No;736;Aisle
206165;End-cap;Yes;1393;End-cap
206166;Front of Store;Yes;1479;Front of Store
206167;Aisle;No;955;Aisle
206168;Front of Store;No;1083;Front of Store
206169;Front of Store;No;972;Front of Store
206170;Front of Store;Yes;1123;Front of Store
206171;End-cap;Yes;1452;End-cap
206172;End-cap;No;757;End-cap
206173;Aisle;Yes;1248;Aisle
206174;Aisle;Yes;1191;Aisle
206175;Front of Store;No;811;Front of Store
206176;End-cap;Yes;1403;End-cap
206177;Aisle;No;834;Aisle
206178;Front of Store;Yes;1228;Front of Store
206179;Aisle;No;843;Aisle
206180;End-cap;Yes;1670;End-cap
206181;Front of Store;No;944;Front of Store
206182;Aisle;Yes;1682;Aisle
206183;Front of Store;No;787;Front of Store
206184;Aisle;Yes;1735;Aisle
206185;End-cap;Yes;1275;End-cap
206186;Front of Store;Yes;1124;Front of Store
206187;Front of Store;No;957;Front of Store
206188;Front of Store;Yes;1515;Front of Store
206189;Aisle;Yes;1486;Aisle
206190;Front of Store;No;805;Front of Store
206191;End-cap;No;773;End-cap
206192;Aisle;No;680;Aisle
206193;Front of Store;No;967;Front of Store
206194;Aisle;No;739;Aisle
206195;Aisle;No;1009;Aisle
206196;Aisle;No;991;Aisle
206197;End-cap;Yes;1325;End-cap
206198;Front of Store;Yes;982;Front of Store
206199;Front of Store;Yes;1209;Front of Store
206200;Front of Store;Yes;1722;Front of Store
206201;Aisle;No;974;Aisle
206202;Aisle;Yes;1538;Aisle
206203;End-cap;No;646;End-cap
206204;Front of Store;No;861;Front of Store
206205;Aisle;No;729;Aisle
206206;End-cap;Yes;1548;End-cap
206207;End-cap;No;1096;End-cap
206208;Front of Store;Yes;1580;Front of Store
206209;Aisle;No;772;Aisle
206210;Aisle;Yes;1457;Aisle
206211;End-cap;Yes;1249;End-cap
206212;Aisle;Yes;1430;Aisle
206213;Front of Store;No;840;Front of Store
206214;Aisle;No;868;Aisle
206215;End-cap;No;834;End-cap
206216;End-cap;Yes;1481;End-cap
206217;Aisle;No;893;Aisle
206218;Front of Store;No;844;Front of Store
206219;End-cap;Yes;1342;End-cap
206220;End-cap;Yes;1677;End-cap
206221;End-cap;No;761;End-cap
206222;Aisle;No;864;Aisle
206223;Aisle;No;776;Aisle
206224;End-cap;No;991;End-cap
206225;Front of Store;Yes;1315;Front of Store
206226;Aisle;Yes;1474;Aisle
206227;Front of Store;Yes;1223;Front of Store
206228;Aisle;No;775;Aisle
206229;Aisle;No;762;Aisle
206230;End-cap;Yes;1505;End-cap
206231;Front of Store;Yes;1392;Front of Store
206232;End-cap;Yes;1234;End-cap
206233;Aisle;Yes;1272;Aisle
206234;Aisle;No;863;Aisle
206235;Front of Store;No;912;Front of Store
206236;Aisle;Yes;1459;Aisle
206237;Aisle;No;956;Aisle
206238;Aisle;No;876;Aisle
206239;Front of Store;Yes;1267;Front of Store
206240;End-cap;No;973;End-cap
206241;Aisle;Yes;1471;Aisle
206242;End-cap;Yes;1505;End-cap
206243;End-cap;No;783;End-cap
206244;End-cap;No;892;End-cap
206245;Aisle;No;915;Aisle
206246;Aisle;No;715;Aisle
206247;End-cap;Yes;1508;End-cap
206248;Aisle;Yes;1435;Aisle
206249;End-cap;Yes;1385;End-cap
206250;End-cap;Yes;1646;End-cap
206251;End-cap;No;1004;End-cap
206252;End-cap;No;1004;End-cap
206253;Front of Store;Yes;1313;Front of Store
206254;End-cap;Yes;1490;End-cap
206255;Aisle;Yes;1440;Aisle
206256;Aisle;Yes;1442;Aisle
206257;End-cap;Yes;1521;End-cap
206258;Aisle;No;775;Aisle
206259;Aisle;No;739;Aisle
206260;Aisle;Yes;1288;Aisle
206261;Aisle;No;852;Aisle
206262;End-cap;No;882;End-cap
206263;End-cap;Yes;1344;End-cap
206264;Aisle;Yes;1507;Aisle
206265;Front of Store;Yes;1605;Front of Store
206266;End-cap;No;733;End-cap
206267;Aisle;No;786;Aisle
206268;Aisle;No;773;Aisle
206269;Front of Store;No;900;Front of Store
206270;Aisle;No;783;Aisle
206271;Aisle;Yes;1607;Aisle
206272;Front of Store;Yes;1569;Front of Store
206273;Front of Store;No;718;Front of Store
206274;End-cap;Yes;1580;End-cap
206275;End-cap;Yes;1260;End-cap
206276;Aisle;No;806;Aisle
206277;Aisle;Yes;1171;Aisle
206278;Aisle;Yes;1341;Aisle
206279;Front of Store;No;848;Front of Store
206280;Aisle;Yes;1251;Aisle
206281;Aisle;No;902;Aisle
206282;Front of Store;Yes;1337;Front of Store
206283;Front of Store;No;907;Front of Store
206284;Aisle;Yes;1677;Aisle
206285;Aisle;Yes;1371;Aisle
206286;Front of Store;Yes;1153;Front of Store
206287;Aisle;No;913;Aisle
206288;Front of Store;Yes;1148;Front of Store
206289;Aisle;Yes;1274;Aisle
206290;Front of Store;No;904;Front of Store
206291;Aisle;Yes;1653;Aisle
206292;End-cap;No;992;End-cap
206293;Aisle;No;822;Aisle
206294;Front of Store;No;922;Front of Store
206295;Aisle;Yes;1441;Aisle
206296;End-cap;No;1010;End-cap
206297;Aisle;Yes;1597;Aisle
206298;End-cap;No;887;End-cap
206299;End-cap;No;930;End-cap
206300;Aisle;Yes;1417;Aisle
206301;Aisle;Yes;1604;Aisle
206302;End-cap;Yes;1330;End-cap
206303;End-cap;No;718;End-cap
206304;End-cap;No;876;End-cap
206305;End-cap;No;787;End-cap
206306;End-cap;Yes;1480;End-cap
206307;End-cap;Yes;1553;End-cap
206308;Front of Store;Yes;1407;Front of Store
206309;Aisle;No;1067;Aisle
206310;Aisle;No;876;Aisle
206311;Front of Store;Yes;1436;Front of Store
206312;Front of Store;No;890;Front of Store
206313;Aisle;No;875;Aisle
206314;Front of Store;No;852;Front of Store
206315;Aisle;Yes;1356;Aisle
206316;End-cap;No;891;End-cap
206317;Front of Store;No;1001;Front of Store
206318;End-cap;No;896;End-cap
206319;Aisle;No;927;Aisle
206320;Front of Store;No;863;Front of Store
206321;Aisle;No;792;Aisle
206322;Aisle;Yes;1433;Aisle
206323;Aisle;No;993;Aisle
206324;Aisle;Yes;1365;Aisle
206325;Aisle;No;822;Aisle
206326;Aisle;No;1041;Aisle
206327;Aisle;No;780;Aisle
206328;Front of Store;No;878;Front of Store
206329;Aisle;No;851;Aisle
206330;Aisle;Yes;1723;Aisle
206331;Aisle;No;806;Aisle
206332;End-cap;Yes;1359;End-cap
206333;End-cap;Yes;1659;End-cap
206334;End-cap;No;886;End-cap
206335;End-cap;Yes;1522;End-cap
206336;Aisle;No;1020;Aisle
206337;Aisle;Yes;1324;Aisle
206338;Front of Store;No;833;Front of Store
206339;Aisle;No;640;Aisle
206340;End-cap;No;949;End-cap
206341;Aisle;Yes;1323;Aisle
206342;End-cap;Yes;1575;End-cap
206343;End-cap;No;792;End-cap
206344;Front of Store;Yes;1236;Front of Store
206345;Aisle;No;866;Aisle
206346;Front of Store;No;727;Front of Store
206347;Aisle;No;1097;Aisle
206348;Aisle;No;974;Aisle
206349;Front of Store;Yes;1397;Front of Store
206350;Front of Store;No;688;Front of Store
206351;End-cap;Yes;1236;End-cap
206352;Aisle;No;802;Aisle
206353;End-cap;Yes;1455;End-cap
206354;End-cap;Yes;1428;End-cap
206355;End-cap;Yes;1589;End-cap
206356;Front of Store;No;993;Front of Store
206357;Aisle;No;829;Aisle
206358;End-cap;No;677;End-cap
206359;Front of Store;Yes;1354;Front of Store
206360;Front of Store;Yes;1382;Front of Store
206361;Front of Store;Yes;1316;Front of Store
206362;Front of Store;No;836;Front of Store
206363;Front of Store;Yes;1614;Front of Store
206364;End-cap;No;849;End-cap
206365;Front of Store;No;994;Front of Store
206366;Front of Store;Yes;1826;Front of Store
206367;End-cap;No;795;End-cap
206368;Aisle;No;811;Aisle
206369;Aisle;No;844;Aisle
206370;Aisle;No;826;Aisle
206371;End-cap;Yes;1544;End-cap
206372;Aisle;No;737;Aisle
206373;Front of Store;No;784;Front of Store
206374;End-cap;No;741;End-cap
206375;Front of Store;Yes;1184;Front of Store
206376;End-cap;Yes;1536;End-cap
206377;End-cap;No;910;End-cap
206378;Front of Store;No;881;Front of Store
206379;Front of Store;Yes;1614;Front of Store
206380;End-cap;No;650;End-cap
206381;Front of Store;Yes;1229;Front of Store
206382;Aisle;No;772;Aisle
206383;Front of Store;Yes;1245;Front of Store
206384;Front of Store;No;1092;Front of Store
206385;End-cap;Yes;1396;End-cap
206386;Aisle;No;923;Aisle
206387;End-cap;Yes;1454;End-cap
206388;End-cap;Yes;1592;End-cap
206389;Front of Store;No;612;Front of Store
206390;End-cap;No;891;End-cap
206391;Front of Store;No;1157;Front of Store
206392;Aisle;No;857;Aisle
206393;Aisle;Yes;1743;Aisle
206394;End-cap;No;714;End-cap
206395;Aisle;No;1057;Aisle
206396;Front of Store;No;796;Front of Store
206397;End-cap;Yes;1688;End-cap
206398;End-cap;No;837;End-cap
206399;Aisle;No;701;Aisle
206400;Front of Store;No;1045;Front of Store
206401;Aisle;No;846;Aisle
206402;End-cap;Yes;1271;End-cap
206403;Aisle;No;841;Aisle
206404;End-cap;No;1047;End-cap
206405;Aisle;Yes;1340;Aisle
206406;Front of Store;No;761;Front of Store
206407;End-cap;Yes;1281;End-cap
206408;End-cap;No;945;End-cap
206409;End-cap;Yes;1215;End-cap
206410;Front of Store;Yes;1388;Front of Store
206411;End-cap;No;1005;End-cap
206412;Aisle;Yes;1112;Aisle
206413;End-cap;No;1000;End-cap
206414;End-cap;No;683;End-cap
206415;Aisle;Yes;1252;Aisle
206416;Front of Store;No;930;Front of Store
206417;Front of Store;No;848;Front of Store
206418;Front of Store;No;887;Front of Store
206419;End-cap;No;886;End-cap
206420;End-cap;No;855;End-cap
206421;Aisle;Yes;1168;Aisle
206422;End-cap;No;780;End-cap
206423;End-cap;Yes;1737;End-cap
206424;Aisle;Yes;1797;Aisle
206425;Aisle;Yes;1310;Aisle
206426;Front of Store;No;829;Front of Store
206427;Front of Store;No;872;Front of Store
206428;Aisle;No;1004;Aisle
206429;End-cap;No;815;End-cap
206430;End-cap;No;815;End-cap
206431;Aisle;No;997;Aisle
206432;Aisle;No;826;Aisle
206433;Front of Store;Yes;1314;Front of Store
206434;End-cap;No;995;End-cap
206435;End-cap;Yes;1482;End-cap
206436;End-cap;No;1024;End-cap
206437;Aisle;Yes;1300;Aisle
206438;Aisle;Yes;1755;Aisle
206439;Front of Store;Yes;1502;Front of Store
206440;Aisle;Yes;1394;Aisle
206441;End-cap;No;816;End-cap
206442;End-cap;No;770;End-cap
206443;Front of Store;Yes;1212;Front of Store
206444;End-cap;No;663;End-cap
206445;Aisle;No;851;Aisle
206446;Aisle;No;708;Aisle
206447;Front of Store;No;690;Front of Store
206448;Aisle;Yes;1418;Aisle
206449;Aisle;No;903;Aisle
206450;Front of Store;Yes;1508;Front of Store
206451;Aisle;Yes;1418;Aisle
206452;Front of Store;No;771;Front of Store
206453;Aisle;No;908;Aisle
206454;Front of Store;No;854;Front of Store
206455;End-cap;No;924;End-cap
206456;Front of Store;No;1102;Front of Store
206457;Aisle;No;1084;Aisle
206458;Front of Store;No;858;Front of Store
206459;Front of Store;No;906;Front of Store
206460;Front of Store;Yes;1498;Front of Store
206461;Front of Store;No;963;Front of Store
206462;End-cap;Yes;1447;End-cap
206463;End-cap;No;809;End-cap
206464;End-cap;No;896;End-cap
206465;End-cap;Yes;1321;End-cap
206466;Aisle;Yes;1551;Aisle
206467;End-cap;No;1056;End-cap
206468;Front of Store;No;810;Front of Store
206469;End-cap;Yes;1536;End-cap
206470;End-cap;Yes;1298;End-cap
206471;Aisle;No;927;Aisle
206472;End-cap;No;891;End-cap
206473;Aisle;Yes;1341;Aisle
206474;Aisle;No;871;Aisle
206475;End-cap;Yes;1435;End-cap
206476;Front of Store;Yes;1326;Front of Store
206477;End-cap;Yes;1324;End-cap
206478;Front of Store;No;952;Front of Store
206479;Aisle;No;835;Aisle
206480;End-cap;No;1115;End-cap
206481;Aisle;No;853;Aisle
206482;Front of Store;Yes;1242;Front of Store
206483;Aisle;No;971;Aisle
206484;Front of Store;No;716;Front of Store
206485;End-cap;No;682;End-cap
206486;End-cap;No;813;End-cap
206487;Front of Store;Yes;1608;Front of Store
206488;Front of Store;No;767;Front of Store
206489;End-cap;No;842;End-cap
206490;Front of Store;No;945;Front of Store
206491;Front of Store;Yes;1308;Front of Store
206492;Front of Store;No;1065;Front of Store
206493;End-cap;Yes;1556;End-cap
206494;Front of Store;No;979;Front of Store
206495;Aisle;No;698;Aisle
206496;End-cap;Yes;1604;End-cap
206497;Aisle;No;1061;Aisle
206498;Aisle;Yes;1294;Aisle
206499;Front of Store;No;859;Front of Store
206500;Front of Store;No;742;Front of Store
206501;Front of Store;Yes;1352;Front of Store
206502;Aisle;No;952;Aisle
206503;Front of Store;No;742;Front of Store
206504;Aisle;Yes;1377;Aisle
206505;Aisle;No;726;Aisle
206506;Front of Store;No;879;Front of Store
206507;Front of Store;No;1012;Front of Store
206508;Aisle;Yes;1438;Aisle
206509;Aisle;Yes;1341;Aisle
206510;Front of Store;No;934;Front of Store
206511;End-cap;Yes;1620;End-cap
206512;End-cap;Yes;1300;End-cap
206513;End-cap;Yes;1566;End-cap
206514;End-cap;Yes;1300;End-cap
206515;End-cap;No;841;End-cap
206516;Aisle;Yes;1549;Aisle
206517;Aisle;Yes;1795;Aisle
206518;Aisle;Yes;1115;Aisle
206519;Aisle;No;1136;Aisle
206520;Aisle;No;973;Aisle
206521;End-cap;No;1001;End-cap
206522;Front of Store;Yes;1383;Front of Store
206523;Aisle;No;772;Aisle
206524;Front of Store;No;813;Front of Store
206525;Aisle;Yes;1326;Aisle
206526;End-cap;Yes;1438;End-cap
206527;End-cap;No;880;End-cap
206528;Front of Store;No;894;Front of Store
206529;Aisle;No;1164;Aisle
206530;End-cap;No;929;End-cap
206531;Front of Store;No;910;Front of Store
206532;Aisle;No;804;Aisle
206533;Front of Store;Yes;1271;Front of Store
206534;Aisle;No;875;Aisle
206535;Front of Store;Yes;1325;Front of Store
206536;Aisle;Yes;1318;Aisle
206537;Front of Store;No;979;Front of Store
206538;Aisle;No;1021;Aisle
206539;End-cap;Yes;1476;End-cap
206540;Aisle;Yes;1646;Aisle
206541;Front of Store;No;861;Front of Store
206542;Aisle;Yes;1451;Aisle
206543;Aisle;Yes;1419;Aisle
206544;Aisle;No;744;Aisle
206545;Aisle;Yes;1661;Aisle
206546;End-cap;No;910;End-cap
206547;End-cap;No;857;End-cap
206548;End-cap;Yes;1175;End-cap
206549;Aisle;Yes;1446;Aisle
206550;Aisle;Yes;1350;Aisle
206551;Aisle;No;776;Aisle
206552;Aisle;Yes;1596;Aisle
206553;End-cap;No;998;End-cap
206554;End-cap;Yes;1193;End-cap
206555;Aisle;No;702;Aisle
206556;End-cap;No;903;End-cap
206557;Front of Store;No;753;Front of Store
206558;Front of Store;No;1081;Front of Store
206559;Front of Store;No;664;Front of Store
206560;End-cap;Yes;1256;End-cap
206561;Aisle;Yes;1336;Aisle
206562;End-cap;Yes;1153;End-cap
206563;Aisle;No;867;Aisle
206564;Front of Store;Yes;1204;Front of Store
206565;End-cap;Yes;1363;End-cap
206566;Aisle;No;882;Aisle
206567;End-cap;Yes;1221;End-cap
206568;Aisle;No;890;Aisle
206569;Aisle;Yes;1385;Aisle
206570;Front of Store;No;837;Front of Store
206571;Front of Store;No;797;Front of Store
206572;Front of Store;Yes;1157;Front of Store
206573;Aisle;Yes;1702;Aisle
206574;Front of Store;Yes;1209;Front of Store
206575;Aisle;Yes;1496;Aisle
206576;Front of Store;No;930;Front of Store
206577;Front of Store;No;750;Front of Store
206578;Aisle;No;723;Aisle
206579;Aisle;No;744;Aisle
206580;Aisle;No;977;Aisle
206581;Front of Store;Yes;1612;Front of Store
206582;Front of Store;No;924;Front of Store
206583;Aisle;No;979;Aisle
206584;Aisle;Yes;1230;Aisle
206585;Aisle;No;998;Aisle
206586;Aisle;Yes;1248;Aisle
206587;End-cap;Yes;1551;End-cap
206588;Aisle;No;726;Aisle
206589;End-cap;No;972;End-cap
206590;End-cap;No;835;End-cap
206591;Front of Store;No;978;Front of Store
206592;Aisle;No;893;Aisle
206593;Front of Store;No;955;Front of Store
206594;Front of Store;Yes;1398;Front of Store
206595;Aisle;No;712;Aisle
206596;Front of Store;No;789;Front of Store
206597;End-cap;Yes;1223;End-cap
206598;End-cap;Yes;1274;End-cap
206599;End-cap;No;856;End-cap
206600;End-cap;Yes;1427;End-cap
206601;Aisle;No;728;Aisle
206602;Front of Store;Yes;1279;Front of Store
206603;End-cap;No;823;End-cap
206604;Aisle;No;966;Aisle
206605;End-cap;No;937;End-cap
206606;Front of Store;No;736;Front of Store
206607;Front of Store;Yes;1460;Front of Store
206608;Aisle;No;1024;Aisle
206609;Aisle;Yes;1421;Aisle
206610;Aisle;Yes;1614;Aisle
206611;End-cap;Yes;1490;End-cap
206612;Front of Store;No;952;Front of Store
206613;Aisle;No;918;Aisle
206614;Front of Store;Yes;1366;Front of Store
206615;Aisle;Yes;1651;Aisle
206616;Aisle;Yes;1529;Aisle
206617;Aisle;Yes;1437;Aisle
206618;Front of Store;No;902;Front of Store
206619;Front of Store;No;935;Front of Store
206620;End-cap;No;881;End-cap
206621;Aisle;No;957;Aisle
206622;Front of Store;Yes;1207;Front of Store
206623;Front of Store;Yes;1676;Front of Store
206624;End-cap;Yes;1366;End-cap
206625;End-cap;No;935;End-cap
206626;Aisle;Yes;1486;Aisle
206627;Aisle;No;857;Aisle
206628;End-cap;No;920;End-cap
206629;Aisle;No;893;Aisle
206630;Front of Store;No;781;Front of Store
206631;End-cap;No;847;End-cap
206632;End-cap;Yes;1646;End-cap
206633;Aisle;Yes;1081;Aisle
206634;End-cap;Yes;1246;End-cap
206635;Front of Store;No;883;Front of Store
206636;Front of Store;No;976;Front of Store
206637;Front of Store;No;851;Front of Store
206638;Aisle;No;828;Aisle
206639;End-cap;Yes;1351;End-cap
206640;End-cap;No;888;End-cap
206641;Front of Store;No;895;Front of Store
206642;End-cap;Yes;1576;End-cap
206643;Front of Store;No;811;Front of Store
206644;End-cap;Yes;1717;End-cap
206645;Aisle;No;981;Aisle
206646;End-cap;Yes;1249;End-cap
206647;Aisle;No;796;Aisle
206648;End-cap;No;840;End-cap
206649;Front of Store;No;979;Front of Store
206650;End-cap;No;780;End-cap
206651;End-cap;No;963;End-cap
206652;End-cap;No;934;End-cap
206653;Front of Store;Yes;1788;Front of Store
206654;End-cap;Yes;1484;End-cap
206655;Front of Store;Yes;1277;Front of Store
206656;Aisle;No;742;Aisle
206657;Front of Store;No;904;Front of Store
206658;Front of Store;Yes;1431;Front of Store
206659;Aisle;No;1107;Aisle
206660;End-cap;Yes;1655;End-cap
206661;Aisle;No;884;Aisle
206662;Aisle;Yes;1655;Aisle
206663;Aisle;No;822;Aisle
206664;Aisle;No;685;Aisle
206665;Aisle;No;815;Aisle
206666;Aisle;No;812;Aisle
206667;End-cap;Yes;1535;End-cap
206668;End-cap;No;1015;End-cap
206669;End-cap;No;841;End-cap
206670;End-cap;No;1028;End-cap
206671;End-cap;No;1002;End-cap
206672;Aisle;Yes;1343;Aisle
206673;End-cap;Yes;1504;End-cap
206674;Front of Store;Yes;1234;Front of Store
206675;Front of Store;Yes;1196;Front of Store
206676;Front of Store;No;820;Front of Store
206677;Aisle;Yes;1407;Aisle
206678;Front of Store;Yes;1328;Front of Store
206679;End-cap;No;795;End-cap
206680;Aisle;No;941;Aisle
206681;Aisle;No;807;Aisle
206682;Aisle;No;1018;Aisle
206683;Aisle;No;893;Aisle
206684;Aisle;No;799;Aisle
206685;End-cap;No;717;End-cap
206686;Aisle;No;1020;Aisle
206687;Aisle;No;1045;Aisle
206688;End-cap;No;968;End-cap
206689;Aisle;Yes;1345;Aisle
206690;End-cap;No;693;End-cap
206691;Front of Store;Yes;1432;Front of Store
206692;End-cap;No;796;End-cap
206693;Aisle;Yes;1460;Aisle
206694;Front of Store;Yes;1446;Front of Store
206695;End-cap;No;1061;End-cap
206696;Aisle;No;1013;Aisle
206697;Front of Store;No;764;Front of Store
206698;Front of Store;Yes;1511;Front of Store
206699;End-cap;No;823;End-cap
206700;Aisle;Yes;1445;Aisle
206701;Aisle;No;925;Aisle
206702;Front of Store;Yes;1337;Front of Store
206703;Front of Store;No;794;Front of Store
206704;Front of Store;Yes;1481;Front of Store
206705;Front of Store;No;718;Front of Store
206706;Aisle;No;771;Aisle
206707;End-cap;No;950;End-cap
206708;End-cap;Yes;1419;End-cap
206709;Front of Store;Yes;1337;Front of Store
206710;Front of Store;No;799;Front of Store
206711;End-cap;Yes;1615;End-cap
206712;Aisle;No;904;Aisle
206713;End-cap;No;967;End-cap
206714;End-cap;No;898;End-cap
206715;End-cap;Yes;1425;End-cap
206716;Front of Store;No;835;Front of Store
206717;Aisle;No;1038;Aisle
206718;End-cap;No;939;End-cap
206719;End-cap;Yes;1334;End-cap
206720;End-cap;No;872;End-cap
206721;End-cap;No;936;End-cap
206722;End-cap;Yes;1279;End-cap
206723;End-cap;No;786;End-cap
206724;Front of Store;No;892;Front of Store
206725;Aisle;No;1049;Aisle
206726;End-cap;Yes;1120;End-cap
206727;Aisle;No;1136;Aisle
206728;Aisle;No;858;Aisle
206729;End-cap;No;836;End-cap
206730;Front of Store;Yes;1690;Front of Store
206731;Front of Store;No;844;Front of Store
206732;Aisle;No;914;Aisle
206733;Aisle;Yes;1558;Aisle
206734;Aisle;No;610;Aisle
206735;Aisle;No;738;Aisle
206736;Front of Store;Yes;1464;Front of Store
206737;Aisle;Yes;1279;Aisle
206738;Front of Store;Yes;1322;Front of Store
206739;Front of Store;No;817;Front of Store
206740;Aisle;Yes;1428;Aisle
206741;Front of Store;Yes;1346;Front of Store
206742;End-cap;No;929;End-cap
206743;Aisle;Yes;1449;Aisle
206744;End-cap;No;915;End-cap
206745;Aisle;Yes;1524;Aisle
206746;Front of Store;Yes;1609;Front of Store
206747;Aisle;No;1014;Aisle
206748;Aisle;No;1019;Aisle
206749;Aisle;Yes;1472;Aisle
206750;Front of Store;Yes;1313;Front of Store
206751;Front of Store;Yes;1462;Front of Store
206752;Front of Store;No;782;Front of Store
206753;Aisle;Yes;1283;Aisle
206754;Aisle;No;844;Aisle
206755;End-cap;No;837;End-cap
206756;Front of Store;Yes;1185;Front of Store
206757;End-cap;Yes;1357;End-cap
206758;Aisle;Yes;1358;Aisle
206759;Front of Store;Yes;1248;Front of Store
206760;Front of Store;No;1121;Front of Store
206761;Aisle;No;918;Aisle
206762;End-cap;No;947;End-cap
206763;End-cap;Yes;1161;End-cap
206764;End-cap;No;724;End-cap
206765;Front of Store;No;813;Front of Store
206766;Front of Store;No;769;Front of Store
206767;Aisle;Yes;1381;Aisle
206768;End-cap;Yes;1721;End-cap
206769;End-cap;No;1089;End-cap
206770;End-cap;No;712;End-cap
206771;Aisle;Yes;1401;Aisle
206772;Front of Store;No;1042;Front of Store
206773;Aisle;Yes;1257;Aisle
206774;End-cap;Yes;1227;End-cap
206775;Front of Store;Yes;1024;Front of Store
206776;End-cap;No;873;End-cap
206777;End-cap;Yes;1219;End-cap
206778;Aisle;No;607;Aisle
206779;Aisle;Yes;1384;Aisle
206780;Front of Store;No;745;Front of Store
206781;Aisle;No;1196;Aisle
206782;Aisle;No;655;Aisle
206783;Front of Store;No;853;Front of Store
206784;Front of Store;No;793;Front of Store
206785;Front of Store;Yes;1442;Front of Store
206786;Front of Store;Yes;1392;Front of Store
206787;Aisle;Yes;1446;Aisle
206788;End-cap;Yes;1686;End-cap
206789;Front of Store;Yes;1460;Front of Store
206790;Aisle;Yes;1455;Aisle
206791;End-cap;No;975;End-cap
206792;End-cap;No;924;End-cap
206793;Aisle;No;863;Aisle
206794;End-cap;Yes;1440;End-cap
206795;End-cap;No;1022;End-cap
206796;Front of Store;Yes;1488;Front of Store
206797;End-cap;Yes;1426;End-cap
206798;Front of Store;No;953;Front of Store
206799;Aisle;No;1027;Aisle
206800;Aisle;Yes;1341;Aisle
206801;Aisle;Yes;1478;Aisle
206802;Aisle;Yes;1074;Aisle
206803;Aisle;No;763;Aisle
206804;End-cap;Yes;1333;End-cap
206805;End-cap;Yes;1257;End-cap
206806;End-cap;No;1022;End-cap
206807;End-cap;Yes;1178;End-cap
206808;Front of Store;No;1040;Front of Store
206809;End-cap;No;938;End-cap
206810;Aisle;Yes;1245;Aisle
206811;End-cap;No;911;End-cap
206812;End-cap;Yes;1555;End-cap
206813;Aisle;Yes;1348;Aisle
206814;End-cap;No;938;End-cap
206815;Aisle;No;997;Aisle
206816;Front of Store;Yes;1374;Front of Store
206817;End-cap;No;862;End-cap
206818;End-cap;No;700;End-cap
206819;Front of Store;No;880;Front of Store
206820;Aisle;Yes;1502;Aisle
206821;Front of Store;Yes;1499;Front of Store
206822;Front of Store;Yes;1423;Front of Store
206823;Aisle;Yes;1564;Aisle
206824;End-cap;No;1054;End-cap
206825;End-cap;No;776;End-cap
206826;Front of Store;No;1002;Front of Store
206827;Aisle;Yes;1065;Aisle
206828;Front of Store;Yes;1449;Front of Store
206829;Aisle;Yes;1350;Aisle
206830;Aisle;No;922;Aisle
206831;Front of Store;No;769;Front of Store
206832;Aisle;Yes;1404;Aisle
206833;Aisle;No;915;Aisle
206834;Aisle;Yes;1329;Aisle
206835;Aisle;No;848;Aisle
206836;Aisle;Yes;1376;Aisle
206837;Front of Store;No;887;Front of Store
206838;End-cap;No;818;End-cap
206839;Aisle;Yes;1691;Aisle
206840;Aisle;Yes;1476;Aisle
206841;End-cap;No;906;End-cap
206842;Front of Store;No;873;Front of Store
206843;Aisle;Yes;1468;Aisle
206844;End-cap;No;1005;End-cap
206845;Aisle;Yes;1479;Aisle
206846;Aisle;No;832;Aisle
206847;End-cap;Yes;1269;End-cap
206848;Aisle;No;936;Aisle
206849;Aisle;No;709;Aisle
206850;Aisle;No;804;Aisle
206851;End-cap;Yes;1260;End-cap
206852;Front of Store;No;902;Front of Store
206853;End-cap;No;906;End-cap
206854;Front of Store;Yes;1447;Front of Store
206855;Front of Store;No;983;Front of Store
206856;End-cap;No;868;End-cap
206857;End-cap;Yes;1607;End-cap
206858;Front of Store;No;789;Front of Store
206859;Front of Store;No;964;Front of Store
206860;End-cap;No;962;End-cap
206861;Aisle;No;795;Aisle
206862;Front of Store;No;925;Front of Store
206863;End-cap;Yes;1671;End-cap
206864;Aisle;No;848;Aisle
206865;Aisle;No;772;Aisle
206866;End-cap;No;822;End-cap
206867;End-cap;No;1091;End-cap
206868;End-cap;No;965;End-cap
206869;Aisle;No;985;Aisle
206870;Aisle;Yes;1035;Aisle
206871;Aisle;Yes;1344;Aisle
206872;End-cap;Yes;1333;End-cap
206873;Front of Store;Yes;1279;Front of Store
206874;End-cap;No;951;End-cap
206875;Front of Store;Yes;1494;Front of Store
206876;End-cap;Yes;1768;End-cap
206877;Aisle;Yes;1243;Aisle
206878;Aisle;No;697;Aisle
206879;End-cap;No;908;End-cap
206880;Aisle;No;1002;Aisle
206881;Aisle;No;676;Aisle
206882;Front of Store;Yes;1282;Front of Store
206883;End-cap;Yes;1345;End-cap
206884;Aisle;No;845;Aisle
206885;Front of Store;Yes;1546;Front of Store
206886;Aisle;No;711;Aisle
206887;Front of Store;Yes;1469;Front of Store
206888;End-cap;No;754;End-cap
206889;Front of Store;No;709;Front of Store
206890;End-cap;No;626;End-cap
206891;Front of Store;Yes;1519;Front of Store
206892;End-cap;Yes;1197;End-cap
206893;Aisle;No;988;Aisle
206894;End-cap;Yes;1122;End-cap
206895;Front of Store;No;838;Front of Store
206896;End-cap;No;875;End-cap
206897;Aisle;No;799;Aisle
206898;Aisle;No;671;Aisle
206899;Aisle;Yes;1716;Aisle
206900;Aisle;No;876;Aisle
206901;Aisle;No;838;Aisle
206902;Aisle;No;1019;Aisle
206903;Front of Store;No;614;Front of Store
206904;Front of Store;Yes;1427;Front of Store
206905;Front of Store;No;785;Front of Store
206906;Front of Store;No;661;Front of Store
206907;Front of Store;No;752;Front of Store
206908;Front of Store;No;1053;Front of Store
206909;Front of Store;No;748;Front of Store
206910;Front of Store;No;1099;Front of Store
206911;Front of Store;No;903;Front of Store
206912;Front of Store;Yes;1455;Front of Store
206913;Front of Store;No;850;Front of Store
206914;End-cap;Yes;1443;End-cap
206915;End-cap;Yes;1415;End-cap
206916;Aisle;No;829;Aisle
206917;Aisle;No;872;Aisle
206918;End-cap;No;961;End-cap
206919;End-cap;Yes;1400;End-cap
206920;End-cap;No;835;End-cap
206921;Aisle;No;825;Aisle
206922;Front of Store;No;934;Front of Store
206923;Front of Store;Yes;1378;Front of Store
206924;Front of Store;No;948;Front of Store
206925;Aisle;Yes;1276;Aisle
206926;End-cap;Yes;1481;End-cap
206927;Aisle;No;919;Aisle
206928;Front of Store;No;1033;Front of Store
206929;End-cap;No;704;End-cap
206930;Aisle;No;901;Aisle
206931;End-cap;No;877;End-cap
206932;Aisle;No;847;Aisle
206933;Aisle;Yes;1273;Aisle
206934;End-cap;No;1043;End-cap
206935;End-cap;Yes;1361;End-cap
206936;End-cap;Yes;1315;End-cap
206937;Aisle;Yes;1456;Aisle
206938;Aisle;No;735;Aisle
206939;End-cap;No;731;End-cap
206940;Aisle;No;658;Aisle
206941;End-cap;Yes;1588;End-cap
206942;Aisle;No;762;Aisle
206943;Front of Store;No;968;Front of Store
206944;Front of Store;Yes;1138;Front of Store
206945;End-cap;No;1025;End-cap
206946;End-cap;No;790;End-cap
206947;Front of Store;Yes;1238;Front of Store
206948;Front of Store;Yes;1384;Front of Store
206949;Aisle;No;749;Aisle
206950;Aisle;Yes;1404;Aisle
206951;Aisle;No;767;Aisle
206952;Aisle;No;828;Aisle
206953;Front of Store;Yes;1551;Front of Store
206954;End-cap;No;835;End-cap
206955;Aisle;Yes;1424;Aisle
206956;Front of Store;Yes;1241;Front of Store
206957;Front of Store;Yes;1561;Front of Store
206958;Aisle;No;717;Aisle
206959;Aisle;No;959;Aisle
206960;End-cap;No;1051;End-cap
206961;End-cap;Yes;1295;End-cap
206962;Front of Store;No;905;Front of Store
206963;Front of Store;Yes;1563;Front of Store
206964;End-cap;Yes;1452;End-cap
206965;Aisle;No;518;Aisle
206966;Aisle;No;901;Aisle
206967;Front of Store;No;732;Front of Store
206968;Aisle;No;729;Aisle
206969;Aisle;No;773;Aisle
206970;Aisle;No;750;Aisle
206971;Aisle;Yes;1437;Aisle
206972;Aisle;No;762;Aisle
206973;End-cap;Yes;1552;End-cap
206974;Aisle;No;547;Aisle
206975;Aisle;No;977;Aisle
206976;Aisle;Yes;1088;Aisle
206977;Aisle;No;987;Aisle
206978;Front of Store;No;880;Front of Store
206979;End-cap;No;1071;End-cap
206980;End-cap;No;963;End-cap
206981;Front of Store;Yes;1454;Front of Store
206982;Front of Store;Yes;1552;Front of Store
206983;Aisle;No;956;Aisle
206984;End-cap;Yes;1110;End-cap
206985;End-cap;Yes;1703;End-cap
206986;Aisle;No;960;Aisle
206987;End-cap;No;746;End-cap
206988;End-cap;No;834;End-cap
206989;Aisle;Yes;1126;Aisle
206990;Front of Store;Yes;1463;Front of Store
206991;Aisle;Yes;1427;Aisle
206992;Front of Store;No;885;Front of Store
206993;End-cap;No;882;End-cap
206994;Aisle;No;755;Aisle
206995;Front of Store;Yes;1605;Front of Store
206996;End-cap;No;876;End-cap
206997;Aisle;No;820;Aisle
206998;End-cap;No;900;End-cap
206999;Aisle;Yes;1393;Aisle
207000;Front of Store;No;735;Front of Store
207001;Aisle;Yes;1263;Aisle
207002;Aisle;No;888;Aisle
207003;End-cap;Yes;1495;End-cap
207004;Aisle;No;988;Aisle
207005;End-cap;Yes;1289;End-cap
207006;Aisle;Yes;1327;Aisle
207007;End-cap;No;858;End-cap
207008;Aisle;No;850;Aisle
207009;Aisle;No;889;Aisle
207010;Aisle;No;805;Aisle
207011;Front of Store;No;999;Front of Store
207012;End-cap;No;746;End-cap
207013;End-cap;No;706;End-cap
207014;Front of Store;Yes;1404;Front of Store
207015;Aisle;No;754;Aisle
207016;End-cap;No;953;End-cap
207017;Front of Store;No;907;Front of Store
207018;Aisle;Yes;1137;Aisle
207019;Aisle;Yes;1521;Aisle
207020;Front of Store;No;960;Front of Store
207021;Front of Store;No;808;Front of Store
207022;End-cap;Yes;1364;End-cap
207023;End-cap;No;799;End-cap
207024;End-cap;No;717;End-cap
207025;Front of Store;No;816;Front of Store
207026;Aisle;Yes;1458;Aisle
207027;Front of Store;Yes;1128;Front of Store
207028;End-cap;No;753;End-cap
207029;Front of Store;Yes;1386;Front of Store
207030;End-cap;No;895;End-cap
207031;Aisle;No;686;Aisle
207032;Aisle;No;717;Aisle
207033;Aisle;No;974;Aisle
207034;End-cap;Yes;1560;End-cap
207035;Front of Store;No;904;Front of Store
207036;Aisle;Yes;1374;Aisle
207037;End-cap;No;974;End-cap
207038;Aisle;Yes;1425;Aisle
207039;Aisle;No;990;Aisle
207040;Aisle;Yes;1374;Aisle
207041;Front of Store;Yes;1202;Front of Store
207042;Front of Store;Yes;1221;Front of Store
207043;Aisle;Yes;1409;Aisle
207044;Front of Store;No;801;Front of Store
207045;Aisle;No;956;Aisle
207046;End-cap;Yes;1473;End-cap
207047;End-cap;No;879;End-cap
207048;Aisle;Yes;1441;Aisle
207049;End-cap;No;658;End-cap
207050;Aisle;Yes;1424;Aisle
207051;Aisle;No;848;Aisle
207052;End-cap;No;848;End-cap
207053;Front of Store;No;998;Front of Store
207054;Aisle;No;741;Aisle
207055;Front of Store;No;1028;Front of Store
207056;Front of Store;Yes;1512;Front of Store
207057;Aisle;No;814;Aisle
207058;Aisle;Yes;983;Aisle
207059;Front of Store;Yes;1423;Front of Store
207060;Aisle;No;770;Aisle
207061;Front of Store;No;986;Front of Store
207062;End-cap;Yes;1254;End-cap
207063;Aisle;No;942;Aisle
207064;Front of Store;Yes;1375;Front of Store
207065;End-cap;Yes;1317;End-cap
207066;Aisle;Yes;1333;Aisle
207067;Front of Store;Yes;1401;Front of Store
207068;Aisle;Yes;1588;Aisle
207069;Front of Store;No;812;Front of Store
207070;Aisle;No;853;Aisle
207071;Aisle;Yes;1162;Aisle
207072;End-cap;Yes;1413;End-cap
207073;Front of Store;Yes;1426;Front of Store
207074;Front of Store;Yes;1684;Front of Store
207075;Front of Store;No;885;Front of Store
207076;Front of Store;No;730;Front of Store
207077;Aisle;No;1062;Aisle
207078;Aisle;Yes;1354;Aisle
207079;Front of Store;No;822;Front of Store
207080;End-cap;No;811;End-cap
207081;Front of Store;No;964;Front of Store
207082;Aisle;No;793;Aisle
207083;Front of Store;Yes;1596;Front of Store
207084;Aisle;No;802;Aisle
207085;Front of Store;No;692;Front of Store
207086;Front of Store;Yes;1683;Front of Store
207087;End-cap;No;944;End-cap
207088;Aisle;No;931;Aisle
207089;End-cap;No;826;End-cap
207090;Aisle;No;904;Aisle
207091;Aisle;No;880;Aisle
207092;Aisle;Yes;1517;Aisle
207093;Aisle;No;748;Aisle
207094;Front of Store;No;1112;Front of Store
207095;Aisle;No;940;Aisle
207096;End-cap;Yes;1251;End-cap
207097;Front of Store;No;837;Front of Store
207098;Aisle;No;1030;Aisle
207099;Front of Store;No;826;Front of Store
207100;End-cap;No;682;End-cap
207101;Front of Store;Yes;1263;Front of Store
207102;Aisle;Yes;1154;Aisle
207103;Aisle;Yes;1519;Aisle
207104;Front of Store;No;918;Front of Store
207105;Aisle;Yes;1545;Aisle
207106;End-cap;No;859;End-cap
207107;Front of Store;No;864;Front of Store
207108;Front of Store;No;964;Front of Store
207109;Front of Store;No;1005;Front of Store
207110;Front of Store;No;897;Front of Store
207111;Front of Store;Yes;1554;Front of Store
207112;Front of Store;No;849;Front of Store
207113;Aisle;Yes;1429;Aisle
207114;End-cap;Yes;1597;End-cap
207115;Front of Store;Yes;1581;Front of Store
207116;Front of Store;Yes;1337;Front of Store
207117;End-cap;Yes;1490;End-cap
207118;End-cap;No;995;End-cap
207119;End-cap;No;951;End-cap
207120;Aisle;Yes;1347;Aisle
207121;End-cap;No;1100;End-cap
207122;Aisle;Yes;1625;Aisle
207123;Front of Store;No;657;Front of Store
207124;Front of Store;No;654;Front of Store
207125;End-cap;Yes;1351;End-cap
207126;Front of Store;No;940;Front of Store
207127;Aisle;Yes;1459;Aisle
207128;End-cap;Yes;1398;End-cap
207129;Aisle;Yes;1752;Aisle
207130;End-cap;No;717;End-cap
207131;Front of Store;No;766;Front of Store
207132;End-cap;No;872;End-cap
207133;Aisle;No;784;Aisle
207134;End-cap;Yes;1636;End-cap
207135;Front of Store;No;844;Front of Store
207136;Aisle;No;957;Aisle
207137;End-cap;No;930;End-cap
207138;Aisle;No;925;Aisle
207139;End-cap;No;862;End-cap
207140;End-cap;No;1003;End-cap
207141;Aisle;No;993;Aisle
207142;Front of Store;Yes;1545;Front of Store
207143;End-cap;Yes;1335;End-cap
207144;End-cap;No;851;End-cap
207145;Front of Store;No;825;Front of Store
207146;Aisle;No;759;Aisle
207147;End-cap;Yes;1062;End-cap
207148;Aisle;No;934;Aisle
207149;Front of Store;No;718;Front of Store
207150;End-cap;Yes;1462;End-cap
207151;Aisle;No;707;Aisle
207152;Aisle;No;866;Aisle
207153;Aisle;No;1076;Aisle
207154;Aisle;Yes;1590;Aisle
207155;Aisle;No;807;Aisle
207156;Aisle;Yes;1692;Aisle
207157;End-cap;No;793;End-cap
207158;Front of Store;Yes;1574;Front of Store
207159;End-cap;Yes;1157;End-cap
207160;End-cap;No;975;End-cap
207161;Aisle;Yes;1529;Aisle
207162;Aisle;No;933;Aisle
207163;End-cap;No;772;End-cap
207164;Front of Store;Yes;1102;Front of Store
207165;Aisle;No;859;Aisle
207166;Front of Store;Yes;1339;Front of Store
207167;Front of Store;Yes;1326;Front of Store
207168;Front of Store;No;831;Front of Store
207169;End-cap;Yes;1393;End-cap
207170;End-cap;Yes;1382;End-cap
207171;Aisle;No;982;Aisle
207172;Aisle;Yes;1296;Aisle
207173;Aisle;No;907;Aisle
207174;Front of Store;Yes;1344;Front of Store
207175;Aisle;Yes;1298;Aisle
207176;End-cap;Yes;1537;End-cap
207177;Aisle;No;910;Aisle
207178;Aisle;Yes;1371;Aisle
207179;Aisle;No;705;Aisle
207180;End-cap;No;774;End-cap
207181;Aisle;Yes;1749;Aisle
207182;Aisle;Yes;1140;Aisle
207183;Front of Store;No;806;Front of Store
207184;Aisle;No;837;Aisle
207185;Front of Store;Yes;1340;Front of Store
207186;Aisle;No;857;Aisle
207187;Aisle;No;838;Aisle
207188;Front of Store;Yes;1218;Front of Store
207189;Front of Store;No;871;Front of Store
207190;Aisle;Yes;1389;Aisle
207191;Front of Store;No;757;Front of Store
207192;Aisle;No;822;Aisle
207193;Front of Store;No;983;Front of Store
207194;Front of Store;Yes;1161;Front of Store
207195;Front of Store;Yes;1422;Front of Store
207196;Aisle;No;853;Aisle
207197;Aisle;No;935;Aisle
207198;Aisle;No;727;Aisle
207199;Aisle;No;785;Aisle
207200;Front of Store;Yes;1592;Front of Store
207201;End-cap;No;835;End-cap
207202;End-cap;Yes;1409;End-cap
207203;Aisle;No;670;Aisle
207204;Aisle;Yes;1292;Aisle
207205;Front of Store;No;856;Front of Store
207206;Aisle;Yes;1604;Aisle
207207;End-cap;Yes;1558;End-cap
207208;Aisle;Yes;1459;Aisle
207209;Front of Store;Yes;1301;Front of Store
207210;End-cap;No;738;End-cap
207211;Aisle;No;922;Aisle
207212;End-cap;Yes;1504;End-cap
207213;End-cap;No;824;End-cap
207214;Aisle;Yes;1368;Aisle
207215;Aisle;Yes;1360;Aisle
207216;End-cap;No;888;End-cap
207217;Front of Store;Yes;1825;Front of Store
207218;Aisle;No;660;Aisle
207219;End-cap;No;704;End-cap
207220;Front of Store;No;779;Front of Store
207221;Aisle;Yes;1750;Aisle
207222;Front of Store;No;944;Front of Store
207223;Aisle;No;902;Aisle
207224;Front of Store;No;697;Front of Store
207225;Aisle;No;1016;Aisle
207226;End-cap;Yes;1358;End-cap
207227;Front of Store;No;797;Front of Store
207228;Aisle;No;806;Aisle
207229;Front of Store;No;594;Front of Store
207230;Front of Store;Yes;1586;Front of Store
207231;Front of Store;Yes;1319;Front of Store
207232;Aisle;Yes;1446;Aisle
207233;Front of Store;Yes;1548;Front of Store
207234;End-cap;Yes;1361;End-cap
207235;Front of Store;No;971;Front of Store
207236;Front of Store;Yes;1396;Front of Store
207237;End-cap;Yes;1450;End-cap
207238;Front of Store;No;935;Front of Store
207239;End-cap;No;870;End-cap
207240;Front of Store;Yes;1429;Front of Store
207241;Front of Store;Yes;1124;Front of Store
207242;Front of Store;No;837;Front of Store
207243;End-cap;No;942;End-cap
207244;End-cap;No;675;End-cap
207245;Aisle;Yes;1183;Aisle
207246;Aisle;No;806;Aisle
207247;End-cap;Yes;1375;End-cap
207248;Front of Store;No;872;Front of Store
207249;End-cap;Yes;1413;End-cap
207250;Aisle;No;838;Aisle
207251;Aisle;No;953;Aisle
207252;Front of Store;No;851;Front of Store
207253;Aisle;Yes;1358;Aisle
207254;Aisle;Yes;1742;Aisle
207255;End-cap;No;935;End-cap
207256;End-cap;No;994;End-cap
207257;Aisle;Yes;1713;Aisle
207258;End-cap;No;831;End-cap
207259;Front of Store;Yes;1375;Front of Store
207260;Aisle;No;1117;Aisle
207261;End-cap;No;842;End-cap
207262;Aisle;No;1002;Aisle
207263;Aisle;Yes;1411;Aisle
207264;Front of Store;Yes;1378;Front of Store
207265;Aisle;No;909;Aisle
207266;Front of Store;No;837;Front of Store
207267;Aisle;No;780;Aisle
207268;End-cap;No;1020;End-cap
207269;Front of Store;No;742;Front of Store
207270;Aisle;No;1080;Aisle
207271;Aisle;No;669;Aisle
207272;End-cap;Yes;1222;End-cap
207273;Aisle;Yes;1106;Aisle
207274;Front of Store;Yes;1267;Front of Store
207275;Aisle;No;818;Aisle
207276;End-cap;No;716;End-cap
207277;Front of Store;No;823;Front of Store
207278;Front of Store;No;870;Front of Store
207279;End-cap;No;750;End-cap
207280;End-cap;No;1191;End-cap
207281;Front of Store;No;962;Front of Store
207282;End-cap;No;939;End-cap
207283;Aisle;No;1011;Aisle
207284;Front of Store;No;780;Front of Store
207285;Aisle;No;908;Aisle
207286;Front of Store;No;727;Front of Store
207287;End-cap;Yes;1397;End-cap
207288;End-cap;No;891;End-cap
207289;Aisle;Yes;1449;Aisle
207290;End-cap;No;858;End-cap
207291;Front of Store;No;1014;Front of Store
207292;Aisle;No;771;Aisle
207293;Aisle;No;766;Aisle
207294;Front of Store;Yes;1271;Front of Store
207295;End-cap;No;856;End-cap
207296;Aisle;No;820;Aisle
207297;Front of Store;No;851;Front of Store
207298;Aisle;No;826;Aisle
207299;Front of Store;Yes;1474;Front of Store
207300;Front of Store;No;793;Front of Store
207301;Aisle;No;963;Aisle
207302;End-cap;Yes;1264;End-cap
207303;Front of Store;No;954;Front of Store
207304;Front of Store;Yes;1435;Front of Store
207305;End-cap;No;849;End-cap
207306;End-cap;Yes;1468;End-cap
207307;Front of Store;Yes;1541;Front of Store
207308;Aisle;Yes;1312;Aisle
207309;Aisle;No;1092;Aisle
207310;Aisle;No;928;Aisle
207311;Aisle;Yes;1540;Aisle
207312;Aisle;Yes;1335;Aisle
207313;Aisle;No;962;Aisle
207314;Aisle;No;749;Aisle
207315;Aisle;No;818;Aisle
207316;Front of Store;No;806;Front of Store
207317;Aisle;No;939;Aisle
207318;End-cap;No;864;End-cap
207319;End-cap;Yes;1178;End-cap
207320;End-cap;Yes;1551;End-cap
207321;Aisle;Yes;1340;Aisle
207322;End-cap;No;843;End-cap
207323;Aisle;No;924;Aisle
207324;Aisle;Yes;1404;Aisle
207325;Aisle;Yes;1504;Aisle
207326;Front of Store;Yes;1201;Front of Store
207327;Aisle;Yes;1433;Aisle
207328;Front of Store;No;1019;Front of Store
207329;Front of Store;No;914;Front of Store
207330;Aisle;No;966;Aisle
207331;End-cap;No;630;End-cap
207332;End-cap;No;1076;End-cap
207333;End-cap;Yes;1391;End-cap
207334;End-cap;No;850;End-cap
207335;Front of Store;Yes;1474;Front of Store
207336;Aisle;Yes;1287;Aisle
207337;Front of Store;No;699;Front of Store
207338;Front of Store;Yes;1466;Front of Store
207339;End-cap;Yes;1792;End-cap
207340;Aisle;No;775;Aisle
207341;End-cap;No;1014;End-cap
207342;Front of Store;Yes;1185;Front of Store
207343;End-cap;Yes;1599;End-cap
207344;End-cap;No;976;End-cap
207345;Aisle;No;924;Aisle
207346;Aisle;Yes;1494;Aisle
207347;End-cap;No;867;End-cap
207348;Aisle;No;967;Aisle
207349;Front of Store;No;972;Front of Store
207350;Aisle;No;729;Aisle
207351;Front of Store;Yes;1595;Front of Store
207352;Front of Store;No;749;Front of Store
207353;Front of Store;Yes;1325;Front of Store
207354;Front of Store;No;1115;Front of Store
207355;End-cap;No;902;End-cap
207356;Aisle;No;818;Aisle
207357;Front of Store;Yes;1242;Front of Store
207358;Aisle;Yes;1472;Aisle
207359;Aisle;Yes;1392;Aisle
207360;Aisle;Yes;1212;Aisle
207361;End-cap;Yes;1336;End-cap
207362;Aisle;No;867;Aisle
207363;End-cap;Yes;1512;End-cap
207364;Aisle;Yes;1471;Aisle
207365;End-cap;No;934;End-cap
207366;Front of Store;Yes;1701;Front of Store
207367;Front of Store;Yes;1141;Front of Store
207368;Front of Store;No;950;Front of Store
207369;Aisle;Yes;1256;Aisle
207370;End-cap;No;829;End-cap
207371;Front of Store;Yes;1476;Front of Store
207372;Aisle;No;853;Aisle
207373;Front of Store;Yes;1105;Front of Store
207374;End-cap;Yes;1430;End-cap
207375;Aisle;No;783;Aisle
207376;Aisle;Yes;1445;Aisle
207377;End-cap;Yes;1089;End-cap
207378;Aisle;Yes;1285;Aisle
207379;End-cap;No;1097;End-cap
207380;Front of Store;Yes;1487;Front of Store
207381;Aisle;No;1083;Aisle
207382;End-cap;Yes;1440;End-cap
207383;Aisle;No;869;Aisle
207384;End-cap;Yes;1273;End-cap
207385;Aisle;No;927;Aisle
207386;Front of Store;Yes;1244;Front of Store
207387;Aisle;No;769;Aisle
207388;Aisle;No;991;Aisle
207389;End-cap;Yes;1776;End-cap
207390;Front of Store;No;1013;Front of Store
207391;Front of Store;No;861;Front of Store
207392;End-cap;Yes;1638;End-cap
207393;Front of Store;No;884;Front of Store
207394;Aisle;No;905;Aisle
207395;End-cap;No;930;End-cap
207396;Aisle;No;829;Aisle
207397;Aisle;Yes;1167;Aisle
207398;End-cap;No;817;End-cap
207399;Front of Store;Yes;1265;Front of Store
207400;Aisle;No;766;Aisle
207401;Aisle;No;758;Aisle
207402;Aisle;Yes;1472;Aisle
207403;Aisle;No;777;Aisle
207404;End-cap;No;814;End-cap
207405;Front of Store;Yes;1178;Front of Store
207406;End-cap;No;863;End-cap
207407;Aisle;No;842;Aisle
207408;Aisle;No;1074;Aisle
207409;Aisle;No;772;Aisle
207410;Aisle;Yes;1621;Aisle
207411;Aisle;Yes;1265;Aisle
207412;Aisle;No;882;Aisle
207413;Front of Store;No;927;Front of Store
207414;End-cap;No;811;End-cap
207415;Aisle;Yes;1467;Aisle
207416;End-cap;Yes;1058;End-cap
207417;Aisle;No;955;Aisle
207418;End-cap;Yes;1372;End-cap
207419;End-cap;Yes;1480;End-cap
207420;Front of Store;Yes;1264;Front of Store
207421;Front of Store;No;773;Front of Store
207422;Aisle;Yes;1622;Aisle
207423;End-cap;No;844;End-cap
207424;Aisle;No;817;Aisle
207425;Front of Store;No;847;Front of Store
207426;End-cap;Yes;1267;End-cap
207427;End-cap;No;906;End-cap
207428;Aisle;No;1187;Aisle
207429;Aisle;Yes;1379;Aisle
207430;End-cap;Yes;1665;End-cap
207431;Aisle;No;1026;Aisle
207432;Front of Store;No;683;Front of Store
207433;Front of Store;No;877;Front of Store
207434;End-cap;Yes;1462;End-cap
207435;End-cap;No;861;End-cap
207436;Front of Store;Yes;1175;Front of Store
207437;Aisle;Yes;1349;Aisle
207438;Front of Store;Yes;1250;Front of Store
207439;End-cap;Yes;1624;End-cap
207440;End-cap;No;903;End-cap
207441;Front of Store;Yes;1521;Front of Store
207442;Front of Store;No;968;Front of Store
207443;Front of Store;No;825;Front of Store
207444;End-cap;Yes;1623;End-cap
207445;End-cap;No;1051;End-cap
207446;Front of Store;No;907;Front of Store
207447;Aisle;No;969;Aisle
207448;Aisle;No;792;Aisle
207449;Front of Store;No;960;Front of Store
207450;End-cap;Yes;1597;End-cap
207451;Aisle;No;664;Aisle
207452;Aisle;No;963;Aisle
207453;End-cap;Yes;1228;End-cap
207454;Front of Store;No;819;Front of Store
207455;Front of Store;No;853;Front of Store
207456;Aisle;No;700;Aisle
207457;End-cap;Yes;1203;End-cap
207458;Aisle;No;860;Aisle
207459;Aisle;No;875;Aisle
207460;Front of Store;Yes;1280;Front of Store
207461;Aisle;Yes;1421;Aisle
207462;End-cap;No;843;End-cap
207463;End-cap;No;889;End-cap
207464;End-cap;Yes;1169;End-cap
207465;Aisle;No;735;Aisle
207466;Aisle;Yes;1041;Aisle
207467;Front of Store;Yes;1414;Front of Store
207468;End-cap;No;811;End-cap
207469;Aisle;Yes;1657;Aisle
207470;End-cap;No;829;End-cap
207471;Front of Store;Yes;1459;Front of Store
207472;End-cap;Yes;1484;End-cap
207473;End-cap;Yes;1521;End-cap
207474;Aisle;No;723;Aisle
207475;End-cap;No;894;End-cap
207476;Front of Store;No;723;Front of Store
207477;End-cap;No;828;End-cap
207478;Front of Store;Yes;1359;Front of Store
207479;Front of Store;No;834;Front of Store
207480;End-cap;Yes;1393;End-cap
207481;Front of Store;No;856;Front of Store
207482;Front of Store;No;726;Front of Store
207483;Aisle;No;760;Aisle
207484;Aisle;Yes;1273;Aisle
207485;Aisle;Yes;1300;Aisle
207486;End-cap;Yes;1940;End-cap
207487;Front of Store;No;802;Front of Store
207488;Aisle;Yes;1608;Aisle
207489;End-cap;No;948;End-cap
207490;Aisle;No;865;Aisle
207491;Front of Store;No;705;Front of Store
207492;Aisle;No;562;Aisle
207493;Front of Store;Yes;1335;Front of Store
207494;End-cap;No;908;End-cap
207495;End-cap;No;947;End-cap
207496;End-cap;Yes;1486;End-cap
207497;End-cap;No;933;End-cap
207498;End-cap;Yes;1814;End-cap
207499;End-cap;No;891;End-cap
207500;End-cap;No;1022;End-cap
207501;End-cap;No;810;End-cap
207502;Aisle;No;763;Aisle
207503;Aisle;Yes;1109;Aisle
207504;End-cap;No;872;End-cap
207505;Front of Store;No;1036;Front of Store
207506;End-cap;Yes;1100;End-cap
207507;Aisle;No;674;Aisle
207508;Front of Store;No;1186;Front of Store
207509;Aisle;No;956;Aisle
207510;Front of Store;Yes;1427;Front of Store
207511;Aisle;No;896;Aisle
207512;Front of Store;Yes;1329;Front of Store
207513;End-cap;No;953;End-cap
207514;Aisle;Yes;1455;Aisle
207515;Aisle;No;900;Aisle
207516;Front of Store;Yes;1722;Front of Store
207517;Front of Store;No;811;Front of Store
207518;Aisle;No;914;Aisle
207519;Aisle;No;1105;Aisle
207520;End-cap;No;950;End-cap
207521;Aisle;No;963;Aisle
207522;Aisle;No;1028;Aisle
207523;End-cap;No;784;End-cap
207524;Aisle;No;889;Aisle
207525;Aisle;No;966;Aisle
207526;Front of Store;Yes;1263;Front of Store
207527;Front of Store;No;1055;Front of Store
207528;Aisle;No;930;Aisle
207529;End-cap;No;1071;End-cap
207530;Aisle;No;846;Aisle
207531;End-cap;No;808;End-cap
207532;Front of Store;No;765;Front of Store
207533;End-cap;Yes;1449;End-cap
207534;End-cap;No;948;End-cap
207535;Front of Store;No;796;Front of Store
207536;Aisle;Yes;1506;Aisle
207537;Front of Store;No;722;Front of Store
207538;Front of Store;Yes;1512;Front of Store
207539;Front of Store;No;1004;Front of Store
207540;Front of Store;Yes;1184;Front of Store
207541;Aisle;Yes;1519;Aisle
207542;Aisle;Yes;1148;Aisle
207543;Front of Store;No;817;Front of Store
207544;Aisle;No;970;Aisle
207545;Front of Store;No;953;Front of Store
207546;End-cap;No;818;End-cap
207547;Aisle;No;959;Aisle
207548;End-cap;Yes;1471;End-cap
207549;Aisle;Yes;1786;Aisle
207550;Front of Store;No;835;Front of Store
207551;Front of Store;No;1062;Front of Store
207552;Aisle;Yes;1489;Aisle
207553;Aisle;No;1000;Aisle
207554;Aisle;No;1002;Aisle
207555;Front of Store;Yes;1494;Front of Store
207556;Aisle;No;940;Aisle
207557;Aisle;No;810;Aisle
207558;End-cap;Yes;1434;End-cap
207559;End-cap;No;721;End-cap
207560;Front of Store;No;818;Front of Store
207561;Front of Store;No;868;Front of Store
207562;Front of Store;Yes;1078;Front of Store
207563;Aisle;Yes;1298;Aisle
207564;End-cap;Yes;1183;End-cap
207565;End-cap;No;834;End-cap
207566;End-cap;No;931;End-cap
207567;Aisle;No;1144;Aisle
207568;Aisle;No;827;Aisle
207569;Front of Store;No;777;Front of Store
207570;End-cap;Yes;1433;End-cap
207571;End-cap;Yes;1293;End-cap
207572;End-cap;Yes;1650;End-cap
207573;Aisle;Yes;1177;Aisle
207574;End-cap;Yes;1363;End-cap
207575;End-cap;No;890;End-cap
207576;Aisle;Yes;1399;Aisle
207577;Aisle;No;857;Aisle
207578;Front of Store;No;963;Front of Store
207579;Aisle;No;953;Aisle
207580;Aisle;No;849;Aisle
207581;End-cap;No;1010;End-cap
207582;Aisle;No;901;Aisle
207583;Aisle;No;1003;Aisle
207584;Aisle;Yes;1383;Aisle
207585;End-cap;Yes;1604;End-cap
207586;Front of Store;Yes;1632;Front of Store
207587;Aisle;No;826;Aisle
207588;Aisle;Yes;1069;Aisle
207589;Front of Store;Yes;1443;Front of Store
207590;Aisle;Yes;1518;Aisle
207591;Aisle;No;817;Aisle
207592;Front of Store;No;797;Front of Store
207593;Front of Store;No;716;Front of Store
207594;End-cap;Yes;1545;End-cap
207595;End-cap;Yes;1272;End-cap
207596;Aisle;No;820;Aisle
207597;End-cap;No;839;End-cap
207598;Front of Store;No;868;Front of Store
207599;Aisle;Yes;1477;Aisle
207600;Front of Store;No;985;Front of Store
207601;End-cap;No;798;End-cap
207602;End-cap;No;721;End-cap
207603;End-cap;No;877;End-cap
207604;End-cap;Yes;1503;End-cap
207605;End-cap;No;1051;End-cap
207606;Front of Store;No;798;Front of Store
207607;End-cap;No;989;End-cap
207608;Aisle;No;1000;Aisle
207609;End-cap;No;946;End-cap
207610;End-cap;Yes;1367;End-cap
207611;End-cap;Yes;1410;End-cap
207612;Aisle;Yes;1349;Aisle
207613;Front of Store;Yes;1384;Front of Store
207614;Front of Store;Yes;1375;Front of Store
207615;End-cap;No;733;End-cap
207616;Aisle;No;862;Aisle
207617;Front of Store;Yes;1209;Front of Store
207618;Aisle;No;988;Aisle
207619;Aisle;Yes;1267;Aisle
207620;Front of Store;Yes;1355;Front of Store
207621;Front of Store;Yes;1678;Front of Store
207622;Aisle;No;787;Aisle
207623;Front of Store;Yes;1448;Front of Store
207624;Front of Store;Yes;1162;Front of Store
207625;Front of Store;Yes;1135;Front of Store
207626;End-cap;No;878;End-cap
207627;Front of Store;No;812;Front of Store
207628;Aisle;Yes;1493;Aisle
207629;Aisle;Yes;1337;Aisle
207630;Aisle;No;884;Aisle
207631;Aisle;No;818;Aisle
207632;Front of Store;Yes;1469;Front of Store
207633;Front of Store;Yes;1349;Front of Store
207634;Aisle;No;817;Aisle
207635;Front of Store;Yes;1516;Front of Store
207636;Aisle;Yes;1394;Aisle
207637;End-cap;No;801;End-cap
207638;End-cap;No;730;End-cap
207639;End-cap;Yes;1279;End-cap
207640;End-cap;Yes;1503;End-cap
207641;Aisle;Yes;1359;Aisle
207642;Front of Store;Yes;1382;Front of Store
207643;End-cap;No;964;End-cap
207644;Aisle;Yes;1198;Aisle
207645;End-cap;Yes;1468;End-cap
207646;Aisle;No;818;Aisle
207647;Front of Store;Yes;1385;Front of Store
207648;Aisle;Yes;1804;Aisle
207649;Front of Store;No;831;Front of Store
207650;Front of Store;No;877;Front of Store
207651;End-cap;No;927;End-cap
207652;Aisle;Yes;1268;Aisle
207653;Aisle;Yes;1276;Aisle
207654;Aisle;Yes;1521;Aisle
207655;Aisle;Yes;1309;Aisle
207656;End-cap;No;950;End-cap
207657;Aisle;Yes;1392;Aisle
207658;Aisle;Yes;1723;Aisle
207659;End-cap;No;880;End-cap
207660;Aisle;No;872;Aisle
207661;Front of Store;Yes;1256;Front of Store
207662;Front of Store;No;928;Front of Store
207663;End-cap;No;785;End-cap
207664;End-cap;Yes;1192;End-cap
207665;End-cap;No;782;End-cap
207666;Aisle;No;972;Aisle
207667;End-cap;No;1053;End-cap
207668;Aisle;No;1001;Aisle
207669;Aisle;Yes;1529;Aisle
207670;Front of Store;Yes;1209;Front of Store
207671;End-cap;No;691;End-cap
207672;Aisle;No;853;Aisle
207673;Aisle;Yes;1349;Aisle
207674;End-cap;No;898;End-cap
207675;Aisle;No;863;Aisle
207676;End-cap;No;1033;End-cap
207677;Aisle;No;1023;Aisle
207678;Aisle;No;944;Aisle
207679;Aisle;Yes;1645;Aisle
207680;Aisle;Yes;1170;Aisle
207681;End-cap;Yes;1359;End-cap
207682;End-cap;No;832;End-cap
207683;Aisle;Yes;1364;Aisle
207684;End-cap;Yes;1385;End-cap
207685;End-cap;No;848;End-cap
207686;Front of Store;No;772;Front of Store
207687;Aisle;No;978;Aisle
207688;End-cap;Yes;1331;End-cap
207689;Aisle;Yes;1146;Aisle
207690;Front of Store;No;903;Front of Store
207691;Front of Store;No;894;Front of Store
207692;End-cap;Yes;1278;End-cap
207693;Aisle;No;886;Aisle
207694;Aisle;No;908;Aisle
207695;Front of Store;Yes;1299;Front of Store
207696;Aisle;No;770;Aisle
207697;Aisle;No;787;Aisle
207698;Aisle;No;932;Aisle
207699;Aisle;No;967;Aisle
207700;Front of Store;No;1126;Front of Store
207701;Front of Store;No;703;Front of Store
207702;Aisle;No;771;Aisle
207703;Front of Store;Yes;1311;Front of Store
207704;Aisle;Yes;1189;Aisle
207705;Aisle;No;763;Aisle
207706;Front of Store;Yes;1388;Front of Store
207707;Front of Store;Yes;1425;Front of Store
207708;Aisle;No;769;Aisle
207709;End-cap;No;976;End-cap
207710;Front of Store;No;832;Front of Store
207711;Front of Store;Yes;1433;Front of Store
207712;Front of Store;No;865;Front of Store
207713;Aisle;No;652;Aisle
207714;Aisle;Yes;1417;Aisle
207715;Aisle;Yes;1363;Aisle
207716;Front of Store;No;701;Front of Store
207717;Aisle;No;849;Aisle
207718;Front of Store;Yes;1515;Front of Store
207719;End-cap;No;788;End-cap
207720;End-cap;Yes;1558;End-cap
207721;Front of Store;Yes;1203;Front of Store
207722;End-cap;No;912;End-cap
207723;Front of Store;Yes;1451;Front of Store
207724;Aisle;No;904;Aisle
207725;Aisle;Yes;1528;Aisle
207726;Front of Store;Yes;1246;Front of Store
207727;End-cap;Yes;1214;End-cap
207728;End-cap;No;769;End-cap
207729;Aisle;No;854;Aisle
207730;Front of Store;Yes;1521;Front of Store
207731;Front of Store;No;982;Front of Store
207732;End-cap;Yes;1453;End-cap
207733;End-cap;Yes;1334;End-cap
207734;Aisle;Yes;1591;Aisle
207735;End-cap;Yes;1441;End-cap
207736;End-cap;Yes;1252;End-cap
207737;Front of Store;Yes;1562;Front of Store
207738;Aisle;No;892;Aisle
207739;Front of Store;Yes;1228;Front of Store
207740;End-cap;No;921;End-cap
207741;Aisle;No;796;Aisle
207742;End-cap;No;1071;End-cap
207743;Aisle;No;713;Aisle
207744;Front of Store;Yes;1441;Front of Store
207745;End-cap;Yes;1253;End-cap
207746;Front of Store;Yes;1394;Front of Store
207747;End-cap;No;931;End-cap
207748;End-cap;Yes;1283;End-cap
207749;End-cap;No;928;End-cap
207750;Aisle;No;756;Aisle
207751;Aisle;Yes;1102;Aisle
207752;Front of Store;No;1155;Front of Store
207753;Front of Store;Yes;1594;Front of Store
207754;Front of Store;No;962;Front of Store
207755;Front of Store;Yes;1536;Front of Store
207756;End-cap;Yes;1351;End-cap
207757;End-cap;Yes;1459;End-cap
207758;Front of Store;Yes;1447;Front of Store
207759;Aisle;Yes;1550;Aisle
207760;End-cap;No;781;End-cap
207761;End-cap;Yes;1572;End-cap
207762;Aisle;Yes;1161;Aisle
207763;Aisle;Yes;1449;Aisle
207764;Aisle;No;882;Aisle
207765;Aisle;No;1116;Aisle
207766;End-cap;Yes;1359;End-cap
207767;Front of Store;Yes;1378;Front of Store
207768;Aisle;Yes;1671;Aisle
207769;Aisle;Yes;1448;Aisle
207770;Aisle;Yes;1773;Aisle
207771;Aisle;No;975;Aisle
207772;Aisle;Yes;1125;Aisle
207773;Aisle;No;855;Aisle
207774;Aisle;No;933;Aisle
207775;Front of Store;Yes;1274;Front of Store
207776;Aisle;Yes;1708;Aisle
207777;Front of Store;Yes;1466;Front of Store
207778;Aisle;No;794;Aisle
207779;Aisle;Yes;1540;Aisle
207780;End-cap;Yes;1385;End-cap
207781;End-cap;No;802;End-cap
207782;End-cap;No;760;End-cap
207783;End-cap;No;817;End-cap
207784;End-cap;No;826;End-cap
207785;Aisle;No;923;Aisle
207786;Aisle;No;1035;Aisle
207787;End-cap;No;793;End-cap
207788;Aisle;No;783;Aisle
207789;End-cap;No;761;End-cap
207790;Front of Store;No;895;Front of Store
207791;Aisle;No;924;Aisle
207792;End-cap;Yes;1348;End-cap
207793;Aisle;Yes;1655;Aisle
207794;Aisle;Yes;1401;Aisle
207795;Aisle;Yes;1449;Aisle
207796;Aisle;Yes;1812;Aisle
207797;Aisle;No;773;Aisle
207798;Aisle;No;808;Aisle
207799;End-cap;Yes;1318;End-cap
207800;Aisle;Yes;1407;Aisle
207801;Aisle;No;963;Aisle
207802;End-cap;No;1001;End-cap
207803;End-cap;No;899;End-cap
207804;Aisle;Yes;1787;Aisle
207805;End-cap;Yes;1481;End-cap
207806;Front of Store;Yes;1395;Front of Store
207807;Aisle;No;855;Aisle
207808;Front of Store;No;858;Front of Store
207809;Aisle;No;809;Aisle
207810;Aisle;No;944;Aisle
207811;End-cap;No;1148;End-cap
207812;Front of Store;Yes;1192;Front of Store
207813;Front of Store;Yes;1433;Front of Store
207814;Aisle;No;801;Aisle
207815;Front of Store;Yes;1274;Front of Store
207816;End-cap;Yes;1519;End-cap
207817;Aisle;No;780;Aisle
207818;End-cap;No;1001;End-cap
207819;Front of Store;Yes;1473;Front of Store
207820;End-cap;Yes;1453;End-cap
207821;Front of Store;No;820;Front of Store
207822;End-cap;No;928;End-cap
207823;Aisle;Yes;1485;Aisle
207824;Front of Store;No;905;Front of Store
207825;Front of Store;Yes;1441;Front of Store
207826;Front of Store;Yes;1758;Front of Store
207827;Front of Store;No;779;Front of Store
207828;Aisle;No;1088;Aisle
207829;Front of Store;Yes;1473;Front of Store
207830;Aisle;No;927;Aisle
207831;Front of Store;Yes;1405;Front of Store
207832;Front of Store;Yes;1452;Front of Store
207833;End-cap;No;847;End-cap
207834;End-cap;No;1027;End-cap
207835;Front of Store;No;709;Front of Store
207836;End-cap;Yes;1621;End-cap
207837;Aisle;No;830;Aisle
207838;Aisle;Yes;1116;Aisle
207839;End-cap;No;891;End-cap
207840;Aisle;No;824;Aisle
207841;Front of Store;Yes;1565;Front of Store
207842;End-cap;No;1065;End-cap
207843;Aisle;Yes;1357;Aisle
207844;Aisle;Yes;1322;Aisle
207845;Front of Store;No;974;Front of Store
207846;Front of Store;Yes;1414;Front of Store
207847;Front of Store;Yes;1430;Front of Store
207848;Aisle;No;1028;Aisle
207849;End-cap;No;768;End-cap
207850;End-cap;No;846;End-cap
207851;End-cap;No;798;End-cap
207852;Front of Store;No;915;Front of Store
207853;Front of Store;Yes;1384;Front of Store
207854;Aisle;No;572;Aisle
207855;Front of Store;No;952;Front of Store
207856;End-cap;No;959;End-cap
207857;Front of Store;No;833;Front of Store
207858;Front of Store;No;962;Front of Store
207859;Aisle;No;813;Aisle
207860;End-cap;Yes;1258;End-cap
207861;Front of Store;No;788;Front of Store
207862;Aisle;No;903;Aisle
207863;Front of Store;Yes;1611;Front of Store
207864;End-cap;Yes;1277;End-cap
207865;End-cap;No;848;End-cap
207866;Aisle;Yes;1485;Aisle
207867;Front of Store;Yes;1252;Front of Store
207868;Front of Store;No;939;Front of Store
207869;Aisle;Yes;1433;Aisle
207870;Aisle;Yes;1445;Aisle
207871;Front of Store;Yes;1669;Front of Store
207872;End-cap;Yes;1497;End-cap
207873;Front of Store;Yes;1361;Front of Store
207874;End-cap;No;770;End-cap
207875;Front of Store;No;744;Front of Store
207876;Front of Store;Yes;1432;Front of Store
207877;Aisle;Yes;1205;Aisle
207878;Aisle;Yes;1405;Aisle
207879;Front of Store;No;769;Front of Store
207880;End-cap;No;1132;End-cap
207881;Aisle;No;897;Aisle
207882;End-cap;No;1006;End-cap
207883;Aisle;No;781;Aisle
207884;Aisle;Yes;1619;Aisle
207885;Aisle;No;667;Aisle
207886;Aisle;No;802;Aisle
207887;End-cap;No;918;End-cap
207888;Front of Store;No;983;Front of Store
207889;Front of Store;No;900;Front of Store
207890;Front of Store;Yes;1468;Front of Store
207891;Front of Store;Yes;1437;Front of Store
207892;Aisle;No;943;Aisle
207893;End-cap;No;865;End-cap
207894;Aisle;No;937;Aisle
207895;End-cap;No;956;End-cap
207896;End-cap;Yes;1558;End-cap
207897;End-cap;No;873;End-cap
207898;Aisle;Yes;1545;Aisle
207899;Front of Store;Yes;1390;Front of Store
207900;End-cap;Yes;1281;End-cap
207901;Front of Store;No;849;Front of Store
207902;Front of Store;No;704;Front of Store
207903;End-cap;No;962;End-cap
207904;Aisle;No;807;Aisle
207905;Front of Store;Yes;1590;Front of Store
207906;Front of Store;No;737;Front of Store
207907;Aisle;Yes;1460;Aisle
207908;Front of Store;Yes;1282;Front of Store
207909;End-cap;Yes;1751;End-cap
207910;End-cap;No;986;End-cap
207911;Aisle;Yes;1638;Aisle
207912;End-cap;Yes;1250;End-cap
207913;End-cap;No;781;End-cap
207914;Aisle;No;975;Aisle
207915;Front of Store;Yes;1118;Front of Store
207916;End-cap;Yes;1542;End-cap
207917;Aisle;Yes;1392;Aisle
207918;Aisle;Yes;1434;Aisle
207919;Front of Store;Yes;1601;Front of Store
207920;Aisle;Yes;1333;Aisle
207921;Front of Store;Yes;1315;Front of Store
207922;End-cap;Yes;1408;End-cap
207923;End-cap;No;765;End-cap
207924;End-cap;No;859;End-cap
207925;Aisle;No;999;Aisle
207926;End-cap;Yes;1175;End-cap
207927;End-cap;No;772;End-cap
207928;Aisle;No;1081;Aisle
207929;Front of Store;Yes;1638;Front of Store
207930;Aisle;Yes;1428;Aisle
207931;Aisle;Yes;1451;Aisle
207932;Aisle;Yes;1256;Aisle
207933;Aisle;Yes;1380;Aisle
207934;Aisle;Yes;1794;Aisle
207935;Front of Store;No;1107;Front of Store
207936;Aisle;No;833;Aisle
207937;Aisle;Yes;1461;Aisle
207938;End-cap;Yes;1685;End-cap
207939;Aisle;No;884;Aisle
207940;End-cap;Yes;1403;End-cap
207941;Front of Store;No;1023;Front of Store
207942;Front of Store;No;1161;Front of Store
207943;Front of Store;No;679;Front of Store
207944;End-cap;Yes;1361;End-cap
207945;End-cap;No;755;End-cap
207946;End-cap;No;852;End-cap
207947;Aisle;No;971;Aisle
207948;Aisle;No;1052;Aisle
207949;Aisle;No;1091;Aisle
207950;End-cap;Yes;1257;End-cap
207951;End-cap;Yes;1745;End-cap
207952;Aisle;Yes;1396;Aisle
207953;End-cap;No;782;End-cap
207954;End-cap;Yes;1351;End-cap
207955;End-cap;Yes;1445;End-cap
207956;Aisle;Yes;1340;Aisle
207957;Front of Store;No;1117;Front of Store
207958;Aisle;No;857;Aisle
207959;Front of Store;No;842;Front of Store
207960;Aisle;Yes;1152;Aisle
207961;End-cap;Yes;1546;End-cap
207962;Aisle;No;886;Aisle
207963;Front of Store;No;928;Front of Store
207964;Front of Store;Yes;1616;Front of Store
207965;Front of Store;No;737;Front of Store
207966;End-cap;No;1084;End-cap
207967;Aisle;Yes;1216;Aisle
207968;End-cap;No;1064;End-cap
207969;Aisle;No;935;Aisle
207970;Front of Store;Yes;1363;Front of Store
207971;Aisle;Yes;1360;Aisle
207972;End-cap;Yes;1394;End-cap
207973;End-cap;Yes;1382;End-cap
207974;End-cap;No;945;End-cap
207975;Aisle;Yes;1343;Aisle
207976;Aisle;Yes;1563;Aisle
207977;Front of Store;No;1111;Front of Store
207978;Aisle;No;865;Aisle
207979;Front of Store;No;874;Front of Store
207980;Aisle;No;917;Aisle
207981;Aisle;No;866;Aisle
207982;Front of Store;No;771;Front of Store
207983;Aisle;Yes;1273;Aisle
207984;Aisle;Yes;1397;Aisle
207985;Aisle;No;888;Aisle
207986;Aisle;Yes;1405;Aisle
207987;Aisle;No;1013;Aisle
207988;Front of Store;Yes;1488;Front of Store
207989;Front of Store;No;861;Front of Store
207990;Front of Store;Yes;1255;Front of Store
207991;Aisle;Yes;1293;Aisle
207992;End-cap;No;756;End-cap
207993;Aisle;No;761;Aisle
207994;End-cap;Yes;1545;End-cap
207995;Front of Store;No;878;Front of Store
207996;Aisle;No;955;Aisle
207997;End-cap;No;834;End-cap
207998;Aisle;No;739;Aisle
207999;End-cap;Yes;1482;End-cap
208000;Front of Store;Yes;1491;Front of Store
208001;Aisle;Yes;1260;Aisle
208002;Front of Store;Yes;1343;Front of Store
208003;End-cap;No;981;End-cap
208004;Aisle;No;943;Aisle
208005;Front of Store;No;743;Front of Store
208006;Front of Store;No;928;Front of Store
208007;End-cap;No;789;End-cap
208008;Aisle;No;812;Aisle
208009;Aisle;Yes;1212;Aisle
208010;Aisle;No;934;Aisle
208011;Aisle;No;868;Aisle
208012;Front of Store;No;768;Front of Store
208013;Aisle;No;661;Aisle
208014;Aisle;No;719;Aisle
208015;Aisle;Yes;1701;Aisle
208016;Aisle;No;941;Aisle
208017;Aisle;No;779;Aisle
208018;End-cap;Yes;1613;End-cap
208019;End-cap;Yes;1272;End-cap
208020;Aisle;Yes;1450;Aisle
208021;End-cap;No;890;End-cap
208022;Aisle;Yes;1657;Aisle
208023;End-cap;Yes;1395;End-cap
208024;End-cap;Yes;1209;End-cap
208025;Aisle;Yes;1513;Aisle
208026;Aisle;No;873;Aisle
208027;Aisle;Yes;1277;Aisle
208028;End-cap;Yes;1555;End-cap
208029;End-cap;No;940;End-cap
208030;End-cap;No;902;End-cap
208031;Aisle;No;692;Aisle
208032;End-cap;No;1024;End-cap
208033;End-cap;No;915;End-cap
208034;Aisle;No;825;Aisle
208035;Aisle;No;908;Aisle
208036;Front of Store;Yes;1110;Front of Store
208037;End-cap;Yes;1665;End-cap
208038;Aisle;No;789;Aisle
208039;Aisle;No;862;Aisle
208040;Aisle;Yes;1265;Aisle
208041;Aisle;Yes;1482;Aisle
208042;Aisle;No;879;Aisle
208043;Aisle;No;892;Aisle
208044;End-cap;Yes;1491;End-cap
208045;Front of Store;Yes;1209;Front of Store
208046;Aisle;No;755;Aisle
208047;Front of Store;No;897;Front of Store
208048;Front of Store;No;1013;Front of Store
208049;Aisle;No;713;Aisle
208050;Front of Store;Yes;1385;Front of Store
208051;Front of Store;No;1031;Front of Store
208052;End-cap;Yes;1334;End-cap
208053;End-cap;No;819;End-cap
208054;End-cap;Yes;1335;End-cap
208055;Front of Store;No;863;Front of Store
208056;Aisle;No;781;Aisle
208057;Front of Store;Yes;1321;Front of Store
208058;End-cap;No;911;End-cap
208059;Front of Store;No;1027;Front of Store
208060;End-cap;No;849;End-cap
208061;End-cap;No;799;End-cap
208062;Aisle;No;931;Aisle
208063;Front of Store;No;792;Front of Store
208064;Front of Store;No;751;Front of Store
208065;Front of Store;Yes;1652;Front of Store
208066;Aisle;Yes;1013;Aisle
208067;End-cap;No;932;End-cap
208068;Front of Store;Yes;1504;Front of Store
208069;End-cap;No;756;End-cap
208070;Front of Store;No;959;Front of Store
208071;Front of Store;No;882;Front of Store
208072;End-cap;No;958;End-cap
208073;Aisle;Yes;1428;Aisle
208074;Front of Store;No;881;Front of Store
208075;Front of Store;Yes;1401;Front of Store
208076;Aisle;Yes;1792;Aisle
208077;End-cap;No;898;End-cap
208078;Front of Store;No;916;Front of Store
208079;Aisle;No;776;Aisle
208080;End-cap;No;865;End-cap
208081;Aisle;Yes;1456;Aisle
208082;Front of Store;No;973;Front of Store
208083;Aisle;Yes;1224;Aisle
208084;Front of Store;Yes;1566;Front of Store
208085;End-cap;Yes;1500;End-cap
208086;Aisle;No;733;Aisle
208087;Front of Store;No;751;Front of Store
208088;End-cap;Yes;1517;End-cap
208089;Front of Store;No;825;Front of Store
208090;Front of Store;No;982;Front of Store
208091;Aisle;No;880;Aisle
208092;Front of Store;Yes;1275;Front of Store
208093;End-cap;Yes;1483;End-cap
208094;Front of Store;Yes;1562;Front of Store
208095;Front of Store;Yes;1431;Front of Store
208096;Front of Store;Yes;1406;Front of Store
208097;Aisle;Yes;1370;Aisle
208098;Front of Store;No;812;Front of Store
208099;End-cap;No;938;End-cap
208100;End-cap;No;823;End-cap
208101;End-cap;Yes;1365;End-cap
208102;Front of Store;Yes;1150;Front of Store
208103;End-cap;Yes;1209;End-cap
208104;Front of Store;No;753;Front of Store
208105;Front of Store;No;830;Front of Store
208106;Aisle;Yes;1409;Aisle
208107;Aisle;Yes;1371;Aisle
208108;Aisle;No;636;Aisle
208109;Aisle;No;915;Aisle
208110;Aisle;No;870;Aisle
208111;Aisle;No;937;Aisle
208112;Front of Store;No;875;Front of Store
208113;End-cap;Yes;1526;End-cap
208114;Aisle;No;1096;Aisle
208115;End-cap;No;885;End-cap
208116;Front of Store;No;837;Front of Store
208117;End-cap;Yes;1626;End-cap
208118;Aisle;No;898;Aisle
208119;Front of Store;No;858;Front of Store
208120;End-cap;Yes;1346;End-cap
208121;Aisle;No;844;Aisle
208122;Front of Store;No;762;Front of Store
208123;End-cap;Yes;1298;End-cap
208124;Front of Store;No;1055;Front of Store
208125;End-cap;Yes;1425;End-cap
208126;End-cap;No;1068;End-cap
208127;Aisle;No;894;Aisle
208128;Aisle;No;821;Aisle
208129;Front of Store;No;796;Front of Store
208130;Aisle;No;785;Aisle
208131;End-cap;Yes;1254;End-cap
208132;End-cap;Yes;1524;End-cap
208133;End-cap;No;625;End-cap
208134;End-cap;Yes;1711;End-cap
208135;End-cap;No;934;End-cap
208136;Aisle;No;953;Aisle
208137;Front of Store;Yes;1312;Front of Store
208138;Front of Store;No;790;Front of Store
208139;Aisle;Yes;1156;Aisle
208140;Front of Store;No;791;Front of Store
208141;Aisle;No;999;Aisle
208142;Aisle;No;743;Aisle
208143;End-cap;No;761;End-cap
208144;End-cap;Yes;1415;End-cap
208145;Aisle;No;984;Aisle
208146;End-cap;No;830;End-cap
208147;Front of Store;Yes;1326;Front of Store
208148;End-cap;No;951;End-cap
208149;End-cap;No;903;End-cap
208150;Aisle;Yes;1694;Aisle
208151;Front of Store;No;851;Front of Store
208152;Front of Store;No;821;Front of Store
208153;Aisle;No;928;Aisle
208154;Front of Store;No;716;Front of Store
208155;Front of Store;Yes;1378;Front of Store
208156;End-cap;No;879;End-cap
208157;Front of Store;No;811;Front of Store
208158;End-cap;No;991;End-cap
208159;End-cap;Yes;1349;End-cap
208160;End-cap;Yes;1449;End-cap
208161;Front of Store;Yes;1639;Front of Store
208162;Front of Store;No;654;Front of Store
208163;End-cap;No;719;End-cap
208164;Aisle;No;1016;Aisle
208165;End-cap;No;813;End-cap
208166;End-cap;Yes;1558;End-cap
208167;Aisle;No;945;Aisle
208168;End-cap;No;656;End-cap
208169;Aisle;No;889;Aisle
208170;Front of Store;Yes;1314;Front of Store
208171;End-cap;No;797;End-cap
208172;End-cap;No;823;End-cap
208173;Front of Store;No;1009;Front of Store
208174;End-cap;Yes;1469;End-cap
208175;Front of Store;No;977;Front of Store
208176;Aisle;Yes;1196;Aisle
208177;End-cap;No;698;End-cap
208178;Aisle;No;873;Aisle
208179;Aisle;No;819;Aisle
208180;Aisle;No;784;Aisle
208181;Front of Store;Yes;1477;Front of Store
208182;Front of Store;Yes;1390;Front of Store
208183;Front of Store;No;847;Front of Store
208184;Aisle;No;869;Aisle
208185;Front of Store;No;1087;Front of Store
208186;End-cap;No;762;End-cap
208187;End-cap;No;751;End-cap
208188;End-cap;Yes;1490;End-cap
208189;End-cap;Yes;1604;End-cap
208190;Front of Store;Yes;1723;Front of Store
208191;End-cap;Yes;1447;End-cap
208192;Aisle;No;751;Aisle
208193;End-cap;No;963;End-cap
208194;Front of Store;No;741;Front of Store
208195;End-cap;Yes;1499;End-cap
208196;Aisle;No;800;Aisle
208197;End-cap;No;1065;End-cap
208198;Front of Store;No;929;Front of Store
208199;End-cap;Yes;1502;End-cap
208200;Aisle;Yes;1381;Aisle
208201;Front of Store;Yes;1444;Front of Store
208202;Front of Store;No;901;Front of Store
208203;Aisle;No;920;Aisle
208204;Front of Store;No;972;Front of Store
208205;End-cap;No;907;End-cap
208206;End-cap;Yes;1367;End-cap
208207;Front of Store;No;931;Front of Store
208208;End-cap;No;932;End-cap
208209;Front of Store;No;1116;Front of Store
208210;End-cap;No;713;End-cap
208211;Front of Store;Yes;1466;Front of Store
208212;Aisle;No;844;Aisle
208213;Aisle;No;1029;Aisle
208214;Aisle;No;634;Aisle
208215;Aisle;No;847;Aisle
208216;Aisle;No;911;Aisle
208217;End-cap;Yes;1182;End-cap
208218;End-cap;No;1024;End-cap
208219;Aisle;Yes;1456;Aisle
208220;Front of Store;Yes;1226;Front of Store
208221;Aisle;No;1014;Aisle
208222;Aisle;Yes;1206;Aisle
208223;Aisle;Yes;1610;Aisle
208224;End-cap;Yes;1480;End-cap
208225;Aisle;Yes;1466;Aisle
208226;Aisle;Yes;1461;Aisle
208227;Front of Store;No;779;Front of Store
208228;Front of Store;No;813;Front of Store
208229;Aisle;No;893;Aisle
208230;Front of Store;Yes;1420;Front of Store
208231;Front of Store;No;912;Front of Store
208232;Aisle;Yes;1218;Aisle
208233;Aisle;No;861;Aisle
208234;Aisle;Yes;1316;Aisle
208235;Aisle;No;704;Aisle
208236;Aisle;No;867;Aisle
208237;End-cap;Yes;1520;End-cap
208238;Front of Store;No;629;Front of Store
208239;Aisle;No;994;Aisle
208240;End-cap;Yes;1285;End-cap
208241;Aisle;No;864;Aisle
208242;End-cap;No;932;End-cap
208243;Front of Store;Yes;1484;Front of Store
208244;Aisle;Yes;1378;Aisle
208245;Aisle;Yes;1405;Aisle
208246;Front of Store;Yes;1654;Front of Store
208247;End-cap;No;784;End-cap
208248;End-cap;Yes;1301;End-cap
208249;Front of Store;No;1196;Front of Store
208250;Front of Store;Yes;1740;Front of Store
208251;Aisle;Yes;1814;Aisle
208252;End-cap;No;867;End-cap
208253;Aisle;No;842;Aisle
208254;Front of Store;No;897;Front of Store
208255;Aisle;Yes;1400;Aisle
208256;End-cap;Yes;1239;End-cap
208257;Aisle;No;784;Aisle
208258;Front of Store;No;819;Front of Store
208259;Front of Store;Yes;1530;Front of Store
208260;Aisle;No;854;Aisle
208261;Aisle;Yes;1389;Aisle
208262;End-cap;Yes;1498;End-cap
208263;End-cap;No;943;End-cap
208264;End-cap;No;827;End-cap
208265;Aisle;Yes;1433;Aisle
208266;Front of Store;Yes;1378;Front of Store
208267;Aisle;Yes;1253;Aisle
208268;Aisle;No;708;Aisle
208269;Front of Store;Yes;1862;Front of Store
208270;Aisle;Yes;1208;Aisle
208271;Front of Store;No;819;Front of Store
208272;Aisle;Yes;1540;Aisle
208273;Front of Store;No;946;Front of Store
208274;End-cap;No;1138;End-cap
208275;Front of Store;Yes;1293;Front of Store
208276;Front of Store;Yes;1663;Front of Store
208277;End-cap;No;809;End-cap
208278;Front of Store;Yes;1261;Front of Store
208279;End-cap;Yes;1456;End-cap
208280;End-cap;Yes;1292;End-cap
208281;End-cap;No;811;End-cap
208282;Front of Store;No;1035;Front of Store
208283;Aisle;No;890;Aisle
208284;Aisle;No;702;Aisle
208285;End-cap;No;948;End-cap
208286;Aisle;No;805;Aisle
208287;Front of Store;Yes;1475;Front of Store
208288;Aisle;Yes;1624;Aisle
208289;Aisle;No;786;Aisle
208290;End-cap;Yes;1548;End-cap
208291;Front of Store;No;663;Front of Store
208292;End-cap;No;862;End-cap
208293;Aisle;No;877;Aisle
208294;End-cap;No;928;End-cap
208295;Front of Store;Yes;1365;Front of Store
208296;Front of Store;No;839;Front of Store
208297;Aisle;No;952;Aisle
208298;Aisle;No;723;Aisle
208299;Aisle;No;875;Aisle
208300;End-cap;Yes;1472;End-cap
208301;Front of Store;Yes;1801;Front of Store
208302;Aisle;Yes;1391;Aisle
208303;End-cap;Yes;1439;End-cap
208304;End-cap;No;702;End-cap
208305;End-cap;No;855;End-cap
208306;End-cap;No;722;End-cap
208307;Aisle;No;703;Aisle
208308;Aisle;No;917;Aisle
208309;Aisle;Yes;1825;Aisle
208310;Aisle;No;1034;Aisle
208311;End-cap;Yes;1459;End-cap
208312;Front of Store;No;1025;Front of Store
208313;Aisle;No;921;Aisle
208314;Aisle;No;1082;Aisle
208315;Front of Store;No;769;Front of Store
208316;Front of Store;Yes;1202;Front of Store
208317;End-cap;Yes;989;End-cap
208318;End-cap;No;786;End-cap
208319;Front of Store;No;922;Front of Store
208320;End-cap;No;767;End-cap
208321;Aisle;No;681;Aisle
208322;End-cap;Yes;1301;End-cap
208323;Aisle;No;1192;Aisle
208324;End-cap;No;937;End-cap
208325;Front of Store;Yes;1658;Front of Store
208326;Aisle;No;742;Aisle
208327;End-cap;Yes;1287;End-cap
208328;Aisle;No;1058;Aisle
208329;Aisle;No;772;Aisle
208330;Aisle;Yes;1143;Aisle
208331;Front of Store;Yes;1326;Front of Store
208332;Aisle;No;883;Aisle
208333;End-cap;No;828;End-cap
208334;Aisle;No;896;Aisle
208335;Front of Store;No;908;Front of Store
208336;End-cap;Yes;1632;End-cap
208337;End-cap;Yes;1274;End-cap
208338;Front of Store;Yes;1481;Front of Store
208339;Aisle;No;691;Aisle
208340;Aisle;No;834;Aisle
208341;End-cap;No;995;End-cap
208342;End-cap;No;929;End-cap
208343;End-cap;No;792;End-cap
208344;Aisle;No;862;Aisle
208345;Aisle;Yes;1344;Aisle
208346;End-cap;No;747;End-cap
208347;Aisle;Yes;1334;Aisle
208348;End-cap;No;824;End-cap
208349;End-cap;No;1037;End-cap
208350;End-cap;Yes;1820;End-cap
208351;End-cap;Yes;1147;End-cap
208352;End-cap;No;776;End-cap
208353;Aisle;No;860;Aisle
208354;End-cap;No;818;End-cap
208355;Aisle;No;941;Aisle
208356;Aisle;No;787;Aisle
208357;Front of Store;Yes;1785;Front of Store
208358;End-cap;No;779;End-cap
208359;Front of Store;No;885;Front of Store
208360;End-cap;No;929;End-cap
208361;End-cap;Yes;1491;End-cap
208362;Aisle;Yes;1429;Aisle
208363;End-cap;No;979;End-cap
208364;Aisle;Yes;1402;Aisle
208365;End-cap;Yes;1785;End-cap
208366;Front of Store;Yes;1530;Front of Store
208367;End-cap;No;852;End-cap
208368;Front of Store;No;804;Front of Store
208369;End-cap;Yes;1134;End-cap
208370;Front of Store;No;852;Front of Store
208371;Front of Store;Yes;1396;Front of Store
208372;Front of Store;No;904;Front of Store
208373;End-cap;Yes;1507;End-cap
208374;Front of Store;Yes;1397;Front of Store
208375;End-cap;Yes;1633;End-cap
208376;Front of Store;Yes;1456;Front of Store
208377;Aisle;No;896;Aisle
208378;End-cap;No;786;End-cap
208379;End-cap;No;705;End-cap
208380;Front of Store;Yes;1479;Front of Store
208381;Front of Store;No;779;Front of Store
208382;Front of Store;Yes;1367;Front of Store
208383;Aisle;Yes;1398;Aisle
208384;Aisle;No;1060;Aisle
208385;Aisle;No;876;Aisle
208386;Aisle;No;906;Aisle
208387;Aisle;Yes;1408;Aisle
208388;End-cap;No;1014;End-cap
208389;End-cap;Yes;1461;End-cap
208390;Front of Store;Yes;1119;Front of Store
208391;Aisle;No;881;Aisle
208392;Front of Store;No;781;Front of Store
208393;End-cap;No;1009;End-cap
208394;End-cap;Yes;1208;End-cap
208395;Front of Store;No;884;Front of Store
208396;End-cap;No;913;End-cap
208397;Front of Store;Yes;1562;Front of Store
208398;Aisle;Yes;1498;Aisle
208399;Aisle;Yes;1497;Aisle
208400;End-cap;No;832;End-cap
208401;Aisle;Yes;1243;Aisle
208402;End-cap;No;942;End-cap
208403;Front of Store;No;884;Front of Store
208404;Front of Store;No;818;Front of Store
208405;Front of Store;No;760;Front of Store
208406;Front of Store;No;994;Front of Store
208407;Aisle;No;916;Aisle
208408;End-cap;No;642;End-cap
208409;End-cap;Yes;1267;End-cap
208410;End-cap;No;841;End-cap
208411;Aisle;No;876;Aisle
208412;Front of Store;No;683;Front of Store
208413;End-cap;No;927;End-cap
208414;Aisle;No;688;Aisle
208415;End-cap;No;1011;End-cap
208416;Aisle;No;1039;Aisle
208417;End-cap;Yes;1602;End-cap
208418;End-cap;Yes;1164;End-cap
208419;Aisle;Yes;1202;Aisle
208420;Front of Store;No;811;Front of Store
208421;End-cap;Yes;1614;End-cap
208422;End-cap;No;968;End-cap
208423;End-cap;No;890;End-cap
208424;End-cap;No;937;End-cap
208425;Aisle;Yes;1232;Aisle
208426;Aisle;No;955;Aisle
208427;Aisle;No;923;Aisle
208428;End-cap;Yes;1176;End-cap
208429;Aisle;No;994;Aisle
208430;Aisle;No;726;Aisle
208431;End-cap;Yes;1461;End-cap
208432;Front of Store;Yes;1308;Front of Store
208433;Aisle;Yes;1203;Aisle
208434;Front of Store;Yes;1132;Front of Store
208435;Front of Store;Yes;1455;Front of Store
208436;Aisle;No;951;Aisle
208437;Aisle;Yes;1253;Aisle
208438;Front of Store;No;836;Front of Store
208439;Aisle;Yes;1445;Aisle
208440;End-cap;No;780;End-cap
208441;Aisle;Yes;1540;Aisle
208442;Aisle;No;924;Aisle
208443;End-cap;Yes;1246;End-cap
208444;Aisle;Yes;1326;Aisle
208445;Aisle;No;943;Aisle
208446;Aisle;Yes;1166;Aisle
208447;End-cap;No;775;End-cap
208448;Aisle;No;830;Aisle
208449;Front of Store;Yes;1267;Front of Store
208450;Front of Store;Yes;1676;Front of Store
208451;End-cap;No;848;End-cap
208452;Aisle;Yes;1659;Aisle
208453;Front of Store;Yes;1532;Front of Store
208454;End-cap;No;833;End-cap
208455;Aisle;No;929;Aisle
208456;Front of Store;No;925;Front of Store
208457;End-cap;No;783;End-cap
208458;Aisle;No;772;Aisle
208459;End-cap;No;866;End-cap
208460;End-cap;No;730;End-cap
208461;Front of Store;No;912;Front of Store
208462;End-cap;No;920;End-cap
208463;Front of Store;No;982;Front of Store
208464;End-cap;No;1018;End-cap
208465;End-cap;No;1001;End-cap
208466;Aisle;No;892;Aisle
208467;Aisle;Yes;1393;Aisle
208468;End-cap;Yes;1353;End-cap
208469;End-cap;No;833;End-cap
208470;End-cap;Yes;1879;End-cap
208471;Aisle;No;1161;Aisle
208472;End-cap;No;986;End-cap
208473;End-cap;Yes;1465;End-cap
208474;Aisle;Yes;1423;Aisle
208475;Front of Store;No;979;Front of Store
208476;Aisle;Yes;1677;Aisle
208477;Aisle;No;1104;Aisle
208478;Front of Store;No;894;Front of Store
208479;End-cap;No;886;End-cap
208480;End-cap;Yes;1253;End-cap
208481;Front of Store;No;889;Front of Store
208482;Aisle;No;879;Aisle
208483;Aisle;Yes;1328;Aisle
208484;End-cap;Yes;1383;End-cap
208485;End-cap;No;986;End-cap
208486;Front of Store;No;952;Front of Store
208487;Front of Store;Yes;1244;Front of Store
208488;Aisle;No;939;Aisle
208489;Front of Store;No;958;Front of Store
208490;End-cap;No;842;End-cap
208491;Front of Store;Yes;1209;Front of Store
208492;End-cap;Yes;1229;End-cap
208493;End-cap;No;859;End-cap
208494;Aisle;Yes;1348;Aisle
208495;End-cap;No;787;End-cap
208496;End-cap;No;823;End-cap
208497;Front of Store;Yes;1491;Front of Store
208498;Aisle;Yes;1226;Aisle
208499;Aisle;Yes;1144;Aisle
208500;Front of Store;No;735;Front of Store
208501;Aisle;Yes;1513;Aisle
208502;Front of Store;No;976;Front of Store
208503;Aisle;No;1105;Aisle
208504;Front of Store;No;993;Front of Store
208505;Aisle;No;820;Aisle
208506;Front of Store;Yes;1568;Front of Store
208507;End-cap;No;885;End-cap
208508;End-cap;No;811;End-cap
208509;End-cap;No;757;End-cap
208510;Aisle;Yes;1303;Aisle
208511;Front of Store;No;808;Front of Store
208512;End-cap;No;812;End-cap
208513;End-cap;No;748;End-cap
208514;Front of Store;Yes;1223;Front of Store
208515;Front of Store;No;1065;Front of Store
208516;Aisle;No;1048;Aisle
208517;Aisle;No;856;Aisle
208518;End-cap;Yes;1440;End-cap
208519;End-cap;Yes;1431;End-cap
208520;Aisle;No;1027;Aisle
208521;Aisle;No;1012;Aisle
208522;End-cap;No;841;End-cap
208523;Front of Store;No;943;Front of Store
208524;Aisle;No;905;Aisle
208525;End-cap;No;911;End-cap
208526;Front of Store;Yes;1356;Front of Store
208527;Aisle;No;910;Aisle
208528;Aisle;Yes;1155;Aisle
208529;End-cap;Yes;1619;End-cap
208530;End-cap;No;871;End-cap
208531;End-cap;No;907;End-cap
208532;End-cap;Yes;1362;End-cap
208533;End-cap;Yes;1321;End-cap
208534;End-cap;Yes;1591;End-cap
208535;End-cap;Yes;1267;End-cap
208536;Aisle;No;801;Aisle
208537;Aisle;No;798;Aisle
208538;End-cap;No;850;End-cap
208539;Front of Store;Yes;1614;Front of Store
208540;Front of Store;Yes;1474;Front of Store
208541;End-cap;Yes;1720;End-cap
208542;Aisle;Yes;1298;Aisle
208543;Aisle;No;780;Aisle
208544;Front of Store;Yes;1884;Front of Store
208545;Aisle;No;829;Aisle
208546;Aisle;Yes;1427;Aisle
208547;Front of Store;No;823;Front of Store
208548;End-cap;No;962;End-cap
208549;Aisle;Yes;1291;Aisle
208550;Aisle;No;887;Aisle
208551;Aisle;No;909;Aisle
208552;Front of Store;Yes;1210;Front of Store
208553;Front of Store;No;762;Front of Store
208554;End-cap;Yes;1241;End-cap
208555;Aisle;Yes;1301;Aisle
208556;End-cap;Yes;1428;End-cap
208557;Front of Store;No;720;Front of Store
208558;End-cap;Yes;1221;End-cap
208559;Front of Store;Yes;1570;Front of Store
208560;Aisle;Yes;1507;Aisle
208561;Aisle;No;861;Aisle
208562;Aisle;Yes;1036;Aisle
208563;Front of Store;Yes;1511;Front of Store
208564;End-cap;Yes;1515;End-cap
208565;End-cap;Yes;1637;End-cap
208566;Front of Store;Yes;1651;Front of Store
208567;Front of Store;Yes;1375;Front of Store
208568;Aisle;No;767;Aisle
208569;Front of Store;No;1092;Front of Store
208570;End-cap;No;770;End-cap
208571;Aisle;No;786;Aisle
208572;Front of Store;No;864;Front of Store
208573;End-cap;Yes;1573;End-cap
208574;Aisle;No;741;Aisle
208575;End-cap;Yes;1592;End-cap
208576;Front of Store;Yes;1438;Front of Store
208577;Front of Store;No;853;Front of Store
208578;Aisle;Yes;1410;Aisle
208579;Aisle;No;1043;Aisle
208580;End-cap;Yes;1415;End-cap
208581;Aisle;Yes;1343;Aisle
208582;End-cap;No;1120;End-cap
208583;Aisle;No;846;Aisle
208584;End-cap;No;829;End-cap
208585;Aisle;Yes;1227;Aisle
208586;End-cap;Yes;1693;End-cap
208587;Aisle;Yes;1260;Aisle
208588;End-cap;No;838;End-cap
208589;End-cap;Yes;1379;End-cap
208590;Front of Store;Yes;1372;Front of Store
208591;End-cap;No;935;End-cap
208592;Front of Store;No;932;Front of Store
208593;Aisle;Yes;1665;Aisle
208594;Aisle;No;869;Aisle
208595;End-cap;No;995;End-cap
208596;Aisle;Yes;1709;Aisle
208597;Aisle;No;863;Aisle
208598;Aisle;No;1077;Aisle
208599;End-cap;No;1092;End-cap
208600;Front of Store;Yes;1462;Front of Store
208601;Front of Store;Yes;1409;Front of Store
208602;Aisle;Yes;1705;Aisle
208603;Front of Store;No;882;Front of Store
208604;Front of Store;Yes;1102;Front of Store
208605;End-cap;No;964;End-cap
208606;Front of Store;Yes;1681;Front of Store
208607;Aisle;Yes;1446;Aisle
208608;Aisle;Yes;1517;Aisle
208609;End-cap;Yes;1435;End-cap
208610;Front of Store;Yes;1320;Front of Store
208611;Aisle;No;701;Aisle
208612;Aisle;No;903;Aisle
208613;End-cap;No;860;End-cap
208614;Aisle;No;1027;Aisle
208615;Front of Store;No;732;Front of Store
208616;End-cap;Yes;1495;End-cap
208617;End-cap;No;781;End-cap
208618;Front of Store;Yes;1426;Front of Store
208619;Aisle;No;966;Aisle
208620;Front of Store;Yes;1677;Front of Store
208621;End-cap;Yes;1469;End-cap
208622;End-cap;Yes;1482;End-cap
208623;Front of Store;Yes;1670;Front of Store
208624;Aisle;No;812;Aisle
208625;Front of Store;Yes;1839;Front of Store
208626;Front of Store;No;964;Front of Store
208627;End-cap;No;831;End-cap
208628;Front of Store;No;1003;Front of Store
208629;End-cap;No;952;End-cap
208630;Aisle;No;828;Aisle
208631;End-cap;Yes;1620;End-cap
208632;Aisle;No;918;Aisle
208633;Front of Store;Yes;1564;Front of Store
208634;Aisle;No;857;Aisle
208635;End-cap;Yes;1295;End-cap
208636;End-cap;Yes;1329;End-cap
208637;End-cap;No;696;End-cap
208638;End-cap;No;916;End-cap
208639;Aisle;Yes;1478;Aisle
208640;Aisle;No;955;Aisle
208641;Aisle;No;859;Aisle
208642;Aisle;No;893;Aisle
208643;End-cap;Yes;1346;End-cap
208644;Front of Store;Yes;1585;Front of Store
208645;End-cap;Yes;1295;End-cap
208646;Front of Store;No;879;Front of Store
208647;Front of Store;No;820;Front of Store
208648;Aisle;No;916;Aisle
208649;End-cap;No;652;End-cap
208650;Front of Store;No;883;Front of Store
208651;End-cap;No;801;End-cap
208652;Aisle;Yes;1415;Aisle
208653;Aisle;Yes;1617;Aisle
208654;End-cap;No;696;End-cap
208655;Aisle;No;913;Aisle
208656;Aisle;No;858;Aisle
208657;Aisle;No;798;Aisle
208658;Aisle;Yes;1346;Aisle
208659;Aisle;No;1180;Aisle
208660;Front of Store;No;799;Front of Store
208661;Aisle;Yes;1287;Aisle
208662;End-cap;No;797;End-cap
208663;Front of Store;No;875;Front of Store
208664;Aisle;No;802;Aisle
208665;End-cap;No;846;End-cap
208666;End-cap;No;883;End-cap
208667;End-cap;No;1065;End-cap
208668;Aisle;No;865;Aisle
208669;Aisle;Yes;1476;Aisle
208670;Aisle;Yes;1269;Aisle
208671;Aisle;No;903;Aisle
208672;Aisle;No;857;Aisle
208673;End-cap;No;697;End-cap
208674;Front of Store;No;892;Front of Store
208675;Front of Store;Yes;1368;Front of Store
208676;Front of Store;No;971;Front of Store
208677;End-cap;No;993;End-cap
208678;Aisle;Yes;1359;Aisle
208679;Front of Store;Yes;1590;Front of Store
208680;End-cap;Yes;1751;End-cap
208681;Front of Store;No;956;Front of Store
208682;Front of Store;No;899;Front of Store
208683;Aisle;No;799;Aisle
208684;Aisle;Yes;1650;Aisle
208685;End-cap;Yes;1216;End-cap
208686;Aisle;No;1019;Aisle
208687;End-cap;Yes;1886;End-cap
208688;Front of Store;No;914;Front of Store
208689;Front of Store;Yes;1615;Front of Store
208690;Aisle;Yes;1264;Aisle
208691;Front of Store;Yes;1242;Front of Store
208692;End-cap;No;1051;End-cap
208693;End-cap;No;867;End-cap
208694;Aisle;No;854;Aisle
208695;Aisle;Yes;1710;Aisle
208696;Aisle;Yes;1477;Aisle
208697;End-cap;Yes;1334;End-cap
208698;Front of Store;Yes;1187;Front of Store
208699;Aisle;Yes;1563;Aisle
208700;Front of Store;Yes;1096;Front of Store
208701;Aisle;Yes;1409;Aisle
208702;Aisle;No;1057;Aisle
208703;Front of Store;No;874;Front of Store
208704;End-cap;No;926;End-cap
208705;End-cap;No;836;End-cap
208706;End-cap;No;889;End-cap
208707;Front of Store;No;943;Front of Store
208708;End-cap;Yes;1502;End-cap
208709;Front of Store;Yes;1494;Front of Store
208710;Aisle;Yes;1361;Aisle
208711;Aisle;No;901;Aisle
208712;End-cap;Yes;1196;End-cap
208713;End-cap;Yes;1343;End-cap
208714;End-cap;No;874;End-cap
208715;End-cap;No;838;End-cap
208716;Front of Store;No;861;Front of Store
208717;Front of Store;No;1111;Front of Store
208718;Front of Store;No;1004;Front of Store
208719;End-cap;No;869;End-cap
208720;End-cap;Yes;1397;End-cap
208721;Aisle;Yes;1476;Aisle
208722;Front of Store;No;909;Front of Store
208723;End-cap;No;858;End-cap
208724;End-cap;No;964;End-cap
208725;Front of Store;Yes;1261;Front of Store
208726;End-cap;No;763;End-cap
208727;Aisle;Yes;1101;Aisle
208728;Aisle;Yes;1127;Aisle
208729;Aisle;No;828;Aisle
208730;End-cap;Yes;1442;End-cap
208731;Aisle;No;737;Aisle
208732;Aisle;Yes;1681;Aisle
208733;Front of Store;Yes;1277;Front of Store
208734;End-cap;No;1147;End-cap
208735;Front of Store;No;965;Front of Store
208736;Aisle;Yes;1309;Aisle
208737;End-cap;Yes;1705;End-cap
208738;Aisle;No;890;Aisle
208739;Aisle;No;874;Aisle
208740;End-cap;No;860;End-cap
208741;End-cap;No;934;End-cap
208742;End-cap;No;790;End-cap
208743;Aisle;Yes;1006;Aisle
208744;Front of Store;Yes;1530;Front of Store
208745;End-cap;Yes;1477;End-cap
208746;Aisle;No;793;Aisle
208747;Aisle;Yes;1453;Aisle
208748;Aisle;No;944;Aisle
208749;Front of Store;Yes;1456;Front of Store
208750;Aisle;No;812;Aisle
208751;Aisle;Yes;1641;Aisle
208752;Front of Store;No;939;Front of Store
208753;Aisle;No;957;Aisle
208754;Aisle;No;1064;Aisle
208755;End-cap;No;851;End-cap
208756;Front of Store;No;971;Front of Store
208757;Aisle;No;828;Aisle
208758;Aisle;Yes;1467;Aisle
208759;End-cap;No;990;End-cap
208760;Aisle;No;820;Aisle
208761;Front of Store;No;896;Front of Store
208762;End-cap;Yes;1588;End-cap
208763;Aisle;No;798;Aisle
208764;End-cap;Yes;1302;End-cap
208765;Aisle;No;760;Aisle
208766;End-cap;No;766;End-cap
208767;Aisle;Yes;1306;Aisle
208768;End-cap;No;773;End-cap
208769;Front of Store;Yes;1605;Front of Store
208770;Aisle;No;757;Aisle
208771;Aisle;Yes;1307;Aisle
208772;Aisle;No;764;Aisle
208773;Front of Store;Yes;1273;Front of Store
208774;Front of Store;No;819;Front of Store
208775;End-cap;Yes;1538;End-cap
208776;End-cap;No;764;End-cap
208777;Aisle;No;1013;Aisle
208778;Front of Store;No;1109;Front of Store
208779;Front of Store;No;833;Front of Store
208780;Front of Store;Yes;1265;Front of Store
208781;Front of Store;Yes;1617;Front of Store
208782;Aisle;Yes;1611;Aisle
208783;End-cap;Yes;1211;End-cap
208784;Aisle;No;844;Aisle
208785;End-cap;Yes;1571;End-cap
208786;Aisle;No;852;Aisle
208787;Front of Store;No;1077;Front of Store
208788;Aisle;Yes;1410;Aisle
208789;End-cap;No;1015;End-cap
208790;Aisle;Yes;1528;Aisle
208791;Front of Store;Yes;1399;Front of Store
208792;Front of Store;Yes;1247;Front of Store
208793;Front of Store;Yes;1197;Front of Store
208794;End-cap;No;786;End-cap
208795;Front of Store;No;885;Front of Store
208796;End-cap;No;873;End-cap
208797;End-cap;No;838;End-cap
208798;Aisle;No;897;Aisle
208799;Front of Store;No;756;Front of Store
208800;Front of Store;No;882;Front of Store
208801;End-cap;No;655;End-cap
208802;Aisle;No;990;Aisle
208803;Aisle;No;707;Aisle
208804;Front of Store;Yes;1299;Front of Store
208805;End-cap;No;919;End-cap
208806;Aisle;Yes;1475;Aisle
208807;Front of Store;No;942;Front of Store
208808;Front of Store;No;921;Front of Store
208809;Front of Store;Yes;1334;Front of Store
208810;Aisle;No;816;Aisle
208811;Aisle;Yes;1385;Aisle
208812;End-cap;Yes;1491;End-cap
208813;Front of Store;No;1106;Front of Store
208814;Front of Store;Yes;1503;Front of Store
208815;Aisle;Yes;1388;Aisle
208816;Aisle;Yes;1309;Aisle
208817;End-cap;Yes;1824;End-cap
208818;Aisle;No;798;Aisle
208819;Aisle;No;848;Aisle
208820;End-cap;No;825;End-cap
208821;End-cap;No;991;End-cap
208822;Aisle;No;787;Aisle
208823;Aisle;Yes;1459;Aisle
208824;Aisle;No;803;Aisle
208825;Aisle;Yes;1533;Aisle
208826;Aisle;No;885;Aisle
208827;End-cap;No;832;End-cap
208828;End-cap;Yes;1217;End-cap
208829;Front of Store;Yes;1497;Front of Store
208830;End-cap;No;900;End-cap
208831;Aisle;No;775;Aisle
208832;End-cap;Yes;1385;End-cap
208833;Front of Store;No;876;Front of Store
208834;End-cap;Yes;1537;End-cap
208835;Aisle;No;771;Aisle
208836;Front of Store;No;830;Front of Store
208837;End-cap;Yes;1415;End-cap
208838;End-cap;No;934;End-cap
208839;Front of Store;Yes;1403;Front of Store
208840;Aisle;Yes;1437;Aisle
208841;Aisle;No;720;Aisle
208842;End-cap;No;769;End-cap
208843;Front of Store;Yes;1655;Front of Store
208844;Front of Store;Yes;1414;Front of Store
208845;Aisle;No;856;Aisle
208846;Aisle;No;675;Aisle
208847;Front of Store;Yes;1540;Front of Store
208848;End-cap;No;846;End-cap
208849;Aisle;Yes;1222;Aisle
208850;Aisle;No;892;Aisle
208851;End-cap;No;818;End-cap
208852;Aisle;No;904;Aisle
208853;Aisle;No;953;Aisle
208854;Aisle;No;886;Aisle
208855;Front of Store;Yes;1428;Front of Store
208856;End-cap;No;1088;End-cap
208857;Front of Store;No;780;Front of Store
208858;Front of Store;Yes;1619;Front of Store
208859;Aisle;Yes;1223;Aisle
208860;End-cap;Yes;1736;End-cap
208861;Front of Store;No;947;Front of Store
208862;Aisle;No;799;Aisle
208863;Front of Store;Yes;1365;Front of Store
208864;End-cap;No;943;End-cap
208865;Front of Store;No;949;Front of Store
208866;Front of Store;No;752;Front of Store
208867;Aisle;No;764;Aisle
208868;End-cap;No;1025;End-cap
208869;Aisle;No;953;Aisle
208870;End-cap;No;847;End-cap
208871;End-cap;Yes;1296;End-cap
208872;Aisle;Yes;1291;Aisle
208873;End-cap;No;793;End-cap
208874;End-cap;No;881;End-cap
208875;Aisle;No;692;Aisle
208876;Aisle;Yes;1248;Aisle
208877;Aisle;Yes;1316;Aisle
208878;Aisle;No;974;Aisle
208879;Aisle;Yes;1506;Aisle
208880;Aisle;No;800;Aisle
208881;Front of Store;Yes;1112;Front of Store
208882;Aisle;Yes;1292;Aisle
208883;End-cap;No;1049;End-cap
208884;End-cap;No;783;End-cap
208885;Aisle;Yes;1086;Aisle
208886;End-cap;No;797;End-cap
208887;End-cap;Yes;1336;End-cap
208888;Aisle;No;937;Aisle
208889;Front of Store;Yes;1535;Front of Store
208890;Aisle;No;886;Aisle
208891;End-cap;No;895;End-cap
208892;End-cap;Yes;1428;End-cap
208893;Aisle;Yes;1600;Aisle
208894;End-cap;Yes;1190;End-cap
208895;Front of Store;No;848;Front of Store
208896;Aisle;No;773;Aisle
208897;Front of Store;No;1050;Front of Store
208898;End-cap;Yes;1506;End-cap
208899;Front of Store;Yes;1443;Front of Store
208900;Aisle;No;905;Aisle
208901;End-cap;No;1091;End-cap
208902;End-cap;No;936;End-cap
208903;End-cap;Yes;1301;End-cap
208904;Aisle;No;895;Aisle
208905;End-cap;Yes;1525;End-cap
208906;Aisle;No;883;Aisle
208907;End-cap;No;862;End-cap
208908;End-cap;Yes;1150;End-cap
208909;Aisle;No;851;Aisle
208910;End-cap;Yes;1215;End-cap
208911;Aisle;No;874;Aisle
208912;Aisle;No;1019;Aisle
208913;End-cap;Yes;1510;End-cap
208914;Aisle;Yes;1136;Aisle
208915;Front of Store;Yes;1496;Front of Store
208916;End-cap;No;1019;End-cap
208917;Aisle;No;982;Aisle
208918;Aisle;Yes;1559;Aisle
208919;End-cap;No;780;End-cap
208920;Aisle;No;873;Aisle
208921;Aisle;Yes;1721;Aisle
208922;Aisle;No;1050;Aisle
208923;Aisle;No;969;Aisle
208924;End-cap;Yes;1556;End-cap
208925;End-cap;No;742;End-cap
208926;Aisle;No;806;Aisle
208927;Aisle;No;904;Aisle
208928;End-cap;No;1164;End-cap
208929;Front of Store;No;948;Front of Store
208930;Front of Store;No;1008;Front of Store
208931;End-cap;No;795;End-cap
208932;Aisle;Yes;1398;Aisle
208933;Aisle;No;917;Aisle
208934;End-cap;No;663;End-cap
208935;End-cap;Yes;1433;End-cap
208936;Front of Store;Yes;1321;Front of Store
208937;Aisle;No;865;Aisle
208938;End-cap;No;904;End-cap
208939;Front of Store;No;878;Front of Store
208940;Aisle;No;876;Aisle
208941;End-cap;No;938;End-cap
208942;Aisle;Yes;1652;Aisle
208943;End-cap;No;862;End-cap
208944;End-cap;Yes;1175;End-cap
208945;Aisle;No;873;Aisle
208946;End-cap;No;778;End-cap
208947;End-cap;No;917;End-cap
208948;Front of Store;No;1013;Front of Store
208949;Aisle;Yes;1241;Aisle
208950;Front of Store;Yes;1246;Front of Store
208951;Front of Store;Yes;1378;Front of Store
208952;Front of Store;Yes;1286;Front of Store
208953;Aisle;No;793;Aisle
208954;Front of Store;No;820;Front of Store
208955;Aisle;No;902;Aisle
208956;End-cap;Yes;1474;End-cap
208957;Front of Store;No;932;Front of Store
208958;Front of Store;Yes;1313;Front of Store
208959;End-cap;Yes;1384;End-cap
208960;Aisle;Yes;1423;Aisle
208961;Aisle;No;755;Aisle
208962;End-cap;Yes;1762;End-cap
208963;Aisle;No;1053;Aisle
208964;Aisle;Yes;1354;Aisle
208965;Front of Store;No;694;Front of Store
208966;Aisle;No;908;Aisle
208967;Aisle;No;798;Aisle
208968;Aisle;No;937;Aisle
208969;Front of Store;Yes;1481;Front of Store
208970;Aisle;No;733;Aisle
208971;End-cap;Yes;1219;End-cap
208972;End-cap;No;901;End-cap
208973;Aisle;Yes;1459;Aisle
208974;Aisle;Yes;1488;Aisle
208975;Front of Store;Yes;1341;Front of Store
208976;Front of Store;No;812;Front of Store
208977;End-cap;No;927;End-cap
208978;Front of Store;No;778;Front of Store
208979;Front of Store;No;891;Front of Store
208980;End-cap;Yes;1100;End-cap
208981;Front of Store;No;750;Front of Store
208982;Aisle;No;1003;Aisle
208983;Front of Store;Yes;1674;Front of Store
208984;End-cap;No;816;End-cap
208985;End-cap;Yes;1200;End-cap
208986;Aisle;No;771;Aisle
208987;Front of Store;No;795;Front of Store
208988;Aisle;Yes;1275;Aisle
208989;Front of Store;No;793;Front of Store
208990;Aisle;Yes;1339;Aisle
208991;Front of Store;No;915;Front of Store
208992;Front of Store;No;855;Front of Store
208993;End-cap;No;970;End-cap
208994;Aisle;No;984;Aisle
208995;Aisle;No;753;Aisle
208996;End-cap;No;835;End-cap
208997;End-cap;No;883;End-cap
208998;Aisle;Yes;1609;Aisle
208999;End-cap;Yes;1278;End-cap
209000;Aisle;No;813;Aisle
209001;Front of Store;No;1093;Front of Store
209002;Aisle;No;954;Aisle
209003;Front of Store;No;968;Front of Store
209004;Front of Store;No;1075;Front of Store
209005;Front of Store;Yes;1363;Front of Store
209006;End-cap;No;995;End-cap
209007;Aisle;No;959;Aisle
209008;End-cap;Yes;1351;End-cap
209009;End-cap;No;873;End-cap
209010;End-cap;No;870;End-cap
209011;Aisle;No;878;Aisle
209012;End-cap;No;872;End-cap
209013;Aisle;No;756;Aisle
209014;End-cap;Yes;1204;End-cap
209015;Aisle;No;932;Aisle
209016;Aisle;No;883;Aisle
209017;Front of Store;No;902;Front of Store
209018;Front of Store;No;861;Front of Store
209019;Front of Store;No;972;Front of Store
209020;Aisle;Yes;1459;Aisle
209021;Front of Store;Yes;1217;Front of Store
209022;Aisle;Yes;1196;Aisle
209023;Aisle;Yes;1337;Aisle
209024;Aisle;No;967;Aisle
209025;End-cap;No;842;End-cap
209026;Aisle;No;874;Aisle
209027;Front of Store;Yes;1451;Front of Store
209028;End-cap;No;940;End-cap
209029;Aisle;No;960;Aisle
209030;Front of Store;Yes;1665;Front of Store
209031;Aisle;Yes;1352;Aisle
209032;End-cap;Yes;1401;End-cap
209033;Front of Store;Yes;1332;Front of Store
209034;End-cap;Yes;1587;End-cap
209035;End-cap;No;743;End-cap
209036;End-cap;No;890;End-cap
209037;End-cap;No;1103;End-cap
209038;Aisle;Yes;1704;Aisle
209039;Aisle;Yes;1327;Aisle
209040;Aisle;Yes;1142;Aisle
209041;End-cap;No;747;End-cap
209042;End-cap;No;912;End-cap
209043;Aisle;Yes;1906;Aisle
209044;Front of Store;No;760;Front of Store
209045;End-cap;No;1120;End-cap
209046;Front of Store;Yes;1438;Front of Store
209047;Aisle;No;861;Aisle
209048;Aisle;Yes;1602;Aisle
209049;End-cap;No;910;End-cap
209050;Aisle;No;852;Aisle
209051;End-cap;No;813;End-cap
209052;Front of Store;No;737;Front of Store
209053;Aisle;No;851;Aisle
209054;Front of Store;No;867;Front of Store
209055;End-cap;No;873;End-cap
209056;Aisle;Yes;1582;Aisle
209057;Aisle;Yes;1664;Aisle
209058;Front of Store;No;731;Front of Store
209059;Aisle;No;835;Aisle
209060;Aisle;Yes;1472;Aisle
209061;Aisle;Yes;1587;Aisle
209062;Aisle;No;1084;Aisle
209063;Front of Store;No;1099;Front of Store
209064;End-cap;Yes;1234;End-cap
209065;End-cap;Yes;1627;End-cap
209066;Front of Store;No;915;Front of Store
209067;Front of Store;No;733;Front of Store
209068;Front of Store;No;854;Front of Store
209069;End-cap;Yes;1572;End-cap
209070;Aisle;No;967;Aisle
209071;Aisle;Yes;1403;Aisle
209072;Front of Store;No;831;Front of Store
209073;End-cap;Yes;1413;End-cap
209074;End-cap;No;1033;End-cap
209075;End-cap;Yes;1287;End-cap
209076;End-cap;No;786;End-cap
209077;Aisle;No;806;Aisle
209078;End-cap;No;921;End-cap
209079;End-cap;No;1137;End-cap
209080;Aisle;No;915;Aisle
209081;End-cap;No;904;End-cap
209082;Front of Store;Yes;1304;Front of Store
209083;Front of Store;No;881;Front of Store
209084;End-cap;No;989;End-cap
209085;End-cap;No;835;End-cap
209086;Front of Store;Yes;1319;Front of Store
209087;End-cap;No;833;End-cap
209088;Aisle;Yes;1698;Aisle
209089;Front of Store;No;1009;Front of Store
209090;Front of Store;No;916;Front of Store
209091;End-cap;Yes;1693;End-cap
209092;Aisle;Yes;1753;Aisle
209093;End-cap;No;1020;End-cap
209094;End-cap;No;760;End-cap
209095;Front of Store;No;1029;Front of Store
209096;End-cap;Yes;1237;End-cap
209097;Aisle;No;873;Aisle
209098;End-cap;Yes;1550;End-cap
209099;Front of Store;No;872;Front of Store
209100;Front of Store;No;974;Front of Store
209101;End-cap;No;925;End-cap
209102;Front of Store;No;978;Front of Store
209103;Aisle;No;698;Aisle
209104;End-cap;Yes;1333;End-cap
209105;Aisle;Yes;1404;Aisle
209106;Front of Store;Yes;1007;Front of Store
209107;End-cap;Yes;1266;End-cap
209108;Aisle;Yes;1537;Aisle
209109;Aisle;Yes;1120;Aisle
209110;Aisle;Yes;1250;Aisle
209111;Aisle;No;1009;Aisle
209112;End-cap;Yes;1191;End-cap
209113;Aisle;No;775;Aisle
209114;Front of Store;No;1033;Front of Store
209115;Front of Store;No;918;Front of Store
209116;Front of Store;No;791;Front of Store
209117;Front of Store;Yes;1750;Front of Store
209118;Aisle;Yes;1523;Aisle
209119;Front of Store;No;1037;Front of Store
209120;Aisle;Yes;1560;Aisle
209121;Aisle;No;682;Aisle
209122;Front of Store;No;867;Front of Store
209123;End-cap;No;769;End-cap
209124;End-cap;No;922;End-cap
209125;Front of Store;Yes;1436;Front of Store
209126;End-cap;No;1032;End-cap
209127;Front of Store;No;744;Front of Store
209128;Aisle;No;793;Aisle
209129;Front of Store;No;871;Front of Store
209130;End-cap;No;659;End-cap
209131;Aisle;Yes;1532;Aisle
209132;End-cap;No;857;End-cap
209133;End-cap;No;783;End-cap
209134;Aisle;Yes;1594;Aisle
209135;Aisle;No;846;Aisle
209136;Aisle;Yes;1353;Aisle
209137;End-cap;No;869;End-cap
209138;End-cap;Yes;1514;End-cap
209139;End-cap;No;880;End-cap
209140;Front of Store;No;866;Front of Store
209141;Front of Store;No;890;Front of Store
209142;Aisle;Yes;1427;Aisle
209143;Aisle;Yes;1453;Aisle
209144;Aisle;Yes;1113;Aisle
209145;Front of Store;No;836;Front of Store
209146;Aisle;Yes;1505;Aisle
209147;End-cap;No;947;End-cap
209148;Front of Store;Yes;1189;Front of Store
209149;Aisle;Yes;1565;Aisle
209150;End-cap;No;868;End-cap
209151;Front of Store;Yes;1348;Front of Store
209152;End-cap;Yes;1415;End-cap
209153;End-cap;No;740;End-cap
209154;Aisle;No;812;Aisle
209155;Aisle;Yes;1432;Aisle
209156;Aisle;No;1020;Aisle
209157;End-cap;No;780;End-cap
209158;Aisle;Yes;1504;Aisle
209159;Aisle;Yes;1375;Aisle
209160;End-cap;Yes;1357;End-cap
209161;Aisle;Yes;1383;Aisle
209162;End-cap;Yes;1515;End-cap
209163;End-cap;Yes;1460;End-cap
209164;Aisle;No;1020;Aisle
209165;Aisle;Yes;1519;Aisle
209166;End-cap;Yes;1450;End-cap
209167;Front of Store;No;818;Front of Store
209168;Aisle;No;888;Aisle
209169;Aisle;Yes;1180;Aisle
209170;End-cap;No;928;End-cap
209171;Front of Store;Yes;1361;Front of Store
209172;End-cap;No;731;End-cap
209173;Aisle;No;1040;Aisle
209174;Aisle;No;788;Aisle
209175;Aisle;No;954;Aisle
209176;End-cap;Yes;1565;End-cap
209177;Front of Store;Yes;1124;Front of Store
209178;Aisle;No;777;Aisle
209179;End-cap;No;1132;End-cap
209180;Aisle;No;661;Aisle
209181;End-cap;Yes;1316;End-cap
209182;Aisle;Yes;1161;Aisle
209183;End-cap;No;748;End-cap
209184;End-cap;No;803;End-cap
209185;End-cap;Yes;1343;End-cap
209186;End-cap;No;804;End-cap
209187;Front of Store;Yes;1367;Front of Store
209188;End-cap;No;1006;End-cap
209189;Front of Store;No;848;Front of Store
209190;End-cap;Yes;1500;End-cap
209191;Aisle;No;953;Aisle
209192;Front of Store;No;970;Front of Store
209193;Front of Store;Yes;1192;Front of Store
209194;End-cap;No;857;End-cap
209195;Aisle;No;986;Aisle
209196;Aisle;No;814;Aisle
209197;Front of Store;No;928;Front of Store
209198;Front of Store;No;856;Front of Store
209199;Front of Store;Yes;1101;Front of Store
209200;End-cap;No;867;End-cap
209201;End-cap;Yes;1522;End-cap
209202;End-cap;Yes;1541;End-cap
209203;Front of Store;Yes;1391;Front of Store
209204;End-cap;Yes;1491;End-cap
209205;Aisle;Yes;1472;Aisle
209206;Front of Store;No;869;Front of Store
209207;Front of Store;Yes;1390;Front of Store
209208;Aisle;Yes;1226;Aisle
209209;Aisle;Yes;1189;Aisle
209210;End-cap;Yes;1487;End-cap
209211;Aisle;Yes;1432;Aisle
209212;Aisle;No;776;Aisle
209213;Aisle;Yes;1375;Aisle
209214;End-cap;Yes;1276;End-cap
209215;Aisle;Yes;1367;Aisle
209216;Front of Store;Yes;1219;Front of Store
209217;End-cap;Yes;1477;End-cap
209218;Aisle;Yes;1213;Aisle
209219;Aisle;Yes;1532;Aisle
209220;Front of Store;Yes;1679;Front of Store
209221;Aisle;Yes;1128;Aisle
209222;Front of Store;No;901;Front of Store
209223;End-cap;No;833;End-cap
209224;Aisle;No;941;Aisle
209225;Aisle;No;784;Aisle
209226;Front of Store;Yes;1271;Front of Store
209227;End-cap;No;848;End-cap
209228;Front of Store;No;932;Front of Store
209229;Aisle;No;1066;Aisle
209230;End-cap;No;839;End-cap
209231;Aisle;Yes;1642;Aisle
209232;End-cap;No;941;End-cap
209233;End-cap;No;924;End-cap
209234;Aisle;No;868;Aisle
209235;Front of Store;No;753;Front of Store
209236;Front of Store;No;1016;Front of Store
209237;Front of Store;Yes;1425;Front of Store
209238;Aisle;No;941;Aisle
209239;End-cap;Yes;1176;End-cap
209240;End-cap;Yes;1474;End-cap
209241;Front of Store;Yes;1436;Front of Store
209242;Aisle;No;835;Aisle
209243;Aisle;Yes;1309;Aisle
209244;Front of Store;No;944;Front of Store
209245;Aisle;Yes;1195;Aisle
209246;Aisle;No;848;Aisle
209247;Front of Store;No;816;Front of Store
209248;Aisle;No;921;Aisle
209249;Front of Store;No;803;Front of Store
209250;Front of Store;No;738;Front of Store
209251;Front of Store;No;866;Front of Store
209252;Front of Store;No;918;Front of Store
209253;End-cap;Yes;1182;End-cap
209254;End-cap;No;885;End-cap
209255;End-cap;Yes;1394;End-cap
209256;Aisle;No;898;Aisle
209257;Aisle;No;911;Aisle
209258;End-cap;Yes;1288;End-cap
209259;Aisle;No;799;Aisle
209260;End-cap;No;813;End-cap
209261;End-cap;Yes;1434;End-cap
209262;Front of Store;No;902;Front of Store
209263;Front of Store;No;810;Front of Store
209264;Aisle;No;1053;Aisle
209265;End-cap;No;777;End-cap
209266;Aisle;No;775;Aisle
209267;End-cap;No;1010;End-cap
209268;End-cap;No;744;End-cap
209269;Front of Store;Yes;1437;Front of Store
209270;Front of Store;Yes;1402;Front of Store
209271;Front of Store;Yes;1289;Front of Store
209272;End-cap;Yes;1628;End-cap
209273;Aisle;No;953;Aisle
209274;Front of Store;No;979;Front of Store
209275;Aisle;Yes;1512;Aisle
209276;Front of Store;Yes;1456;Front of Store
209277;Aisle;No;1064;Aisle
209278;End-cap;No;835;End-cap
209279;End-cap;No;801;End-cap
209280;End-cap;No;922;End-cap
209281;Front of Store;Yes;1469;Front of Store
209282;Front of Store;Yes;1653;Front of Store
209283;Front of Store;No;790;Front of Store
209284;End-cap;Yes;1320;End-cap
209285;Front of Store;Yes;1234;Front of Store
209286;End-cap;No;1011;End-cap
209287;End-cap;Yes;1295;End-cap
209288;Aisle;No;624;Aisle
209289;Aisle;No;831;Aisle
209290;End-cap;Yes;1533;End-cap
209291;Aisle;No;924;Aisle
209292;End-cap;No;746;End-cap
209293;Front of Store;No;858;Front of Store
209294;Aisle;No;976;Aisle
209295;Front of Store;No;896;Front of Store
209296;Front of Store;No;809;Front of Store
209297;End-cap;No;1009;End-cap
209298;Aisle;No;889;Aisle
209299;Aisle;No;754;Aisle
209300;End-cap;No;874;End-cap
209301;End-cap;Yes;1346;End-cap
209302;Front of Store;Yes;1268;Front of Store
209303;End-cap;Yes;1406;End-cap
209304;End-cap;No;831;End-cap
209305;End-cap;Yes;1440;End-cap
209306;Aisle;Yes;1235;Aisle
209307;End-cap;No;698;End-cap
209308;Front of Store;No;909;Front of Store
209309;Aisle;No;908;Aisle
209310;End-cap;Yes;1380;End-cap
209311;Aisle;No;818;Aisle
209312;End-cap;Yes;1289;End-cap
209313;End-cap;Yes;1362;End-cap
209314;Aisle;Yes;1387;Aisle
209315;Aisle;Yes;1428;Aisle
209316;Aisle;No;776;Aisle
209317;End-cap;No;894;End-cap
209318;Aisle;Yes;1420;Aisle
209319;Front of Store;Yes;1420;Front of Store
209320;Front of Store;Yes;1712;Front of Store
209321;End-cap;Yes;1297;End-cap
209322;End-cap;No;894;End-cap
209323;Front of Store;Yes;1291;Front of Store
209324;Front of Store;No;894;Front of Store
209325;Aisle;Yes;1580;Aisle
209326;Aisle;No;881;Aisle
209327;Aisle;Yes;1513;Aisle
209328;Front of Store;Yes;1286;Front of Store
209329;Aisle;No;961;Aisle
209330;Front of Store;Yes;1375;Front of Store
209331;End-cap;Yes;1162;End-cap
209332;End-cap;No;859;End-cap
209333;Aisle;Yes;1253;Aisle
209334;Front of Store;No;776;Front of Store
209335;End-cap;Yes;1275;End-cap
209336;End-cap;No;739;End-cap
209337;Aisle;Yes;1527;Aisle
209338;End-cap;No;947;End-cap
209339;Aisle;No;942;Aisle
209340;Aisle;Yes;1284;Aisle
209341;End-cap;Yes;1578;End-cap
209342;Front of Store;Yes;1690;Front of Store
209343;End-cap;Yes;1686;End-cap
209344;End-cap;No;826;End-cap
209345;Aisle;Yes;1284;Aisle
209346;Front of Store;No;939;Front of Store
209347;Aisle;Yes;1484;Aisle
209348;End-cap;No;738;End-cap
209349;Front of Store;Yes;1175;Front of Store
209350;End-cap;Yes;1255;End-cap
209351;Front of Store;Yes;1324;Front of Store
209352;End-cap;Yes;1455;End-cap
209353;Aisle;Yes;1188;Aisle
209354;Aisle;Yes;1501;Aisle
209355;Aisle;No;944;Aisle
209356;Aisle;No;936;Aisle
209357;Aisle;No;1008;Aisle
209358;End-cap;Yes;1012;End-cap
209359;Aisle;Yes;1534;Aisle
209360;Front of Store;Yes;1485;Front of Store
209361;End-cap;Yes;1656;End-cap
209362;Front of Store;Yes;1917;Front of Store
209363;Front of Store;No;1067;Front of Store
209364;Front of Store;No;965;Front of Store
209365;End-cap;No;793;End-cap
209366;End-cap;No;1101;End-cap
209367;End-cap;Yes;1288;End-cap
209368;Aisle;No;744;Aisle
209369;Front of Store;No;881;Front of Store
209370;Front of Store;Yes;1394;Front of Store
209371;Front of Store;Yes;1618;Front of Store
209372;Aisle;No;853;Aisle
209373;Front of Store;Yes;1268;Front of Store
209374;Front of Store;No;841;Front of Store
209375;End-cap;No;851;End-cap
209376;Front of Store;No;898;Front of Store
209377;End-cap;Yes;1524;End-cap
209378;End-cap;No;997;End-cap
209379;Aisle;No;746;Aisle
209380;Front of Store;No;704;Front of Store
209381;Aisle;No;844;Aisle
209382;Front of Store;Yes;1420;Front of Store
209383;Aisle;Yes;1173;Aisle
209384;End-cap;No;781;End-cap
209385;Front of Store;No;773;Front of Store
209386;End-cap;No;864;End-cap
209387;Front of Store;Yes;1121;Front of Store
209388;End-cap;Yes;1706;End-cap
209389;Front of Store;Yes;1457;Front of Store
209390;Front of Store;Yes;1153;Front of Store
209391;Aisle;No;785;Aisle
209392;Aisle;Yes;1336;Aisle
209393;Aisle;No;816;Aisle
209394;End-cap;Yes;1404;End-cap
209395;End-cap;Yes;1289;End-cap
209396;End-cap;No;729;End-cap
209397;End-cap;No;752;End-cap
209398;End-cap;No;763;End-cap
209399;End-cap;No;892;End-cap
209400;End-cap;Yes;1409;End-cap
209401;Aisle;No;942;Aisle
209402;Front of Store;No;815;Front of Store
209403;Aisle;No;892;Aisle
209404;End-cap;No;779;End-cap
209405;Front of Store;No;962;Front of Store
209406;End-cap;Yes;1377;End-cap
209407;Aisle;Yes;1442;Aisle
209408;End-cap;No;671;End-cap
209409;End-cap;Yes;1717;End-cap
209410;Aisle;No;984;Aisle
209411;Front of Store;No;947;Front of Store
209412;Aisle;Yes;1668;Aisle
209413;Aisle;No;1086;Aisle
209414;End-cap;No;1016;End-cap
209415;Front of Store;Yes;1832;Front of Store
209416;Aisle;No;1100;Aisle
209417;Aisle;No;779;Aisle
209418;End-cap;No;886;End-cap
209419;Front of Store;No;869;Front of Store
209420;End-cap;No;762;End-cap
209421;End-cap;No;884;End-cap
209422;Front of Store;No;854;Front of Store
209423;Aisle;No;952;Aisle
209424;End-cap;Yes;1622;End-cap
209425;Front of Store;No;901;Front of Store
209426;Front of Store;No;1115;Front of Store
209427;Front of Store;No;992;Front of Store
209428;End-cap;Yes;1430;End-cap
209429;Front of Store;Yes;1382;Front of Store
209430;End-cap;No;936;End-cap
209431;Aisle;No;895;Aisle
209432;Aisle;No;943;Aisle
209433;End-cap;No;783;End-cap
209434;Front of Store;Yes;1234;Front of Store
209435;Aisle;No;915;Aisle
209436;Front of Store;No;1013;Front of Store
209437;End-cap;No;732;End-cap
209438;End-cap;No;894;End-cap
209439;Aisle;Yes;1227;Aisle
209440;Front of Store;No;1054;Front of Store
209441;End-cap;No;978;End-cap
209442;Front of Store;No;928;Front of Store
209443;Front of Store;No;794;Front of Store
209444;Front of Store;No;768;Front of Store
209445;End-cap;No;904;End-cap
209446;Aisle;No;833;Aisle
209447;Aisle;No;862;Aisle
209448;End-cap;Yes;1498;End-cap
209449;End-cap;No;798;End-cap
209450;End-cap;No;949;End-cap
209451;Front of Store;No;919;Front of Store
209452;Front of Store;No;847;Front of Store
209453;Front of Store;Yes;1242;Front of Store
209454;Aisle;Yes;1459;Aisle
209455;Front of Store;Yes;1400;Front of Store
209456;Front of Store;No;954;Front of Store
209457;Aisle;Yes;1375;Aisle
209458;Aisle;No;901;Aisle
209459;End-cap;Yes;1497;End-cap
209460;End-cap;No;1097;End-cap
209461;Aisle;Yes;1182;Aisle
209462;Front of Store;No;894;Front of Store
209463;End-cap;Yes;1136;End-cap
209464;Aisle;No;843;Aisle
209465;Aisle;No;1011;Aisle
209466;Aisle;No;907;Aisle
209467;End-cap;No;855;End-cap
209468;End-cap;Yes;1290;End-cap
209469;Front of Store;No;731;Front of Store
209470;Aisle;Yes;1281;Aisle
209471;Front of Store;No;1018;Front of Store
209472;End-cap;No;965;End-cap
209473;End-cap;Yes;1364;End-cap
209474;Front of Store;No;736;Front of Store
209475;End-cap;Yes;1203;End-cap
209476;Front of Store;No;868;Front of Store
209477;Aisle;No;964;Aisle
209478;Aisle;Yes;1391;Aisle
209479;Front of Store;Yes;1400;Front of Store
209480;Aisle;No;849;Aisle
209481;Aisle;No;818;Aisle
209482;Front of Store;No;962;Front of Store
209483;Aisle;No;760;Aisle
209484;End-cap;No;866;End-cap
209485;Front of Store;No;797;Front of Store
209486;Front of Store;Yes;1499;Front of Store
209487;Aisle;Yes;1699;Aisle
209488;Front of Store;No;915;Front of Store
209489;End-cap;No;893;End-cap
209490;End-cap;Yes;1532;End-cap
209491;End-cap;No;800;End-cap
209492;Front of Store;No;818;Front of Store
209493;Aisle;Yes;1337;Aisle
209494;Aisle;No;847;Aisle
209495;Aisle;No;830;Aisle
209496;Aisle;No;845;Aisle
209497;Aisle;Yes;1315;Aisle
209498;Aisle;No;902;Aisle
209499;Front of Store;No;906;Front of Store
209500;End-cap;Yes;1384;End-cap
209501;Aisle;No;851;Aisle
209502;Aisle;No;882;Aisle
209503;Aisle;Yes;1409;Aisle
209504;Front of Store;No;977;Front of Store
209505;Front of Store;No;1021;Front of Store
209506;Aisle;No;1101;Aisle
209507;End-cap;Yes;1311;End-cap
209508;End-cap;Yes;1546;End-cap
209509;Front of Store;No;846;Front of Store
209510;Front of Store;No;849;Front of Store
209511;Aisle;Yes;1387;Aisle
209512;End-cap;No;677;End-cap
209513;Front of Store;No;1059;Front of Store
209514;End-cap;Yes;1290;End-cap
209515;Front of Store;Yes;1124;Front of Store
209516;End-cap;Yes;1572;End-cap
209517;End-cap;Yes;1575;End-cap
209518;Front of Store;No;863;Front of Store
209519;End-cap;Yes;1375;End-cap
209520;Front of Store;Yes;1391;Front of Store
209521;Front of Store;No;603;Front of Store
209522;Front of Store;No;968;Front of Store
209523;Aisle;Yes;1586;Aisle
209524;End-cap;Yes;1271;End-cap
209525;Front of Store;Yes;1146;Front of Store
209526;Aisle;Yes;1429;Aisle
209527;Aisle;Yes;1649;Aisle
209528;End-cap;No;817;End-cap
209529;End-cap;No;1082;End-cap
209530;Aisle;Yes;1399;Aisle
209531;End-cap;Yes;1185;End-cap
209532;Aisle;Yes;1581;Aisle
209533;Front of Store;Yes;1294;Front of Store
209534;Front of Store;No;799;Front of Store
209535;Aisle;No;878;Aisle
209536;End-cap;No;902;End-cap
209537;End-cap;No;860;End-cap
209538;Aisle;Yes;1139;Aisle
209539;Front of Store;Yes;1633;Front of Store
209540;End-cap;Yes;1268;End-cap
209541;End-cap;No;819;End-cap
209542;Aisle;No;788;Aisle
209543;Aisle;No;892;Aisle
209544;Aisle;Yes;1452;Aisle
209545;End-cap;No;1008;End-cap
209546;Aisle;No;808;Aisle
209547;Aisle;Yes;1459;Aisle
209548;End-cap;No;911;End-cap
209549;Front of Store;No;876;Front of Store
209550;End-cap;No;868;End-cap
209551;Aisle;No;908;Aisle
209552;Front of Store;No;839;Front of Store
209553;Front of Store;Yes;1578;Front of Store
209554;End-cap;Yes;1391;End-cap
209555;Front of Store;No;1053;Front of Store
209556;Front of Store;No;731;Front of Store
209557;Aisle;No;823;Aisle
209558;Aisle;No;826;Aisle
209559;Aisle;No;738;Aisle
209560;End-cap;No;747;End-cap
209561;Aisle;No;972;Aisle
209562;Front of Store;No;784;Front of Store
209563;Front of Store;Yes;1346;Front of Store
209564;Front of Store;No;878;Front of Store
209565;End-cap;No;756;End-cap
209566;End-cap;No;891;End-cap
209567;Aisle;Yes;1319;Aisle
209568;Aisle;No;867;Aisle
209569;Front of Store;No;1101;Front of Store
209570;Front of Store;Yes;1117;Front of Store
209571;Front of Store;No;971;Front of Store
209572;End-cap;Yes;1373;End-cap
209573;Aisle;Yes;1471;Aisle
209574;Aisle;No;896;Aisle
209575;End-cap;No;980;End-cap
209576;End-cap;Yes;1547;End-cap
209577;Aisle;Yes;1627;Aisle
209578;Aisle;No;789;Aisle
209579;Front of Store;Yes;1228;Front of Store
209580;Aisle;Yes;1197;Aisle
209581;End-cap;Yes;1428;End-cap
209582;Front of Store;No;716;Front of Store
209583;End-cap;Yes;1366;End-cap
209584;End-cap;No;745;End-cap
209585;Front of Store;No;733;Front of Store
209586;End-cap;No;778;End-cap
209587;Front of Store;No;886;Front of Store
209588;Front of Store;No;788;Front of Store
209589;Front of Store;No;861;Front of Store
209590;End-cap;No;920;End-cap
209591;End-cap;Yes;1385;End-cap
209592;Front of Store;No;887;Front of Store
209593;Front of Store;No;1059;Front of Store
209594;Aisle;Yes;1425;Aisle
209595;End-cap;Yes;1450;End-cap
209596;Aisle;No;763;Aisle
209597;End-cap;Yes;1150;End-cap
209598;Aisle;No;811;Aisle
209599;Aisle;No;881;Aisle
209600;End-cap;No;1146;End-cap
209601;Aisle;Yes;1490;Aisle
209602;End-cap;No;678;End-cap
209603;End-cap;Yes;1454;End-cap
209604;Front of Store;Yes;1718;Front of Store
209605;Front of Store;No;913;Front of Store
209606;End-cap;No;825;End-cap
209607;End-cap;No;830;End-cap
209608;End-cap;Yes;1191;End-cap
209609;Aisle;No;822;Aisle
209610;Aisle;Yes;1580;Aisle
209611;End-cap;No;1045;End-cap
209612;Aisle;No;790;Aisle
209613;Front of Store;No;921;Front of Store
209614;Aisle;Yes;1474;Aisle
209615;Front of Store;Yes;1612;Front of Store
209616;Aisle;No;1057;Aisle
209617;End-cap;No;916;End-cap
209618;End-cap;No;775;End-cap
209619;Aisle;No;950;Aisle
209620;Aisle;No;694;Aisle
209621;End-cap;No;869;End-cap
209622;End-cap;No;1015;End-cap
209623;Aisle;No;829;Aisle
209624;Aisle;Yes;1253;Aisle
209625;Front of Store;No;1056;Front of Store
209626;End-cap;No;835;End-cap
209627;Aisle;Yes;1409;Aisle
209628;Aisle;No;1013;Aisle
209629;Aisle;No;920;Aisle
209630;Aisle;Yes;1433;Aisle
209631;Front of Store;Yes;1581;Front of Store
209632;End-cap;Yes;1334;End-cap
209633;End-cap;No;931;End-cap
209634;Aisle;No;786;Aisle
209635;Aisle;Yes;1744;Aisle
209636;End-cap;Yes;1506;End-cap
209637;End-cap;Yes;1653;End-cap
209638;Aisle;Yes;1191;Aisle
209639;Aisle;Yes;1368;Aisle
209640;Aisle;Yes;1310;Aisle
209641;End-cap;No;1019;End-cap
209642;Front of Store;No;870;Front of Store
209643;Aisle;No;716;Aisle
209644;End-cap;No;908;End-cap
209645;End-cap;Yes;1387;End-cap
209646;Aisle;No;739;Aisle
209647;Aisle;No;795;Aisle
209648;Aisle;Yes;1390;Aisle
209649;Aisle;No;779;Aisle
209650;Aisle;No;900;Aisle
209651;End-cap;No;910;End-cap
209652;End-cap;No;976;End-cap
209653;Aisle;Yes;1133;Aisle
209654;Front of Store;Yes;1413;Front of Store
209655;Aisle;No;875;Aisle
209656;Aisle;No;842;Aisle
209657;Aisle;No;747;Aisle
209658;End-cap;No;840;End-cap
209659;Aisle;Yes;1327;Aisle
209660;Aisle;No;1120;Aisle
209661;Front of Store;No;654;Front of Store
209662;Front of Store;No;832;Front of Store
209663;Aisle;Yes;1500;Aisle
209664;Front of Store;Yes;1738;Front of Store
209665;End-cap;Yes;1433;End-cap
209666;Aisle;No;1015;Aisle
209667;End-cap;No;1151;End-cap
209668;Aisle;Yes;1368;Aisle
209669;End-cap;No;759;End-cap
209670;End-cap;Yes;1263;End-cap
209671;Aisle;No;833;Aisle
209672;Aisle;Yes;1223;Aisle
209673;Aisle;Yes;1331;Aisle
209674;End-cap;No;829;End-cap
209675;Front of Store;Yes;1216;Front of Store
209676;End-cap;No;988;End-cap
209677;End-cap;No;946;End-cap
209678;End-cap;No;853;End-cap
209679;Front of Store;Yes;1250;Front of Store
209680;Front of Store;No;1017;Front of Store
209681;Aisle;Yes;1219;Aisle
209682;Front of Store;Yes;1301;Front of Store
209683;Aisle;No;794;Aisle
209684;Front of Store;Yes;1378;Front of Store
209685;Aisle;Yes;1396;Aisle
209686;End-cap;No;1047;End-cap
209687;Aisle;No;831;Aisle
209688;End-cap;No;764;End-cap
209689;Aisle;No;897;Aisle
209690;Aisle;No;1031;Aisle
209691;Front of Store;No;975;Front of Store
209692;Aisle;No;779;Aisle
209693;End-cap;No;740;End-cap
209694;Front of Store;No;1016;Front of Store
209695;Front of Store;No;775;Front of Store
209696;Aisle;Yes;1558;Aisle
209697;Aisle;No;812;Aisle
209698;Aisle;Yes;1232;Aisle
209699;End-cap;No;955;End-cap
209700;Front of Store;No;1032;Front of Store
209701;Front of Store;No;808;Front of Store
209702;Front of Store;No;941;Front of Store
209703;Aisle;Yes;1423;Aisle
209704;Front of Store;No;903;Front of Store
209705;End-cap;Yes;1594;End-cap
209706;Aisle;No;870;Aisle
209707;End-cap;No;833;End-cap
209708;End-cap;No;766;End-cap
209709;End-cap;No;860;End-cap
209710;Front of Store;No;614;Front of Store
209711;Front of Store;Yes;1082;Front of Store
209712;End-cap;No;988;End-cap
209713;Aisle;Yes;1506;Aisle
209714;Aisle;Yes;1527;Aisle
209715;Aisle;Yes;1341;Aisle
209716;Front of Store;No;800;Front of Store
209717;End-cap;Yes;1235;End-cap
209718;Aisle;Yes;1342;Aisle
209719;Aisle;No;885;Aisle
209720;End-cap;No;877;End-cap
209721;End-cap;No;603;End-cap
209722;End-cap;Yes;1584;End-cap
209723;End-cap;No;852;End-cap
209724;Front of Store;Yes;1603;Front of Store
209725;Aisle;No;986;Aisle
209726;End-cap;Yes;1536;End-cap
209727;End-cap;No;922;End-cap
209728;Front of Store;No;838;Front of Store
209729;End-cap;No;892;End-cap
209730;Front of Store;Yes;1291;Front of Store
209731;Aisle;No;1058;Aisle
209732;Aisle;Yes;1307;Aisle
209733;Aisle;Yes;1401;Aisle
209734;Aisle;No;768;Aisle
209735;Aisle;No;834;Aisle
209736;Aisle;No;1045;Aisle
209737;Aisle;Yes;1351;Aisle
209738;Aisle;No;795;Aisle
209739;End-cap;No;854;End-cap
209740;Front of Store;No;869;Front of Store
209741;End-cap;No;767;End-cap
209742;Aisle;Yes;1711;Aisle
209743;End-cap;No;824;End-cap
209744;End-cap;Yes;1428;End-cap
209745;Aisle;Yes;1763;Aisle
209746;Aisle;No;897;Aisle
209747;Aisle;No;865;Aisle
209748;End-cap;No;959;End-cap
209749;End-cap;Yes;1279;End-cap
209750;Aisle;No;763;Aisle
209751;Front of Store;Yes;1090;Front of Store
209752;Aisle;Yes;1327;Aisle
209753;Front of Store;Yes;1128;Front of Store
209754;End-cap;No;821;End-cap
209755;Front of Store;Yes;1463;Front of Store
209756;End-cap;No;1012;End-cap
209757;Aisle;Yes;1509;Aisle
209758;Aisle;No;775;Aisle
209759;Aisle;Yes;1432;Aisle
209760;End-cap;Yes;1301;End-cap
209761;Aisle;No;1058;Aisle
209762;Front of Store;No;927;Front of Store
209763;Aisle;Yes;1406;Aisle
209764;End-cap;No;1079;End-cap
209765;Aisle;No;874;Aisle
209766;End-cap;No;924;End-cap
209767;Aisle;No;771;Aisle
209768;Aisle;No;813;Aisle
209769;Aisle;No;867;Aisle
209770;Aisle;No;724;Aisle
209771;End-cap;No;811;End-cap
209772;Aisle;No;877;Aisle
209773;End-cap;Yes;1141;End-cap
209774;Aisle;Yes;1457;Aisle
209775;Aisle;Yes;1232;Aisle
209776;End-cap;Yes;1218;End-cap
209777;Aisle;Yes;1324;Aisle
209778;Aisle;No;893;Aisle
209779;End-cap;No;1050;End-cap
209780;End-cap;Yes;1534;End-cap
209781;End-cap;No;769;End-cap
209782;Aisle;Yes;1463;Aisle
209783;Front of Store;No;864;Front of Store
209784;End-cap;Yes;1469;End-cap
209785;Aisle;Yes;1270;Aisle
209786;Aisle;Yes;1361;Aisle
209787;Aisle;Yes;1786;Aisle
209788;End-cap;No;769;End-cap
209789;End-cap;No;969;End-cap
209790;Aisle;Yes;1460;Aisle
209791;End-cap;No;802;End-cap
209792;End-cap;No;861;End-cap
209793;Front of Store;Yes;1423;Front of Store
209794;Front of Store;No;941;Front of Store
209795;End-cap;No;727;End-cap
209796;Aisle;No;743;Aisle
209797;Front of Store;No;1046;Front of Store
209798;Front of Store;No;730;Front of Store
209799;Front of Store;No;947;Front of Store
209800;Aisle;Yes;1580;Aisle
209801;Aisle;Yes;1363;Aisle
209802;Aisle;No;764;Aisle
209803;Front of Store;Yes;1627;Front of Store
209804;End-cap;No;919;End-cap
209805;Aisle;No;802;Aisle
209806;End-cap;No;753;End-cap
209807;End-cap;No;1001;End-cap
209808;End-cap;No;882;End-cap
209809;Front of Store;Yes;1154;Front of Store
209810;End-cap;Yes;1560;End-cap
209811;End-cap;Yes;1233;End-cap
209812;Aisle;Yes;1556;Aisle
209813;Aisle;No;758;Aisle
209814;End-cap;No;896;End-cap
209815;End-cap;Yes;1482;End-cap
209816;Front of Store;Yes;1664;Front of Store
209817;Aisle;No;718;Aisle
209818;Front of Store;No;770;Front of Store
209819;End-cap;No;719;End-cap
209820;End-cap;No;848;End-cap
209821;Aisle;No;752;Aisle
209822;Aisle;No;949;Aisle
209823;Front of Store;Yes;1272;Front of Store
209824;Aisle;No;738;Aisle
209825;Front of Store;Yes;1362;Front of Store
209826;End-cap;No;800;End-cap
209827;Aisle;No;952;Aisle
209828;Aisle;No;882;Aisle
209829;End-cap;Yes;1387;End-cap
209830;Front of Store;Yes;1470;Front of Store
209831;End-cap;Yes;1725;End-cap
209832;Aisle;Yes;1556;Aisle
209833;End-cap;Yes;1395;End-cap
209834;Aisle;Yes;1343;Aisle
209835;Aisle;Yes;1526;Aisle
209836;Front of Store;No;732;Front of Store
209837;Front of Store;Yes;1381;Front of Store
209838;End-cap;No;886;End-cap
209839;Aisle;Yes;1453;Aisle
209840;Aisle;Yes;1737;Aisle
209841;Aisle;Yes;1537;Aisle
209842;Aisle;No;907;Aisle
209843;Aisle;No;700;Aisle
209844;Aisle;Yes;1345;Aisle
209845;Front of Store;Yes;1223;Front of Store
209846;End-cap;Yes;1098;End-cap
209847;Aisle;Yes;1091;Aisle
209848;End-cap;No;863;End-cap
209849;Front of Store;No;773;Front of Store
209850;Front of Store;Yes;1174;Front of Store
209851;End-cap;No;751;End-cap
209852;End-cap;Yes;1580;End-cap
209853;Aisle;Yes;1395;Aisle
209854;Aisle;No;937;Aisle
209855;End-cap;No;930;End-cap
209856;End-cap;No;934;End-cap
209857;End-cap;Yes;1424;End-cap
209858;Aisle;No;738;Aisle
209859;Aisle;Yes;1311;Aisle
209860;End-cap;No;844;End-cap
209861;Front of Store;No;669;Front of Store
209862;Aisle;Yes;1365;Aisle
209863;Aisle;Yes;1530;Aisle
209864;Aisle;No;754;Aisle
209865;End-cap;Yes;1574;End-cap
209866;Aisle;No;971;Aisle
209867;Front of Store;No;873;Front of Store
209868;Aisle;No;1055;Aisle
209869;Front of Store;No;830;Front of Store
209870;Aisle;Yes;1465;Aisle
209871;End-cap;No;994;End-cap
209872;Aisle;No;792;Aisle
209873;Aisle;Yes;1304;Aisle
209874;Aisle;No;909;Aisle
209875;Aisle;No;782;Aisle
209876;Aisle;Yes;1257;Aisle
209877;End-cap;No;718;End-cap
209878;End-cap;Yes;1362;End-cap
209879;End-cap;No;792;End-cap
209880;Front of Store;Yes;1330;Front of Store
209881;End-cap;No;930;End-cap
209882;Aisle;Yes;1650;Aisle
209883;Front of Store;No;774;Front of Store
209884;End-cap;No;969;End-cap
209885;End-cap;Yes;1514;End-cap
209886;Front of Store;Yes;1308;Front of Store
209887;End-cap;No;973;End-cap
209888;Aisle;Yes;1337;Aisle
209889;Aisle;No;839;Aisle
209890;Aisle;No;804;Aisle
209891;Front of Store;No;976;Front of Store
209892;End-cap;Yes;1324;End-cap
209893;Front of Store;No;951;Front of Store
209894;Aisle;No;947;Aisle
209895;Aisle;Yes;1276;Aisle
209896;Aisle;No;941;Aisle
209897;Aisle;Yes;1360;Aisle
209898;Front of Store;Yes;1536;Front of Store
209899;End-cap;Yes;1401;End-cap
209900;Aisle;No;783;Aisle
209901;Aisle;No;744;Aisle
209902;End-cap;Yes;1248;End-cap
209903;Aisle;Yes;1563;Aisle
209904;Aisle;No;891;Aisle
209905;Front of Store;Yes;1182;Front of Store
209906;Front of Store;Yes;1173;Front of Store
209907;Front of Store;No;1117;Front of Store
209908;Front of Store;No;1043;Front of Store
209909;Front of Store;No;750;Front of Store
209910;Aisle;Yes;1558;Aisle
209911;Front of Store;No;826;Front of Store
209912;Front of Store;No;1057;Front of Store
209913;Front of Store;No;952;Front of Store
209914;Aisle;No;888;Aisle
209915;Aisle;No;944;Aisle
209916;End-cap;No;817;End-cap
209917;End-cap;No;830;End-cap
209918;End-cap;Yes;1159;End-cap
209919;End-cap;Yes;1316;End-cap
209920;Aisle;No;912;Aisle
209921;Aisle;No;918;Aisle
209922;Aisle;No;682;Aisle
209923;Front of Store;Yes;1580;Front of Store
209924;Front of Store;Yes;1413;Front of Store
209925;Front of Store;Yes;1623;Front of Store
209926;Front of Store;No;821;Front of Store
209927;Aisle;Yes;1267;Aisle
209928;Aisle;No;866;Aisle
209929;Aisle;No;897;Aisle
209930;Aisle;No;822;Aisle
209931;End-cap;No;783;End-cap
209932;End-cap;No;832;End-cap
209933;Aisle;Yes;1349;Aisle
209934;Aisle;Yes;1182;Aisle
209935;Front of Store;No;977;Front of Store
209936;End-cap;Yes;1486;End-cap
209937;Aisle;Yes;1322;Aisle
209938;Aisle;No;877;Aisle
209939;End-cap;Yes;1379;End-cap
209940;End-cap;No;813;End-cap
209941;End-cap;Yes;1249;End-cap
209942;Front of Store;No;782;Front of Store
209943;Aisle;Yes;1161;Aisle
209944;End-cap;Yes;1392;End-cap
209945;Front of Store;No;694;Front of Store
209946;Aisle;No;883;Aisle
209947;Front of Store;Yes;1408;Front of Store
209948;Aisle;No;858;Aisle
209949;Aisle;Yes;1463;Aisle
209950;Aisle;No;834;Aisle
209951;Aisle;No;671;Aisle
209952;End-cap;Yes;1321;End-cap
209953;End-cap;No;823;End-cap
209954;Front of Store;No;830;Front of Store
209955;Front of Store;No;925;Front of Store
209956;Front of Store;Yes;1351;Front of Store
209957;End-cap;No;630;End-cap
209958;End-cap;No;752;End-cap
209959;Aisle;No;895;Aisle
209960;End-cap;Yes;1266;End-cap
209961;Front of Store;Yes;1281;Front of Store
209962;Aisle;No;845;Aisle
209963;Front of Store;Yes;1304;Front of Store
209964;End-cap;Yes;1285;End-cap
209965;Aisle;No;886;Aisle
209966;Aisle;No;893;Aisle
209967;End-cap;Yes;1409;End-cap
209968;End-cap;No;871;End-cap
209969;Aisle;No;949;Aisle
209970;Front of Store;Yes;1189;Front of Store
209971;Aisle;No;848;Aisle
209972;Front of Store;No;992;Front of Store
209973;End-cap;No;770;End-cap
209974;End-cap;No;820;End-cap
209975;Aisle;Yes;1339;Aisle
209976;End-cap;Yes;1279;End-cap
209977;Aisle;No;883;Aisle
209978;Front of Store;No;1137;Front of Store
209979;Aisle;No;816;Aisle
209980;Aisle;No;994;Aisle
209981;End-cap;Yes;1206;End-cap
209982;Front of Store;No;784;Front of Store
209983;End-cap;No;801;End-cap
209984;End-cap;No;1121;End-cap
209985;End-cap;No;1061;End-cap
209986;Aisle;No;749;Aisle
209987;Aisle;No;834;Aisle
209988;End-cap;No;803;End-cap
209989;End-cap;Yes;1231;End-cap
209990;End-cap;No;808;End-cap
209991;End-cap;No;820;End-cap
209992;Front of Store;No;870;Front of Store
209993;End-cap;Yes;1305;End-cap
209994;Aisle;No;713;Aisle
209995;Aisle;No;855;Aisle
209996;End-cap;Yes;1362;End-cap
209997;Front of Store;Yes;1505;Front of Store
209998;Aisle;Yes;1524;Aisle
209999;Front of Store;Yes;1259;Front of Store
210000;End-cap;No;836;End-cap
210001;Aisle;Yes;1593;Aisle
210002;Aisle;No;997;Aisle
210003;Aisle;Yes;1741;Aisle
210004;Aisle;Yes;1636;Aisle
210005;Aisle;No;838;Aisle
210006;Aisle;No;836;Aisle
210007;Front of Store;No;853;Front of Store
210008;Aisle;Yes;1350;Aisle
210009;Aisle;Yes;1361;Aisle
210010;Aisle;Yes;1084;Aisle
210011;End-cap;No;963;End-cap
210012;Aisle;Yes;1193;Aisle
210013;End-cap;No;1069;End-cap
210014;End-cap;No;853;End-cap
210015;Front of Store;No;789;Front of Store
210016;Aisle;No;926;Aisle
210017;End-cap;Yes;1127;End-cap
210018;Aisle;No;971;Aisle
210019;End-cap;No;877;End-cap
210020;End-cap;No;818;End-cap
210021;End-cap;Yes;1238;End-cap
210022;End-cap;Yes;1144;End-cap
210023;Aisle;No;667;Aisle
210024;End-cap;No;884;End-cap
210025;Front of Store;No;1066;Front of Store
210026;End-cap;No;903;End-cap
210027;Front of Store;Yes;1472;Front of Store
210028;Aisle;Yes;1789;Aisle
210029;End-cap;No;751;End-cap
210030;Front of Store;Yes;1633;Front of Store
210031;End-cap;Yes;1444;End-cap
210032;Front of Store;No;754;Front of Store
210033;Front of Store;Yes;1370;Front of Store
210034;End-cap;Yes;1534;End-cap
210035;Aisle;No;906;Aisle
210036;Aisle;No;1162;Aisle
210037;End-cap;No;1020;End-cap
210038;End-cap;Yes;1453;End-cap
210039;Aisle;No;767;Aisle
210040;End-cap;No;824;End-cap
210041;Aisle;Yes;1558;Aisle
210042;End-cap;No;925;End-cap
210043;Front of Store;No;1017;Front of Store
210044;End-cap;No;790;End-cap
210045;End-cap;No;800;End-cap
210046;Front of Store;No;805;Front of Store
210047;Aisle;Yes;1249;Aisle
210048;End-cap;Yes;1427;End-cap
210049;Front of Store;No;904;Front of Store
210050;End-cap;Yes;1604;End-cap
210051;Aisle;No;899;Aisle
210052;Front of Store;Yes;1288;Front of Store
210053;End-cap;Yes;1151;End-cap
210054;Aisle;Yes;1173;Aisle
210055;Aisle;No;902;Aisle
210056;End-cap;No;855;End-cap
210057;Front of Store;Yes;1178;Front of Store
210058;Aisle;No;944;Aisle
210059;Aisle;No;740;Aisle
210060;End-cap;No;678;End-cap
210061;Aisle;No;849;Aisle
210062;Front of Store;No;810;Front of Store
210063;Aisle;Yes;1380;Aisle
210064;Front of Store;Yes;1231;Front of Store
210065;Aisle;No;906;Aisle
210066;End-cap;No;939;End-cap
210067;Aisle;No;946;Aisle
210068;Aisle;Yes;1401;Aisle
210069;Aisle;Yes;1074;Aisle
210070;Aisle;No;807;Aisle
210071;Front of Store;No;759;Front of Store
210072;End-cap;Yes;1860;End-cap
210073;Front of Store;Yes;1330;Front of Store
210074;Aisle;No;864;Aisle
210075;Aisle;No;938;Aisle
210076;Front of Store;Yes;1075;Front of Store
210077;Front of Store;Yes;1420;Front of Store
210078;End-cap;No;853;End-cap
210079;Aisle;Yes;1468;Aisle
210080;Front of Store;No;691;Front of Store
210081;Aisle;Yes;1540;Aisle
210082;Aisle;Yes;1685;Aisle
210083;Aisle;No;806;Aisle
210084;Aisle;Yes;1710;Aisle
210085;End-cap;No;915;End-cap
210086;Aisle;No;823;Aisle
210087;Aisle;Yes;1242;Aisle
210088;Front of Store;No;987;Front of Store
210089;Aisle;Yes;1424;Aisle
210090;Front of Store;No;1075;Front of Store
210091;Aisle;Yes;1333;Aisle
210092;Aisle;No;1021;Aisle
210093;Aisle;No;1046;Aisle
210094;Aisle;Yes;1468;Aisle
210095;End-cap;No;990;End-cap
210096;Aisle;No;640;Aisle
210097;Aisle;No;1092;Aisle
210098;Aisle;Yes;1335;Aisle
210099;Front of Store;No;1090;Front of Store
210100;Front of Store;No;772;Front of Store
210101;Aisle;No;993;Aisle
210102;Aisle;No;786;Aisle
210103;End-cap;No;711;End-cap
210104;Aisle;Yes;1171;Aisle
210105;End-cap;No;947;End-cap
210106;Front of Store;No;817;Front of Store
210107;Front of Store;Yes;1296;Front of Store
210108;Aisle;No;838;Aisle
210109;Aisle;No;845;Aisle
210110;Front of Store;Yes;1424;Front of Store
210111;Front of Store;No;776;Front of Store
210112;End-cap;No;1031;End-cap
210113;End-cap;Yes;1383;End-cap
210114;Aisle;Yes;1458;Aisle
210115;Aisle;Yes;1259;Aisle
210116;Front of Store;No;963;Front of Store
210117;Aisle;Yes;1239;Aisle
210118;End-cap;Yes;1551;End-cap
210119;Front of Store;Yes;1340;Front of Store
210120;End-cap;No;982;End-cap
210121;Front of Store;No;847;Front of Store
210122;Aisle;No;841;Aisle
210123;Front of Store;No;870;Front of Store
210124;Front of Store;No;778;Front of Store
210125;Front of Store;No;804;Front of Store
210126;Front of Store;Yes;1230;Front of Store
210127;End-cap;No;719;End-cap
210128;Front of Store;Yes;1310;Front of Store
210129;Aisle;Yes;1482;Aisle
210130;Aisle;No;913;Aisle
210131;Front of Store;Yes;1407;Front of Store
210132;End-cap;No;826;End-cap
210133;Front of Store;Yes;1654;Front of Store
210134;Aisle;Yes;1348;Aisle
210135;Aisle;No;937;Aisle
210136;Aisle;Yes;1371;Aisle
210137;Aisle;No;661;Aisle
210138;Aisle;Yes;1339;Aisle
210139;Front of Store;No;863;Front of Store
210140;End-cap;Yes;1379;End-cap
210141;Front of Store;Yes;1463;Front of Store
210142;Front of Store;Yes;1349;Front of Store
210143;Aisle;Yes;1190;Aisle
210144;Front of Store;No;779;Front of Store
210145;Front of Store;No;1033;Front of Store
210146;Aisle;No;672;Aisle
210147;Aisle;Yes;1258;Aisle
210148;Front of Store;No;945;Front of Store
210149;Aisle;Yes;1148;Aisle
210150;Front of Store;Yes;1697;Front of Store
210151;Aisle;No;942;Aisle
210152;Aisle;Yes;1437;Aisle
210153;Front of Store;Yes;1536;Front of Store
210154;Aisle;Yes;1245;Aisle
210155;End-cap;Yes;1459;End-cap
210156;Aisle;No;856;Aisle
210157;Front of Store;Yes;1247;Front of Store
210158;Front of Store;No;865;Front of Store
210159;Aisle;Yes;1365;Aisle
210160;Aisle;No;967;Aisle
210161;Aisle;No;1198;Aisle
210162;Front of Store;No;843;Front of Store
210163;Aisle;Yes;1224;Aisle
210164;Front of Store;Yes;1272;Front of Store
210165;End-cap;No;992;End-cap
210166;Aisle;No;893;Aisle
210167;End-cap;Yes;1455;End-cap
210168;Aisle;No;699;Aisle
210169;Front of Store;Yes;1301;Front of Store
210170;Aisle;No;866;Aisle
210171;End-cap;Yes;1196;End-cap
210172;Aisle;No;891;Aisle
210173;Aisle;No;817;Aisle
210174;Aisle;No;841;Aisle
210175;Aisle;No;850;Aisle
210176;Aisle;Yes;1492;Aisle
210177;Aisle;No;914;Aisle
210178;Front of Store;Yes;1489;Front of Store
210179;Front of Store;No;906;Front of Store
210180;Aisle;Yes;1603;Aisle
210181;Front of Store;No;905;Front of Store
210182;Aisle;Yes;1525;Aisle
210183;Aisle;Yes;1382;Aisle
210184;Aisle;Yes;1714;Aisle
210185;Aisle;Yes;1326;Aisle
210186;End-cap;Yes;1370;End-cap
210187;End-cap;Yes;1601;End-cap
210188;Front of Store;Yes;1290;Front of Store
210189;Front of Store;Yes;1418;Front of Store
210190;Front of Store;No;824;Front of Store
210191;End-cap;No;692;End-cap
210192;Front of Store;Yes;1306;Front of Store
210193;Aisle;No;894;Aisle
210194;End-cap;Yes;1523;End-cap
210195;Aisle;Yes;1457;Aisle
210196;End-cap;Yes;1302;End-cap
210197;Aisle;Yes;1384;Aisle
210198;End-cap;Yes;1375;End-cap
210199;Front of Store;No;671;Front of Store
210200;Aisle;No;1018;Aisle
210201;Aisle;No;811;Aisle
210202;Aisle;Yes;1460;Aisle
210203;End-cap;Yes;1281;End-cap
210204;Aisle;No;763;Aisle
210205;End-cap;Yes;1402;End-cap
210206;Aisle;Yes;1344;Aisle
210207;End-cap;Yes;1526;End-cap
210208;Front of Store;Yes;1172;Front of Store
210209;Front of Store;Yes;1499;Front of Store
210210;Front of Store;Yes;1351;Front of Store
210211;End-cap;No;744;End-cap
210212;Front of Store;No;866;Front of Store
210213;Aisle;Yes;1494;Aisle
210214;Front of Store;Yes;1471;Front of Store
210215;End-cap;No;683;End-cap
210216;Aisle;Yes;1717;Aisle
210217;Front of Store;Yes;1132;Front of Store
210218;Aisle;No;923;Aisle
210219;Aisle;Yes;1694;Aisle
210220;End-cap;No;615;End-cap
210221;Aisle;No;765;Aisle
210222;Aisle;Yes;1359;Aisle
210223;Front of Store;Yes;1174;Front of Store
210224;End-cap;No;972;End-cap
210225;Front of Store;No;957;Front of Store
210226;End-cap;No;985;End-cap
210227;Aisle;No;1026;Aisle
210228;End-cap;Yes;1481;End-cap
210229;Aisle;Yes;1391;Aisle
210230;Aisle;Yes;1297;Aisle
210231;End-cap;No;919;End-cap
210232;End-cap;Yes;1470;End-cap
210233;Front of Store;Yes;1065;Front of Store
210234;Aisle;Yes;1513;Aisle
210235;Aisle;No;945;Aisle
210236;Front of Store;No;956;Front of Store
210237;Aisle;Yes;1477;Aisle
210238;End-cap;Yes;1322;End-cap
210239;End-cap;Yes;1314;End-cap
210240;End-cap;No;940;End-cap
210241;Front of Store;No;995;Front of Store
210242;Aisle;No;772;Aisle
210243;Aisle;No;769;Aisle
210244;Front of Store;Yes;1255;Front of Store
210245;End-cap;No;913;End-cap
210246;Aisle;No;923;Aisle
210247;Front of Store;Yes;1294;Front of Store
210248;Aisle;No;935;Aisle
210249;Aisle;Yes;1310;Aisle
210250;Aisle;No;929;Aisle
210251;End-cap;Yes;1338;End-cap
210252;Aisle;Yes;1342;Aisle
210253;End-cap;No;775;End-cap
210254;Aisle;Yes;1183;Aisle
210255;End-cap;No;864;End-cap
210256;Front of Store;Yes;1273;Front of Store
210257;Front of Store;Yes;1359;Front of Store
210258;End-cap;Yes;1272;End-cap
210259;Front of Store;No;1009;Front of Store
210260;Aisle;Yes;1474;Aisle
210261;Aisle;Yes;1291;Aisle
210262;Aisle;Yes;1171;Aisle
210263;Aisle;Yes;1343;Aisle
210264;Front of Store;No;772;Front of Store
210265;Aisle;No;842;Aisle
210266;Aisle;Yes;1666;Aisle
210267;Aisle;Yes;1451;Aisle
210268;Aisle;Yes;1404;Aisle
210269;End-cap;Yes;1538;End-cap
210270;Front of Store;Yes;1373;Front of Store
210271;End-cap;Yes;1434;End-cap
210272;Aisle;Yes;1189;Aisle
210273;Aisle;Yes;1400;Aisle
210274;Front of Store;No;783;Front of Store
210275;Front of Store;No;1088;Front of Store
210276;Aisle;No;941;Aisle
210277;Aisle;Yes;1401;Aisle
210278;Aisle;No;778;Aisle
210279;End-cap;Yes;1126;End-cap
210280;Aisle;Yes;1250;Aisle
210281;End-cap;Yes;1240;End-cap
210282;End-cap;No;981;End-cap
210283;End-cap;No;751;End-cap
210284;Front of Store;Yes;1307;Front of Store
210285;End-cap;Yes;1018;End-cap
210286;End-cap;Yes;1185;End-cap
210287;Front of Store;No;833;Front of Store
210288;End-cap;No;1063;End-cap
210289;Aisle;No;885;Aisle
210290;Front of Store;No;975;Front of Store
210291;Front of Store;Yes;1199;Front of Store
210292;Aisle;Yes;1487;Aisle
210293;Aisle;Yes;1341;Aisle
210294;End-cap;Yes;1123;End-cap
210295;Aisle;No;1139;Aisle
210296;Front of Store;No;782;Front of Store
210297;Front of Store;No;838;Front of Store
210298;End-cap;No;883;End-cap
210299;Aisle;No;886;Aisle
210300;Aisle;No;899;Aisle
210301;End-cap;No;874;End-cap
210302;Aisle;Yes;1645;Aisle
210303;End-cap;No;887;End-cap
210304;Aisle;Yes;1592;Aisle
210305;Front of Store;No;792;Front of Store
210306;Aisle;No;828;Aisle
210307;Aisle;No;709;Aisle
210308;End-cap;No;882;End-cap
210309;Aisle;No;1050;Aisle
210310;End-cap;Yes;1663;End-cap
210311;Aisle;No;984;Aisle
210312;Aisle;Yes;1194;Aisle
210313;End-cap;Yes;1207;End-cap
210314;End-cap;Yes;1625;End-cap
210315;Front of Store;Yes;1487;Front of Store
210316;Aisle;Yes;1513;Aisle
210317;Aisle;Yes;1166;Aisle
210318;End-cap;Yes;1549;End-cap
210319;Aisle;No;841;Aisle
210320;Aisle;No;820;Aisle
210321;Front of Store;Yes;1396;Front of Store
210322;End-cap;No;905;End-cap
210323;Aisle;Yes;1518;Aisle
210324;End-cap;Yes;1312;End-cap
210325;Front of Store;Yes;1136;Front of Store
210326;Aisle;No;869;Aisle
210327;Front of Store;Yes;1432;Front of Store
210328;End-cap;Yes;1545;End-cap
210329;End-cap;No;824;End-cap
210330;Aisle;No;1027;Aisle
210331;End-cap;No;946;End-cap
210332;Front of Store;No;861;Front of Store
210333;Aisle;No;918;Aisle
210334;End-cap;Yes;1668;End-cap
210335;Aisle;Yes;1592;Aisle
210336;Aisle;No;819;Aisle
210337;End-cap;No;919;End-cap
210338;Aisle;No;928;Aisle
210339;Aisle;Yes;1513;Aisle
210340;End-cap;No;925;End-cap
210341;Front of Store;No;746;Front of Store
210342;End-cap;Yes;1274;End-cap
210343;End-cap;Yes;1428;End-cap
210344;End-cap;Yes;1417;End-cap
210345;Aisle;No;829;Aisle
210346;Aisle;No;945;Aisle
210347;Front of Store;No;843;Front of Store
210348;Aisle;No;1029;Aisle
210349;End-cap;No;877;End-cap
210350;Aisle;Yes;1368;Aisle
210351;Aisle;Yes;1293;Aisle
210352;Front of Store;Yes;1251;Front of Store
210353;Aisle;No;730;Aisle
210354;End-cap;Yes;1170;End-cap
210355;Aisle;No;1066;Aisle
210356;Front of Store;No;797;Front of Store
210357;End-cap;Yes;1407;End-cap
210358;Aisle;No;871;Aisle
210359;End-cap;Yes;1389;End-cap
210360;End-cap;Yes;1102;End-cap
210361;End-cap;No;838;End-cap
210362;End-cap;No;954;End-cap
210363;Front of Store;No;992;Front of Store
210364;Front of Store;No;811;Front of Store
210365;Front of Store;Yes;1434;Front of Store
210366;Front of Store;Yes;1571;Front of Store
210367;End-cap;No;923;End-cap
210368;Front of Store;No;929;Front of Store
210369;Aisle;Yes;1350;Aisle
210370;End-cap;No;774;End-cap
210371;Front of Store;Yes;1491;Front of Store
210372;End-cap;No;1048;End-cap
210373;End-cap;No;793;End-cap
210374;Front of Store;No;745;Front of Store
210375;Front of Store;No;715;Front of Store
210376;Aisle;Yes;1336;Aisle
210377;Front of Store;Yes;1203;Front of Store
210378;Aisle;Yes;1432;Aisle
210379;End-cap;No;794;End-cap
210380;Front of Store;No;1131;Front of Store
210381;Aisle;No;834;Aisle
210382;End-cap;Yes;1266;End-cap
210383;Front of Store;No;1077;Front of Store
210384;End-cap;Yes;1473;End-cap
210385;End-cap;No;991;End-cap
210386;End-cap;No;831;End-cap
210387;End-cap;No;999;End-cap
210388;End-cap;No;1027;End-cap
210389;Aisle;Yes;1559;Aisle
210390;Front of Store;Yes;1486;Front of Store
210391;Front of Store;Yes;1492;Front of Store
210392;Aisle;No;904;Aisle
210393;Aisle;Yes;1629;Aisle
210394;Front of Store;No;676;Front of Store
210395;Aisle;No;923;Aisle
210396;End-cap;Yes;1708;End-cap
210397;End-cap;No;776;End-cap
210398;End-cap;Yes;1490;End-cap
210399;End-cap;No;998;End-cap
210400;Aisle;No;1041;Aisle
210401;Front of Store;No;880;Front of Store
210402;End-cap;Yes;1256;End-cap
210403;Front of Store;No;773;Front of Store
210404;End-cap;No;879;End-cap
210405;End-cap;No;926;End-cap
210406;End-cap;Yes;1325;End-cap
210407;Aisle;No;780;Aisle
210408;Aisle;Yes;1360;Aisle
210409;End-cap;Yes;1434;End-cap
210410;End-cap;Yes;1507;End-cap
210411;End-cap;Yes;1184;End-cap
210412;End-cap;No;866;End-cap
210413;Front of Store;No;838;Front of Store
210414;End-cap;No;878;End-cap
210415;Front of Store;No;779;Front of Store
210416;Aisle;No;894;Aisle
210417;End-cap;Yes;1356;End-cap
210418;Aisle;Yes;1302;Aisle
210419;Aisle;Yes;1404;Aisle
210420;Front of Store;No;802;Front of Store
210421;Front of Store;No;898;Front of Store
210422;Aisle;No;966;Aisle
210423;Front of Store;No;781;Front of Store
210424;Front of Store;Yes;1578;Front of Store
210425;End-cap;No;771;End-cap
210426;Front of Store;No;1019;Front of Store
210427;End-cap;Yes;1595;End-cap
210428;End-cap;Yes;1386;End-cap
210429;Front of Store;No;670;Front of Store
210430;End-cap;No;835;End-cap
210431;Aisle;No;767;Aisle
210432;Front of Store;No;839;Front of Store
210433;Aisle;No;828;Aisle
210434;Front of Store;Yes;1248;Front of Store
210435;End-cap;No;753;End-cap
210436;Aisle;No;708;Aisle
210437;End-cap;Yes;1578;End-cap
210438;End-cap;Yes;1503;End-cap
210439;Front of Store;No;970;Front of Store
210440;Aisle;Yes;1647;Aisle
210441;Aisle;No;972;Aisle
210442;End-cap;Yes;1351;End-cap
210443;End-cap;Yes;1693;End-cap
210444;Aisle;No;788;Aisle
210445;End-cap;Yes;1541;End-cap
210446;Aisle;Yes;1612;Aisle
210447;End-cap;Yes;1339;End-cap
210448;End-cap;Yes;1584;End-cap
210449;Front of Store;No;816;Front of Store
210450;End-cap;No;820;End-cap
210451;End-cap;Yes;1592;End-cap
210452;Aisle;No;893;Aisle
210453;Aisle;Yes;1598;Aisle
210454;Aisle;Yes;1490;Aisle
210455;End-cap;No;824;End-cap
210456;Aisle;No;708;Aisle
210457;Front of Store;No;837;Front of Store
210458;Aisle;No;913;Aisle
210459;End-cap;No;821;End-cap
210460;End-cap;Yes;1218;End-cap
210461;Aisle;Yes;1197;Aisle
210462;Aisle;No;1064;Aisle
210463;End-cap;No;742;End-cap
210464;Front of Store;Yes;1335;Front of Store
210465;Aisle;No;890;Aisle
210466;End-cap;No;830;End-cap
210467;Aisle;No;947;Aisle
210468;End-cap;No;1047;End-cap
210469;Front of Store;No;829;Front of Store
210470;Front of Store;No;996;Front of Store
210471;End-cap;No;900;End-cap
210472;Aisle;No;935;Aisle
210473;End-cap;No;930;End-cap
210474;End-cap;No;811;End-cap
210475;Front of Store;Yes;1063;Front of Store
210476;Aisle;No;804;Aisle
210477;Aisle;No;1045;Aisle
210478;Front of Store;No;982;Front of Store
210479;Aisle;Yes;1421;Aisle
210480;Aisle;Yes;1483;Aisle
210481;Front of Store;No;838;Front of Store
210482;End-cap;No;829;End-cap
210483;Front of Store;No;856;Front of Store
210484;Aisle;No;822;Aisle
210485;Front of Store;Yes;1487;Front of Store
210486;Aisle;No;1121;Aisle
210487;Aisle;No;817;Aisle
210488;Front of Store;Yes;1207;Front of Store
210489;Aisle;Yes;1326;Aisle
210490;Aisle;No;870;Aisle
210491;End-cap;No;855;End-cap
210492;End-cap;No;1008;End-cap
210493;Front of Store;No;981;Front of Store
210494;Front of Store;No;957;Front of Store
210495;Aisle;No;1043;Aisle
210496;Aisle;No;872;Aisle
210497;Aisle;Yes;1271;Aisle
210498;Aisle;Yes;1830;Aisle
210499;Aisle;Yes;1148;Aisle
210500;End-cap;No;956;End-cap
210501;Front of Store;No;1032;Front of Store
210502;Aisle;No;788;Aisle
210503;Front of Store;No;706;Front of Store
210504;Aisle;Yes;1681;Aisle
210505;End-cap;Yes;1108;End-cap
210506;Aisle;No;875;Aisle
210507;End-cap;Yes;1488;End-cap
210508;Aisle;No;950;Aisle
210509;End-cap;No;1061;End-cap
210510;Front of Store;No;907;Front of Store
210511;Aisle;No;956;Aisle
210512;Front of Store;No;776;Front of Store
210513;Front of Store;No;858;Front of Store
210514;Front of Store;No;739;Front of Store
210515;Aisle;No;803;Aisle
210516;Aisle;No;922;Aisle
210517;Aisle;Yes;1570;Aisle
210518;Front of Store;No;1019;Front of Store
210519;Aisle;No;1010;Aisle
210520;Aisle;Yes;1235;Aisle
210521;Aisle;No;864;Aisle
210522;End-cap;Yes;1318;End-cap
210523;End-cap;Yes;1215;End-cap
210524;End-cap;No;1009;End-cap
210525;Aisle;Yes;1295;Aisle
210526;Front of Store;No;810;Front of Store
210527;Front of Store;No;874;Front of Store
210528;Aisle;No;914;Aisle
210529;Aisle;No;866;Aisle
210530;Front of Store;Yes;1248;Front of Store
210531;Front of Store;Yes;1427;Front of Store
210532;End-cap;No;920;End-cap
210533;Front of Store;No;796;Front of Store
210534;Aisle;No;686;Aisle
210535;End-cap;Yes;1372;End-cap
210536;End-cap;Yes;1547;End-cap
210537;Aisle;No;942;Aisle
210538;Aisle;No;926;Aisle
210539;Aisle;No;971;Aisle
210540;Front of Store;No;863;Front of Store
210541;Aisle;No;924;Aisle
210542;End-cap;No;797;End-cap
210543;Front of Store;Yes;1416;Front of Store
210544;End-cap;No;1052;End-cap
210545;End-cap;No;899;End-cap
210546;Aisle;Yes;1290;Aisle
210547;Aisle;Yes;1458;Aisle
210548;End-cap;Yes;1409;End-cap
210549;Front of Store;No;825;Front of Store
210550;End-cap;Yes;1214;End-cap
210551;Aisle;No;744;Aisle
210552;End-cap;Yes;1439;End-cap
210553;End-cap;No;1032;End-cap
210554;End-cap;Yes;1623;End-cap
210555;Front of Store;Yes;1344;Front of Store
210556;Aisle;No;871;Aisle
210557;End-cap;No;950;End-cap
210558;Aisle;No;854;Aisle
210559;End-cap;No;936;End-cap
210560;Aisle;No;1029;Aisle
210561;Aisle;Yes;1610;Aisle
210562;Aisle;Yes;1478;Aisle
210563;End-cap;No;732;End-cap
210564;Aisle;No;1005;Aisle
210565;Front of Store;Yes;1433;Front of Store
210566;End-cap;Yes;1157;End-cap
210567;Aisle;No;893;Aisle
210568;End-cap;No;1041;End-cap
210569;End-cap;No;848;End-cap
210570;End-cap;No;969;End-cap
210571;Front of Store;Yes;1696;Front of Store
210572;Aisle;No;949;Aisle
210573;Aisle;Yes;1431;Aisle
210574;Aisle;Yes;1134;Aisle
210575;Aisle;Yes;1236;Aisle
210576;End-cap;No;1092;End-cap
210577;Aisle;Yes;1502;Aisle
210578;End-cap;No;826;End-cap
210579;End-cap;No;786;End-cap
210580;End-cap;No;866;End-cap
210581;Aisle;No;821;Aisle
210582;End-cap;Yes;1472;End-cap
210583;Front of Store;Yes;1517;Front of Store
210584;End-cap;Yes;1251;End-cap
210585;Front of Store;Yes;1313;Front of Store
210586;End-cap;Yes;1233;End-cap
210587;Front of Store;No;916;Front of Store
210588;Aisle;No;1051;Aisle
210589;Front of Store;No;809;Front of Store
210590;Aisle;No;840;Aisle
210591;Aisle;Yes;1668;Aisle
210592;End-cap;No;706;End-cap
210593;Aisle;No;925;Aisle
210594;Front of Store;Yes;1256;Front of Store
210595;End-cap;Yes;1324;End-cap
210596;Aisle;No;719;Aisle
210597;Front of Store;No;935;Front of Store
210598;Aisle;No;969;Aisle
210599;Front of Store;No;752;Front of Store
210600;End-cap;No;954;End-cap
210601;Aisle;Yes;1619;Aisle
210602;Front of Store;Yes;1290;Front of Store
210603;Aisle;Yes;1179;Aisle
210604;End-cap;Yes;1680;End-cap
210605;End-cap;Yes;1220;End-cap
210606;End-cap;No;645;End-cap
210607;End-cap;No;979;End-cap
210608;End-cap;Yes;1327;End-cap
210609;Aisle;No;800;Aisle
210610;Front of Store;No;1008;Front of Store
210611;Aisle;Yes;1488;Aisle
210612;Aisle;No;877;Aisle
210613;Front of Store;No;983;Front of Store
210614;Front of Store;Yes;1570;Front of Store
210615;Aisle;Yes;1514;Aisle
210616;Aisle;No;804;Aisle
210617;End-cap;Yes;1490;End-cap
210618;End-cap;Yes;1338;End-cap
210619;Aisle;No;966;Aisle
210620;End-cap;No;1015;End-cap
210621;End-cap;No;953;End-cap
210622;End-cap;No;1033;End-cap
210623;End-cap;No;938;End-cap
210624;End-cap;Yes;1364;End-cap
210625;Aisle;Yes;1439;Aisle
210626;Front of Store;No;978;Front of Store
210627;Aisle;No;951;Aisle
210628;End-cap;No;944;End-cap
210629;End-cap;No;1100;End-cap
210630;End-cap;No;640;End-cap
210631;Aisle;No;724;Aisle
210632;Aisle;Yes;1422;Aisle
210633;Front of Store;No;840;Front of Store
210634;End-cap;Yes;1692;End-cap
210635;End-cap;Yes;1211;End-cap
210636;End-cap;Yes;1627;End-cap
210637;End-cap;No;815;End-cap
210638;End-cap;Yes;1511;End-cap
210639;Aisle;Yes;1338;Aisle
210640;End-cap;No;868;End-cap
210641;Aisle;Yes;1579;Aisle
210642;Front of Store;Yes;1372;Front of Store
210643;Aisle;Yes;1240;Aisle
210644;End-cap;No;673;End-cap
210645;End-cap;Yes;1266;End-cap
210646;Aisle;Yes;1360;Aisle
210647;Front of Store;No;930;Front of Store
210648;Aisle;No;877;Aisle
210649;Aisle;Yes;1383;Aisle
210650;Aisle;No;1003;Aisle
210651;Aisle;Yes;1310;Aisle
210652;Aisle;Yes;1563;Aisle
210653;Front of Store;Yes;1165;Front of Store
210654;Aisle;Yes;1525;Aisle
210655;Aisle;No;769;Aisle
210656;Front of Store;Yes;1289;Front of Store
210657;Front of Store;Yes;1752;Front of Store
210658;Aisle;No;898;Aisle
210659;Aisle;No;913;Aisle
210660;Aisle;No;826;Aisle
210661;End-cap;No;932;End-cap
210662;Aisle;Yes;1723;Aisle
210663;Aisle;No;818;Aisle
210664;End-cap;No;736;End-cap
210665;End-cap;Yes;1372;End-cap
210666;End-cap;No;880;End-cap
210667;Front of Store;Yes;1509;Front of Store
210668;Aisle;No;786;Aisle
210669;Aisle;No;932;Aisle
210670;Front of Store;No;726;Front of Store
210671;Front of Store;Yes;1376;Front of Store
210672;Aisle;Yes;1258;Aisle
210673;Front of Store;Yes;1614;Front of Store
210674;Aisle;Yes;1431;Aisle
210675;End-cap;Yes;1417;End-cap
210676;Aisle;No;1016;Aisle
210677;Aisle;No;787;Aisle
210678;Front of Store;No;831;Front of Store
210679;Front of Store;Yes;1320;Front of Store
210680;End-cap;Yes;1510;End-cap
210681;Front of Store;No;1051;Front of Store
210682;End-cap;No;946;End-cap
210683;End-cap;Yes;1535;End-cap
210684;End-cap;Yes;1687;End-cap
210685;End-cap;Yes;1405;End-cap
210686;Front of Store;Yes;1434;Front of Store
210687;Front of Store;Yes;1493;Front of Store
210688;Front of Store;Yes;1312;Front of Store
210689;End-cap;Yes;1091;End-cap
210690;Front of Store;No;955;Front of Store
210691;Aisle;No;773;Aisle
210692;End-cap;Yes;1388;End-cap
210693;Front of Store;Yes;1207;Front of Store
210694;End-cap;No;857;End-cap
210695;Front of Store;No;897;Front of Store
210696;End-cap;No;781;End-cap
210697;End-cap;No;937;End-cap
210698;End-cap;No;843;End-cap
210699;Aisle;Yes;1355;Aisle
210700;Aisle;No;939;Aisle
210701;Front of Store;No;781;Front of Store
210702;End-cap;Yes;1391;End-cap
210703;Aisle;No;849;Aisle
210704;End-cap;No;872;End-cap
210705;Aisle;No;967;Aisle
210706;Aisle;Yes;1448;Aisle
210707;Aisle;No;892;Aisle
210708;Front of Store;No;869;Front of Store
210709;Front of Store;No;942;Front of Store
210710;End-cap;Yes;1509;End-cap
210711;Aisle;Yes;1583;Aisle
210712;Aisle;Yes;1524;Aisle
210713;Front of Store;Yes;1435;Front of Store
210714;Front of Store;Yes;1299;Front of Store
210715;End-cap;Yes;1408;End-cap
210716;Aisle;No;876;Aisle
210717;Aisle;Yes;1352;Aisle
210718;Aisle;No;848;Aisle
210719;End-cap;No;881;End-cap
210720;End-cap;No;859;End-cap
210721;End-cap;Yes;1513;End-cap
210722;Front of Store;Yes;1091;Front of Store
210723;End-cap;No;963;End-cap
210724;Front of Store;Yes;1502;Front of Store
210725;Front of Store;No;1072;Front of Store
210726;Front of Store;Yes;1343;Front of Store
210727;Aisle;No;935;Aisle
210728;End-cap;No;897;End-cap
210729;Front of Store;No;896;Front of Store
210730;Front of Store;No;696;Front of Store
210731;Aisle;No;1006;Aisle
210732;Aisle;Yes;1422;Aisle
210733;Aisle;Yes;1336;Aisle
210734;Aisle;No;950;Aisle
210735;Front of Store;Yes;1657;Front of Store
210736;Front of Store;Yes;1352;Front of Store
210737;Front of Store;Yes;922;Front of Store
210738;End-cap;No;799;End-cap
210739;Aisle;Yes;1144;Aisle
210740;Aisle;No;816;Aisle
210741;End-cap;Yes;1401;End-cap
210742;Front of Store;Yes;1304;Front of Store
210743;Aisle;No;839;Aisle
210744;Aisle;No;713;Aisle
210745;Front of Store;Yes;1239;Front of Store
210746;Front of Store;Yes;1346;Front of Store
210747;Aisle;No;865;Aisle
210748;Aisle;Yes;1459;Aisle
210749;End-cap;Yes;1441;End-cap
210750;Aisle;No;850;Aisle
210751;End-cap;No;826;End-cap
210752;Aisle;No;743;Aisle
210753;End-cap;No;1085;End-cap
210754;Front of Store;Yes;1211;Front of Store
210755;Front of Store;No;752;Front of Store
210756;Aisle;Yes;1359;Aisle
210757;Front of Store;No;847;Front of Store
210758;Aisle;No;1109;Aisle
210759;End-cap;No;861;End-cap
210760;Aisle;Yes;1446;Aisle
210761;Aisle;No;912;Aisle
210762;Front of Store;Yes;1475;Front of Store
210763;End-cap;Yes;1427;End-cap
210764;Aisle;Yes;1260;Aisle
210765;End-cap;No;965;End-cap
210766;Aisle;Yes;1430;Aisle
210767;End-cap;No;832;End-cap
210768;Aisle;No;856;Aisle
210769;Aisle;Yes;1386;Aisle
210770;End-cap;No;913;End-cap
210771;Aisle;No;867;Aisle
210772;End-cap;Yes;1875;End-cap
210773;End-cap;No;986;End-cap
210774;End-cap;No;977;End-cap
210775;Aisle;Yes;1630;Aisle
210776;Aisle;No;906;Aisle
210777;Front of Store;No;1001;Front of Store
210778;End-cap;No;809;End-cap
210779;Aisle;No;971;Aisle
210780;Front of Store;Yes;1336;Front of Store
210781;End-cap;No;826;End-cap
210782;End-cap;No;1030;End-cap
210783;Aisle;No;937;Aisle
210784;End-cap;No;984;End-cap
210785;Front of Store;Yes;1244;Front of Store
210786;End-cap;Yes;1177;End-cap
210787;Aisle;Yes;1357;Aisle
210788;Front of Store;No;635;Front of Store
210789;Aisle;No;994;Aisle
210790;Front of Store;No;920;Front of Store
210791;End-cap;Yes;1784;End-cap
210792;Front of Store;Yes;1189;Front of Store
210793;Aisle;No;835;Aisle
210794;Aisle;No;912;Aisle
210795;Front of Store;No;1117;Front of Store
210796;End-cap;No;805;End-cap
210797;End-cap;No;930;End-cap
210798;End-cap;No;778;End-cap
210799;End-cap;No;974;End-cap
210800;Front of Store;No;825;Front of Store
210801;Front of Store;No;812;Front of Store
210802;End-cap;No;855;End-cap
210803;End-cap;Yes;1334;End-cap
210804;End-cap;Yes;1177;End-cap
210805;Aisle;No;955;Aisle
210806;Aisle;No;1138;Aisle
210807;End-cap;No;807;End-cap
210808;Aisle;Yes;1314;Aisle
210809;Aisle;No;951;Aisle
210810;End-cap;Yes;1430;End-cap
210811;Aisle;Yes;1652;Aisle
210812;End-cap;Yes;1375;End-cap
210813;End-cap;No;781;End-cap
210814;Front of Store;No;1070;Front of Store
210815;End-cap;No;931;End-cap
210816;End-cap;Yes;1544;End-cap
210817;Aisle;Yes;1284;Aisle
210818;Front of Store;No;688;Front of Store
210819;End-cap;Yes;1168;End-cap
210820;Aisle;Yes;1462;Aisle
210821;Front of Store;No;1066;Front of Store
210822;Aisle;No;823;Aisle
210823;End-cap;No;798;End-cap
210824;Aisle;No;953;Aisle
210825;Front of Store;Yes;1389;Front of Store
210826;Front of Store;No;823;Front of Store
210827;Aisle;Yes;1713;Aisle
210828;Aisle;No;821;Aisle
210829;Front of Store;No;936;Front of Store
210830;Front of Store;No;1082;Front of Store
210831;End-cap;No;1117;End-cap
210832;End-cap;Yes;1365;End-cap
210833;Aisle;No;1024;Aisle
210834;Aisle;Yes;1643;Aisle
210835;Front of Store;No;802;Front of Store
210836;Front of Store;No;1021;Front of Store
210837;Aisle;No;770;Aisle
210838;End-cap;No;1136;End-cap
210839;End-cap;No;1013;End-cap
210840;Aisle;Yes;1568;Aisle
210841;Front of Store;No;977;Front of Store
210842;Aisle;No;783;Aisle
210843;Aisle;Yes;1538;Aisle
210844;End-cap;Yes;1651;End-cap
210845;End-cap;No;775;End-cap
210846;End-cap;No;955;End-cap
210847;Aisle;Yes;1587;Aisle
210848;Aisle;No;900;Aisle
210849;End-cap;No;805;End-cap
210850;Aisle;Yes;1248;Aisle
210851;Aisle;No;769;Aisle
210852;Aisle;Yes;1249;Aisle
210853;Front of Store;Yes;1373;Front of Store
210854;Aisle;No;972;Aisle
210855;Aisle;No;909;Aisle
210856;End-cap;Yes;1609;End-cap
210857;Aisle;No;872;Aisle
210858;Front of Store;Yes;1324;Front of Store
210859;End-cap;Yes;1519;End-cap
210860;End-cap;No;934;End-cap
210861;Aisle;No;981;Aisle
210862;End-cap;No;927;End-cap
210863;Aisle;No;1000;Aisle
210864;End-cap;Yes;1173;End-cap
210865;Aisle;Yes;1294;Aisle
210866;End-cap;No;758;End-cap
210867;Front of Store;Yes;1564;Front of Store
210868;Aisle;Yes;1274;Aisle
210869;Front of Store;No;681;Front of Store
210870;Front of Store;Yes;1249;Front of Store
210871;End-cap;No;891;End-cap
210872;Aisle;No;947;Aisle
210873;Front of Store;No;869;Front of Store
210874;End-cap;Yes;1470;End-cap
210875;Front of Store;Yes;1209;Front of Store
210876;Front of Store;Yes;1588;Front of Store
210877;End-cap;Yes;1634;End-cap
210878;Aisle;No;773;Aisle
210879;Aisle;Yes;1391;Aisle
210880;Front of Store;Yes;1302;Front of Store
210881;Front of Store;No;883;Front of Store
210882;Aisle;Yes;1485;Aisle
210883;Aisle;No;723;Aisle
210884;Aisle;Yes;1399;Aisle
210885;Aisle;Yes;1387;Aisle
210886;Aisle;No;955;Aisle
210887;Aisle;Yes;1254;Aisle
210888;Front of Store;No;849;Front of Store
210889;Front of Store;Yes;1538;Front of Store
210890;Aisle;No;870;Aisle
210891;Front of Store;No;835;Front of Store
210892;Aisle;No;806;Aisle
210893;Front of Store;Yes;1408;Front of Store
210894;Aisle;No;925;Aisle
210895;Aisle;No;876;Aisle
210896;Aisle;Yes;1255;Aisle
210897;End-cap;No;851;End-cap
210898;End-cap;Yes;1623;End-cap
210899;Front of Store;Yes;1434;Front of Store
210900;End-cap;No;1057;End-cap
210901;Aisle;Yes;1578;Aisle
210902;Front of Store;No;857;Front of Store
210903;Front of Store;No;819;Front of Store
210904;Front of Store;No;533;Front of Store
210905;Aisle;Yes;1692;Aisle
210906;Aisle;Yes;1413;Aisle
210907;Aisle;No;910;Aisle
210908;End-cap;No;974;End-cap
210909;End-cap;No;773;End-cap
210910;Aisle;No;1046;Aisle
210911;Aisle;No;933;Aisle
210912;End-cap;Yes;1494;End-cap
210913;Aisle;No;874;Aisle
210914;End-cap;No;913;End-cap
210915;Aisle;Yes;1744;Aisle
210916;Aisle;Yes;1501;Aisle
210917;End-cap;No;866;End-cap
210918;End-cap;Yes;1193;End-cap
210919;End-cap;Yes;1704;End-cap
210920;Front of Store;No;872;Front of Store
210921;Aisle;No;714;Aisle
210922;Front of Store;No;821;Front of Store
210923;Aisle;No;1026;Aisle
210924;End-cap;No;933;End-cap
210925;Aisle;Yes;1353;Aisle
210926;End-cap;Yes;1441;End-cap
210927;Front of Store;No;1032;Front of Store
210928;Aisle;No;846;Aisle
210929;End-cap;Yes;1506;End-cap
210930;Front of Store;No;967;Front of Store
210931;Aisle;Yes;1416;Aisle
210932;Front of Store;No;884;Front of Store
210933;Aisle;Yes;1626;Aisle
210934;Aisle;No;766;Aisle
210935;Aisle;Yes;1411;Aisle
210936;Aisle;No;1004;Aisle
210937;End-cap;Yes;1253;End-cap
210938;Aisle;No;645;Aisle
210939;End-cap;No;1069;End-cap
210940;End-cap;Yes;1233;End-cap
210941;Aisle;No;884;Aisle
210942;Front of Store;Yes;1475;Front of Store
210943;Aisle;No;1132;Aisle
210944;End-cap;No;751;End-cap
210945;End-cap;No;906;End-cap
210946;End-cap;Yes;1377;End-cap
210947;End-cap;No;995;End-cap
210948;Aisle;No;1054;Aisle
210949;End-cap;No;977;End-cap
210950;Aisle;Yes;1753;Aisle
210951;Aisle;Yes;1346;Aisle
210952;End-cap;No;751;End-cap
210953;End-cap;Yes;1754;End-cap
210954;Aisle;Yes;1375;Aisle
210955;Aisle;No;1060;Aisle
210956;Front of Store;No;1072;Front of Store
210957;Front of Store;No;791;Front of Store
210958;End-cap;No;851;End-cap
210959;Aisle;No;730;Aisle
210960;Front of Store;Yes;1489;Front of Store
210961;End-cap;Yes;1431;End-cap
210962;Front of Store;Yes;1649;Front of Store
210963;Aisle;No;823;Aisle
210964;Front of Store;Yes;1362;Front of Store
210965;Aisle;Yes;1463;Aisle
210966;Aisle;No;843;Aisle
210967;Aisle;No;883;Aisle
210968;End-cap;No;927;End-cap
210969;Aisle;No;726;Aisle
210970;End-cap;Yes;1386;End-cap
210971;End-cap;Yes;1367;End-cap
210972;Front of Store;Yes;1425;Front of Store
210973;End-cap;Yes;1344;End-cap
210974;Front of Store;No;786;Front of Store
210975;Aisle;No;755;Aisle
210976;End-cap;Yes;1251;End-cap
210977;End-cap;No;902;End-cap
210978;Aisle;No;878;Aisle
210979;Aisle;Yes;1531;Aisle
210980;Front of Store;No;946;Front of Store
210981;Front of Store;No;669;Front of Store
210982;End-cap;No;870;End-cap
210983;Aisle;No;960;Aisle
210984;Aisle;Yes;1329;Aisle
210985;Aisle;Yes;1333;Aisle
210986;Front of Store;No;891;Front of Store
210987;Aisle;No;893;Aisle
210988;End-cap;Yes;1088;End-cap
210989;Aisle;No;898;Aisle
210990;Front of Store;No;813;Front of Store
210991;Aisle;No;953;Aisle
210992;Front of Store;No;716;Front of Store
210993;End-cap;No;890;End-cap
210994;End-cap;No;816;End-cap
210995;Aisle;No;925;Aisle
210996;Aisle;Yes;1664;Aisle
210997;Front of Store;Yes;1392;Front of Store
210998;Aisle;Yes;1425;Aisle
210999;End-cap;No;760;End-cap
211000;Aisle;Yes;1348;Aisle
211001;End-cap;No;853;End-cap
211002;End-cap;No;849;End-cap
211003;Aisle;Yes;1293;Aisle
211004;End-cap;No;1067;End-cap
211005;Aisle;No;919;Aisle
211006;End-cap;No;971;End-cap
211007;Front of Store;No;957;Front of Store
211008;End-cap;No;757;End-cap
211009;Front of Store;Yes;1412;Front of Store
211010;Aisle;No;1062;Aisle
211011;End-cap;No;827;End-cap
211012;Aisle;No;826;Aisle
211013;Aisle;No;764;Aisle
211014;End-cap;No;810;End-cap
211015;Aisle;No;930;Aisle
211016;Front of Store;No;771;Front of Store
211017;Front of Store;Yes;1578;Front of Store
211018;Aisle;No;792;Aisle
211019;Aisle;No;781;Aisle
211020;End-cap;Yes;1679;End-cap
211021;Aisle;No;893;Aisle
211022;Aisle;No;794;Aisle
211023;Aisle;Yes;1348;Aisle
211024;Aisle;No;904;Aisle
211025;End-cap;Yes;1398;End-cap
211026;End-cap;No;727;End-cap
211027;Aisle;No;765;Aisle
211028;Front of Store;Yes;1646;Front of Store
211029;Front of Store;Yes;1429;Front of Store
211030;Aisle;No;905;Aisle
211031;End-cap;Yes;1242;End-cap
211032;Aisle;Yes;1382;Aisle
211033;End-cap;Yes;1678;End-cap
211034;Aisle;No;918;Aisle
211035;Aisle;No;1161;Aisle
211036;Front of Store;No;779;Front of Store
211037;Front of Store;No;841;Front of Store
211038;End-cap;No;785;End-cap
211039;Aisle;Yes;1369;Aisle
211040;End-cap;Yes;1518;End-cap
211041;End-cap;No;879;End-cap
211042;Front of Store;No;754;Front of Store
211043;Aisle;No;844;Aisle
211044;Aisle;No;865;Aisle
211045;Front of Store;No;967;Front of Store
211046;Aisle;No;699;Aisle
211047;Front of Store;Yes;1531;Front of Store
211048;Aisle;Yes;1395;Aisle
211049;Aisle;No;945;Aisle
211050;Aisle;No;951;Aisle
211051;End-cap;No;805;End-cap
211052;Aisle;Yes;1380;Aisle
211053;End-cap;Yes;1372;End-cap
211054;Aisle;No;961;Aisle
211055;Aisle;Yes;1308;Aisle
211056;Front of Store;No;872;Front of Store
211057;Front of Store;Yes;1472;Front of Store
211058;Front of Store;Yes;1217;Front of Store
211059;End-cap;No;819;End-cap
211060;End-cap;Yes;1116;End-cap
211061;Aisle;No;750;Aisle
211062;End-cap;No;869;End-cap
211063;Front of Store;Yes;1152;Front of Store
211064;Front of Store;Yes;1707;Front of Store
211065;Aisle;No;791;Aisle
211066;Front of Store;No;790;Front of Store
211067;Front of Store;No;946;Front of Store
211068;Aisle;Yes;1139;Aisle
211069;End-cap;No;785;End-cap
211070;Aisle;No;874;Aisle
211071;Aisle;Yes;1398;Aisle
211072;Aisle;No;935;Aisle
211073;End-cap;No;847;End-cap
211074;Front of Store;Yes;1369;Front of Store
211075;Aisle;No;798;Aisle
211076;Front of Store;No;880;Front of Store
211077;Aisle;No;902;Aisle
211078;End-cap;No;814;End-cap
211079;Front of Store;No;760;Front of Store
211080;End-cap;No;920;End-cap
211081;Front of Store;No;728;Front of Store
211082;Aisle;No;1021;Aisle
211083;End-cap;No;1056;End-cap
211084;Front of Store;Yes;1522;Front of Store
211085;Aisle;No;693;Aisle
211086;End-cap;Yes;1260;End-cap
211087;End-cap;No;1005;End-cap
211088;Aisle;No;806;Aisle
211089;Aisle;No;698;Aisle
211090;Aisle;Yes;1258;Aisle
211091;Front of Store;No;898;Front of Store
211092;End-cap;No;841;End-cap
211093;Aisle;No;734;Aisle
211094;End-cap;Yes;1559;End-cap
211095;Aisle;No;836;Aisle
211096;End-cap;Yes;1410;End-cap
211097;Aisle;No;873;Aisle
211098;Aisle;No;890;Aisle
211099;Front of Store;No;899;Front of Store
211100;End-cap;No;944;End-cap
211101;Front of Store;Yes;1573;Front of Store
211102;Aisle;Yes;1660;Aisle
211103;Aisle;Yes;1319;Aisle
211104;Front of Store;Yes;1703;Front of Store
211105;End-cap;Yes;1278;End-cap
211106;Front of Store;No;888;Front of Store
211107;Aisle;No;900;Aisle
211108;End-cap;No;874;End-cap
211109;Front of Store;No;762;Front of Store
211110;Aisle;Yes;1432;Aisle
211111;Aisle;No;1008;Aisle
211112;Aisle;No;885;Aisle
211113;End-cap;No;869;End-cap
211114;End-cap;Yes;1620;End-cap
211115;Aisle;Yes;1021;Aisle
211116;Aisle;No;943;Aisle
211117;Front of Store;Yes;1445;Front of Store
211118;Aisle;Yes;1474;Aisle
211119;Aisle;Yes;1247;Aisle
211120;End-cap;No;941;End-cap
211121;Aisle;No;716;Aisle
211122;Aisle;No;864;Aisle
211123;End-cap;No;879;End-cap
211124;Aisle;No;884;Aisle
211125;Front of Store;No;961;Front of Store
211126;Aisle;No;791;Aisle
211127;Aisle;No;716;Aisle
211128;End-cap;Yes;1229;End-cap
211129;Aisle;Yes;1076;Aisle
211130;End-cap;Yes;1508;End-cap
211131;Aisle;No;926;Aisle
211132;Aisle;Yes;1349;Aisle
211133;Aisle;No;951;Aisle
211134;Front of Store;No;845;Front of Store
211135;End-cap;Yes;1361;End-cap
211136;Front of Store;Yes;1202;Front of Store
211137;End-cap;Yes;1218;End-cap
211138;Aisle;Yes;1224;Aisle
211139;Front of Store;No;674;Front of Store
211140;End-cap;No;791;End-cap
211141;Aisle;No;833;Aisle
211142;End-cap;Yes;1416;End-cap
211143;Aisle;Yes;1233;Aisle
211144;End-cap;Yes;1234;End-cap
211145;End-cap;No;755;End-cap
211146;End-cap;Yes;1611;End-cap
211147;Front of Store;No;641;Front of Store
211148;Aisle;No;791;Aisle
211149;Aisle;No;971;Aisle
211150;Aisle;No;913;Aisle
211151;Front of Store;No;883;Front of Store
211152;End-cap;No;864;End-cap
211153;Front of Store;Yes;1507;Front of Store
211154;Front of Store;No;936;Front of Store
211155;Front of Store;Yes;1258;Front of Store
211156;End-cap;Yes;1423;End-cap
211157;Aisle;No;757;Aisle
211158;Aisle;Yes;1760;Aisle
211159;Aisle;Yes;1390;Aisle
211160;End-cap;Yes;1619;End-cap
211161;Front of Store;No;788;Front of Store
211162;Aisle;No;800;Aisle
211163;End-cap;No;889;End-cap
211164;Front of Store;No;1025;Front of Store
211165;End-cap;No;838;End-cap
211166;End-cap;Yes;1294;End-cap
211167;Front of Store;No;785;Front of Store
211168;Front of Store;No;804;Front of Store
211169;Aisle;No;815;Aisle
211170;End-cap;Yes;1313;End-cap
211171;End-cap;No;990;End-cap
211172;Front of Store;Yes;1413;Front of Store
211173;Aisle;No;918;Aisle
211174;Front of Store;Yes;1274;Front of Store
211175;End-cap;Yes;1271;End-cap
211176;End-cap;No;975;End-cap
211177;Aisle;No;839;Aisle
211178;End-cap;Yes;1577;End-cap
211179;End-cap;Yes;1196;End-cap
211180;Front of Store;Yes;1362;Front of Store
211181;Front of Store;No;733;Front of Store
211182;End-cap;No;752;End-cap
211183;Aisle;No;815;Aisle
211184;End-cap;Yes;1083;End-cap
211185;Front of Store;No;1050;Front of Store
211186;End-cap;No;1139;End-cap
211187;Aisle;No;892;Aisle
211188;Aisle;No;1057;Aisle
211189;Front of Store;No;886;Front of Store
211190;Aisle;No;1111;Aisle
211191;End-cap;Yes;1744;End-cap
211192;Aisle;No;811;Aisle
211193;End-cap;Yes;1307;End-cap
211194;Aisle;No;985;Aisle
211195;Aisle;No;714;Aisle
211196;End-cap;No;915;End-cap
211197;Aisle;No;902;Aisle
211198;End-cap;No;756;End-cap
211199;End-cap;Yes;1662;End-cap
211200;End-cap;Yes;1696;End-cap
211201;Aisle;No;712;Aisle
211202;Front of Store;No;719;Front of Store
211203;Front of Store;No;896;Front of Store
211204;Aisle;Yes;1213;Aisle
211205;Aisle;Yes;1204;Aisle
211206;Front of Store;No;799;Front of Store
211207;End-cap;No;822;End-cap
211208;Front of Store;No;1027;Front of Store
211209;End-cap;Yes;1235;End-cap
211210;Aisle;No;817;Aisle
211211;End-cap;No;978;End-cap
211212;Front of Store;No;855;Front of Store
211213;Front of Store;No;848;Front of Store
211214;Front of Store;No;722;Front of Store
211215;End-cap;Yes;1495;End-cap
211216;Front of Store;Yes;1402;Front of Store
211217;Front of Store;No;911;Front of Store
211218;End-cap;No;1034;End-cap
211219;Front of Store;Yes;1347;Front of Store
211220;End-cap;Yes;1277;End-cap
211221;Front of Store;No;861;Front of Store
211222;Aisle;No;855;Aisle
211223;End-cap;Yes;1526;End-cap
211224;Aisle;No;1066;Aisle
211225;Aisle;No;1072;Aisle
211226;Aisle;No;1120;Aisle
211227;Aisle;No;920;Aisle
211228;Aisle;No;1187;Aisle
211229;End-cap;Yes;1492;End-cap
211230;Aisle;No;619;Aisle
211231;End-cap;Yes;1580;End-cap
211232;Aisle;No;947;Aisle
211233;Front of Store;No;775;Front of Store
211234;End-cap;No;822;End-cap
211235;Aisle;No;965;Aisle
211236;End-cap;Yes;1310;End-cap
211237;Aisle;No;832;Aisle
211238;Aisle;Yes;1582;Aisle
211239;Aisle;No;712;Aisle
211240;End-cap;Yes;1358;End-cap
211241;End-cap;No;892;End-cap
211242;Aisle;No;860;Aisle
211243;Front of Store;Yes;1890;Front of Store
211244;Front of Store;Yes;1452;Front of Store
211245;Front of Store;No;740;Front of Store
211246;End-cap;No;757;End-cap
211247;End-cap;Yes;1418;End-cap
211248;Aisle;Yes;1487;Aisle
211249;Aisle;No;838;Aisle
211250;Front of Store;No;864;Front of Store
211251;Aisle;No;630;Aisle
211252;Aisle;No;982;Aisle
211253;Front of Store;Yes;1678;Front of Store
211254;Aisle;No;778;Aisle
211255;Aisle;No;864;Aisle
211256;Aisle;Yes;1187;Aisle
211257;Aisle;No;814;Aisle
211258;End-cap;No;948;End-cap
211259;End-cap;No;959;End-cap
211260;Front of Store;No;963;Front of Store
211261;End-cap;No;746;End-cap
211262;Front of Store;No;872;Front of Store
211263;Front of Store;No;942;Front of Store
211264;Front of Store;No;885;Front of Store
211265;Aisle;No;714;Aisle
211266;Aisle;Yes;1038;Aisle
211267;Front of Store;No;792;Front of Store
211268;Aisle;No;622;Aisle
211269;Aisle;Yes;1457;Aisle
211270;Aisle;No;969;Aisle
211271;Front of Store;Yes;1274;Front of Store
211272;Aisle;No;895;Aisle
211273;End-cap;Yes;1198;End-cap
211274;Aisle;No;968;Aisle
211275;End-cap;No;807;End-cap
211276;Aisle;No;1016;Aisle
211277;End-cap;No;992;End-cap
211278;Front of Store;No;719;Front of Store
211279;Aisle;No;1100;Aisle
211280;Front of Store;No;819;Front of Store
211281;Aisle;Yes;1311;Aisle
211282;End-cap;No;886;End-cap
211283;End-cap;No;788;End-cap
211284;Aisle;Yes;1802;Aisle
211285;Front of Store;Yes;1178;Front of Store
211286;End-cap;Yes;1374;End-cap
211287;Aisle;Yes;1721;Aisle
211288;Front of Store;No;825;Front of Store
211289;Front of Store;No;865;Front of Store
211290;Front of Store;No;967;Front of Store
211291;Aisle;No;842;Aisle
211292;Front of Store;No;802;Front of Store
211293;End-cap;No;837;End-cap
211294;Aisle;No;865;Aisle
211295;End-cap;No;983;End-cap
211296;End-cap;No;772;End-cap
211297;Aisle;Yes;1315;Aisle
211298;Aisle;Yes;1354;Aisle
211299;Front of Store;Yes;1340;Front of Store
211300;Aisle;No;792;Aisle
211301;End-cap;No;1086;End-cap
211302;Front of Store;No;972;Front of Store
211303;Front of Store;Yes;1478;Front of Store
211304;End-cap;Yes;1248;End-cap
211305;Aisle;No;764;Aisle
211306;Aisle;No;776;Aisle
211307;Aisle;Yes;1235;Aisle
211308;Aisle;No;708;Aisle
211309;End-cap;Yes;1359;End-cap
211310;Aisle;Yes;1336;Aisle
211311;Front of Store;No;979;Front of Store
211312;Aisle;Yes;1272;Aisle
211313;End-cap;No;938;End-cap
211314;Front of Store;No;601;Front of Store
211315;Front of Store;No;725;Front of Store
211316;Front of Store;No;869;Front of Store
211317;Aisle;No;1007;Aisle
211318;Aisle;No;957;Aisle
211319;Front of Store;Yes;1129;Front of Store
211320;Front of Store;Yes;1313;Front of Store
211321;End-cap;Yes;1342;End-cap
211322;Aisle;Yes;1457;Aisle
211323;Aisle;No;819;Aisle
211324;Aisle;Yes;1356;Aisle
211325;End-cap;No;790;End-cap
211326;End-cap;Yes;1515;End-cap
211327;Aisle;No;982;Aisle
211328;Aisle;No;939;Aisle
211329;Front of Store;No;1038;Front of Store
211330;End-cap;No;792;End-cap
211331;End-cap;Yes;1498;End-cap
211332;Aisle;No;992;Aisle
211333;Front of Store;No;820;Front of Store
211334;Front of Store;Yes;1292;Front of Store
211335;End-cap;No;1028;End-cap
211336;End-cap;No;800;End-cap
211337;Front of Store;Yes;1405;Front of Store
211338;End-cap;Yes;1481;End-cap
211339;Aisle;Yes;1484;Aisle
211340;End-cap;No;786;End-cap
211341;Aisle;No;795;Aisle
211342;Aisle;No;952;Aisle
211343;Aisle;Yes;1606;Aisle
211344;Aisle;No;999;Aisle
211345;Aisle;Yes;1476;Aisle
211346;Aisle;Yes;1175;Aisle
211347;End-cap;No;1161;End-cap
211348;End-cap;Yes;1414;End-cap
211349;Aisle;No;817;Aisle
211350;Aisle;No;594;Aisle
211351;Front of Store;Yes;1433;Front of Store
211352;Aisle;No;874;Aisle
211353;Aisle;Yes;1482;Aisle
211354;Front of Store;No;948;Front of Store
211355;Aisle;No;1078;Aisle
211356;End-cap;No;1026;End-cap
211357;Front of Store;No;719;Front of Store
211358;Aisle;Yes;1424;Aisle
211359;Aisle;No;859;Aisle
211360;End-cap;No;917;End-cap
211361;Aisle;No;960;Aisle
211362;Front of Store;Yes;1236;Front of Store
211363;Front of Store;Yes;1374;Front of Store
211364;End-cap;Yes;1547;End-cap
211365;End-cap;Yes;1403;End-cap
211366;End-cap;Yes;1343;End-cap
211367;End-cap;No;925;End-cap
211368;Front of Store;Yes;1616;Front of Store
211369;Aisle;No;754;Aisle
211370;End-cap;No;932;End-cap
211371;Aisle;No;877;Aisle
211372;Aisle;No;1014;Aisle
211373;Front of Store;Yes;1585;Front of Store
211374;End-cap;No;813;End-cap
211375;Front of Store;No;964;Front of Store
211376;Aisle;Yes;1241;Aisle
211377;End-cap;No;993;End-cap
211378;Front of Store;No;949;Front of Store
211379;Front of Store;No;844;Front of Store
211380;Aisle;No;797;Aisle
211381;Aisle;No;848;Aisle
211382;Aisle;No;1011;Aisle
211383;Aisle;Yes;1317;Aisle
211384;Aisle;Yes;1205;Aisle
211385;Front of Store;Yes;1310;Front of Store
211386;End-cap;No;967;End-cap
211387;End-cap;Yes;1636;End-cap
211388;End-cap;No;1116;End-cap
211389;End-cap;Yes;1348;End-cap
211390;End-cap;Yes;1496;End-cap
211391;Front of Store;No;756;Front of Store
211392;Front of Store;Yes;1402;Front of Store
211393;Aisle;Yes;1650;Aisle
211394;End-cap;No;836;End-cap
211395;Aisle;No;1029;Aisle
211396;Aisle;Yes;1254;Aisle
211397;End-cap;Yes;1429;End-cap
211398;Front of Store;No;1045;Front of Store
211399;End-cap;No;725;End-cap
211400;Front of Store;Yes;1254;Front of Store
211401;End-cap;Yes;1823;End-cap
211402;End-cap;No;819;End-cap
211403;Aisle;Yes;1569;Aisle
211404;Aisle;No;975;Aisle
211405;Aisle;Yes;1253;Aisle
211406;End-cap;No;753;End-cap
211407;End-cap;No;854;End-cap
211408;Aisle;No;875;Aisle
211409;End-cap;Yes;1370;End-cap
211410;Front of Store;No;917;Front of Store
211411;End-cap;No;984;End-cap
211412;End-cap;No;781;End-cap
211413;Front of Store;No;842;Front of Store
211414;Aisle;No;707;Aisle
211415;Front of Store;No;917;Front of Store
211416;Aisle;No;792;Aisle
211417;End-cap;Yes;1367;End-cap
211418;End-cap;Yes;1375;End-cap
211419;Aisle;No;1012;Aisle
211420;Aisle;No;768;Aisle
211421;End-cap;Yes;1466;End-cap
211422;Aisle;No;1010;Aisle
211423;End-cap;No;943;End-cap
211424;Aisle;No;889;Aisle
211425;Front of Store;No;672;Front of Store
211426;End-cap;No;789;End-cap
211427;End-cap;Yes;1274;End-cap
211428;Front of Store;Yes;1501;Front of Store
211429;Aisle;No;906;Aisle
211430;End-cap;No;991;End-cap
211431;Front of Store;Yes;1452;Front of Store
211432;Front of Store;No;718;Front of Store
211433;End-cap;Yes;1696;End-cap
211434;Aisle;No;958;Aisle
211435;End-cap;Yes;1479;End-cap
211436;Aisle;No;766;Aisle
211437;Aisle;No;936;Aisle
211438;Front of Store;No;963;Front of Store
211439;End-cap;No;747;End-cap
211440;Front of Store;No;934;Front of Store
211441;End-cap;No;757;End-cap
211442;Front of Store;No;735;Front of Store
211443;Aisle;No;766;Aisle
211444;Aisle;No;957;Aisle
211445;Aisle;Yes;1470;Aisle
211446;Front of Store;No;1061;Front of Store
211447;End-cap;Yes;1265;End-cap
211448;Aisle;Yes;1308;Aisle
211449;Aisle;No;882;Aisle
211450;Aisle;Yes;1185;Aisle
211451;Front of Store;Yes;1219;Front of Store
211452;Front of Store;No;856;Front of Store
211453;End-cap;No;971;End-cap
211454;Aisle;No;867;Aisle
211455;Aisle;No;783;Aisle
211456;Aisle;Yes;1443;Aisle
211457;Front of Store;Yes;1696;Front of Store
211458;End-cap;No;850;End-cap
211459;Aisle;Yes;1446;Aisle
211460;Front of Store;No;1083;Front of Store
211461;Front of Store;Yes;1261;Front of Store
211462;End-cap;No;897;End-cap
211463;End-cap;No;650;End-cap
211464;End-cap;No;997;End-cap
211465;Aisle;No;694;Aisle
211466;Aisle;Yes;1467;Aisle
211467;End-cap;No;822;End-cap
211468;Aisle;No;969;Aisle
211469;Front of Store;No;703;Front of Store
211470;End-cap;No;972;End-cap
211471;End-cap;No;824;End-cap
211472;Front of Store;Yes;1043;Front of Store
211473;End-cap;No;948;End-cap
211474;Aisle;Yes;1555;Aisle
211475;Aisle;No;804;Aisle
211476;End-cap;No;907;End-cap
211477;Aisle;No;906;Aisle
211478;Aisle;Yes;1220;Aisle
211479;Aisle;No;1049;Aisle
211480;End-cap;No;798;End-cap
211481;End-cap;Yes;1657;End-cap
211482;End-cap;No;929;End-cap
211483;Aisle;Yes;1495;Aisle
211484;Aisle;No;1005;Aisle
211485;End-cap;Yes;1377;End-cap
211486;Front of Store;No;924;Front of Store
211487;Aisle;No;1107;Aisle
211488;End-cap;No;782;End-cap
211489;Aisle;Yes;1485;Aisle
211490;Front of Store;Yes;1677;Front of Store
211491;End-cap;No;738;End-cap
211492;Aisle;Yes;1465;Aisle
211493;Aisle;Yes;1689;Aisle
211494;Aisle;Yes;1593;Aisle
211495;Aisle;Yes;1578;Aisle
211496;End-cap;Yes;1531;End-cap
211497;Aisle;No;777;Aisle
211498;Aisle;No;779;Aisle
211499;End-cap;No;1095;End-cap
211500;End-cap;No;711;End-cap
211501;Aisle;Yes;1154;Aisle
211502;Aisle;Yes;1263;Aisle
211503;Front of Store;No;1082;Front of Store
211504;Front of Store;Yes;1244;Front of Store
211505;Aisle;Yes;1240;Aisle
211506;Aisle;Yes;1290;Aisle
211507;Aisle;No;792;Aisle
211508;Front of Store;Yes;1151;Front of Store
211509;Aisle;Yes;1301;Aisle
211510;Front of Store;Yes;1479;Front of Store
211511;Front of Store;No;829;Front of Store
211512;Aisle;No;686;Aisle
211513;Aisle;Yes;1199;Aisle
211514;Aisle;No;842;Aisle
211515;End-cap;No;837;End-cap
211516;Aisle;No;1065;Aisle
211517;Front of Store;Yes;1237;Front of Store
211518;Aisle;No;935;Aisle
211519;Aisle;Yes;1345;Aisle
211520;Front of Store;No;950;Front of Store
211521;End-cap;Yes;1289;End-cap
211522;Front of Store;Yes;1644;Front of Store
211523;Front of Store;No;905;Front of Store
211524;Aisle;Yes;1376;Aisle
211525;Front of Store;No;929;Front of Store
211526;Front of Store;Yes;1478;Front of Store
211527;End-cap;Yes;1725;End-cap
211528;End-cap;Yes;1408;End-cap
211529;Aisle;No;871;Aisle
211530;Front of Store;No;864;Front of Store
211531;End-cap;Yes;1345;End-cap
211532;End-cap;Yes;1457;End-cap
211533;End-cap;No;848;End-cap
211534;Front of Store;No;1001;Front of Store
211535;Aisle;Yes;1542;Aisle
211536;Aisle;Yes;1359;Aisle
211537;Front of Store;No;984;Front of Store
211538;End-cap;Yes;1435;End-cap
211539;Aisle;No;901;Aisle
211540;Front of Store;No;901;Front of Store
211541;End-cap;Yes;1442;End-cap
211542;Front of Store;No;1043;Front of Store
211543;End-cap;No;705;End-cap
211544;Aisle;Yes;1647;Aisle
211545;Front of Store;Yes;1729;Front of Store
211546;Front of Store;No;953;Front of Store
211547;End-cap;Yes;1139;End-cap
211548;Front of Store;Yes;1198;Front of Store
211549;Front of Store;Yes;1165;Front of Store
211550;Aisle;No;842;Aisle
211551;Front of Store;No;823;Front of Store
211552;End-cap;No;974;End-cap
211553;Aisle;Yes;1708;Aisle
211554;Aisle;No;761;Aisle
211555;End-cap;Yes;1482;End-cap
211556;End-cap;Yes;1112;End-cap
211557;Front of Store;No;954;Front of Store
211558;End-cap;Yes;1611;End-cap
211559;End-cap;Yes;1224;End-cap
211560;Aisle;Yes;1434;Aisle
211561;Aisle;No;865;Aisle
211562;Front of Store;Yes;1235;Front of Store
211563;End-cap;Yes;1452;End-cap
211564;Front of Store;No;688;Front of Store
211565;Aisle;No;978;Aisle
211566;Front of Store;No;858;Front of Store
211567;Aisle;Yes;1314;Aisle
211568;Aisle;No;800;Aisle
211569;Front of Store;Yes;1477;Front of Store
211570;End-cap;Yes;1485;End-cap
211571;Aisle;No;1065;Aisle
211572;End-cap;Yes;1555;End-cap
211573;Front of Store;No;773;Front of Store
211574;Aisle;Yes;1289;Aisle
211575;Aisle;Yes;1141;Aisle
211576;Front of Store;Yes;1472;Front of Store
211577;Front of Store;No;858;Front of Store
211578;End-cap;Yes;1271;End-cap
211579;Aisle;Yes;1251;Aisle
211580;Front of Store;No;1022;Front of Store
211581;End-cap;Yes;1334;End-cap
211582;Aisle;No;852;Aisle
211583;Aisle;Yes;1474;Aisle
211584;Aisle;No;807;Aisle
211585;Front of Store;Yes;1518;Front of Store
211586;Aisle;Yes;1385;Aisle
211587;End-cap;No;926;End-cap
211588;Front of Store;No;853;Front of Store
211589;End-cap;Yes;1646;End-cap
211590;Aisle;No;794;Aisle
211591;End-cap;No;919;End-cap
211592;Front of Store;No;813;Front of Store
211593;Front of Store;No;1022;Front of Store
211594;Front of Store;No;901;Front of Store
211595;End-cap;No;1183;End-cap
211596;End-cap;No;794;End-cap
211597;Front of Store;No;820;Front of Store
211598;End-cap;No;937;End-cap
211599;End-cap;No;821;End-cap
211600;Front of Store;No;725;Front of Store
211601;Front of Store;No;763;Front of Store
211602;End-cap;No;907;End-cap
211603;Front of Store;Yes;1348;Front of Store
211604;Aisle;Yes;1481;Aisle
211605;End-cap;No;855;End-cap
211606;End-cap;No;874;End-cap
211607;Front of Store;Yes;1287;Front of Store
211608;Aisle;No;846;Aisle
211609;Aisle;No;976;Aisle
211610;End-cap;Yes;1416;End-cap
211611;Front of Store;No;783;Front of Store
211612;End-cap;Yes;1218;End-cap
211613;Aisle;No;1036;Aisle
211614;End-cap;No;718;End-cap
211615;Front of Store;No;791;Front of Store
211616;Front of Store;No;923;Front of Store
211617;Aisle;No;786;Aisle
211618;Aisle;Yes;1783;Aisle
211619;Front of Store;Yes;1118;Front of Store
211620;End-cap;Yes;1566;End-cap
211621;Aisle;Yes;1211;Aisle
211622;End-cap;No;947;End-cap
211623;Front of Store;No;796;Front of Store
211624;Aisle;Yes;1397;Aisle
211625;End-cap;Yes;1219;End-cap
211626;End-cap;No;708;End-cap
211627;Front of Store;Yes;1496;Front of Store
211628;Aisle;Yes;1361;Aisle
211629;Aisle;No;894;Aisle
211630;End-cap;No;815;End-cap
211631;Front of Store;Yes;1486;Front of Store
211632;Front of Store;No;811;Front of Store
211633;Front of Store;Yes;1295;Front of Store
211634;Aisle;No;888;Aisle
211635;Aisle;Yes;1375;Aisle
211636;Aisle;No;683;Aisle
211637;Front of Store;Yes;1305;Front of Store
211638;Aisle;Yes;1156;Aisle
211639;End-cap;No;726;End-cap
211640;Front of Store;No;900;Front of Store
211641;End-cap;Yes;1249;End-cap
211642;End-cap;Yes;1262;End-cap
211643;Front of Store;Yes;1739;Front of Store
211644;Aisle;No;662;Aisle
211645;Aisle;Yes;1604;Aisle
211646;Aisle;No;929;Aisle
211647;Front of Store;No;1021;Front of Store
211648;Front of Store;No;933;Front of Store
211649;Aisle;Yes;1287;Aisle
211650;End-cap;Yes;1532;End-cap
211651;Aisle;Yes;1302;Aisle
211652;Front of Store;No;929;Front of Store
211653;Aisle;Yes;1454;Aisle
211654;End-cap;Yes;1205;End-cap
211655;Front of Store;Yes;1751;Front of Store
211656;End-cap;Yes;1148;End-cap
211657;Aisle;Yes;1359;Aisle
211658;Front of Store;Yes;1513;Front of Store
211659;Front of Store;Yes;1453;Front of Store
211660;Front of Store;Yes;1404;Front of Store
211661;End-cap;Yes;1195;End-cap
211662;Front of Store;No;895;Front of Store
211663;Front of Store;No;902;Front of Store
211664;Front of Store;No;845;Front of Store
211665;Front of Store;Yes;1615;Front of Store
211666;Aisle;No;838;Aisle
211667;Aisle;Yes;1267;Aisle
211668;End-cap;No;789;End-cap
211669;Front of Store;No;837;Front of Store
211670;Aisle;Yes;1406;Aisle
211671;Aisle;Yes;1351;Aisle
211672;End-cap;No;893;End-cap
211673;Front of Store;Yes;1094;Front of Store
211674;End-cap;No;811;End-cap
211675;Aisle;Yes;1467;Aisle
211676;End-cap;No;674;End-cap
211677;Front of Store;No;841;Front of Store
211678;Aisle;Yes;1525;Aisle
211679;Front of Store;No;783;Front of Store
211680;Aisle;Yes;1288;Aisle
211681;End-cap;Yes;1350;End-cap
211682;Aisle;Yes;1323;Aisle
211683;Front of Store;No;715;Front of Store
211684;Aisle;Yes;1662;Aisle
211685;Front of Store;No;881;Front of Store
211686;Aisle;No;737;Aisle
211687;End-cap;Yes;1416;End-cap
211688;End-cap;No;872;End-cap
211689;Front of Store;No;887;Front of Store
211690;Aisle;No;829;Aisle
211691;Front of Store;No;905;Front of Store
211692;Aisle;No;1171;Aisle
211693;Aisle;Yes;1461;Aisle
211694;Aisle;No;838;Aisle
211695;End-cap;Yes;1299;End-cap
211696;Front of Store;Yes;1257;Front of Store
211697;Aisle;No;787;Aisle
211698;End-cap;Yes;1224;End-cap
211699;Front of Store;Yes;1353;Front of Store
211700;End-cap;No;782;End-cap
211701;Aisle;No;865;Aisle
211702;Front of Store;Yes;1211;Front of Store
211703;Front of Store;No;880;Front of Store
211704;End-cap;Yes;1299;End-cap
211705;Front of Store;Yes;1371;Front of Store
211706;End-cap;Yes;1461;End-cap
211707;Aisle;Yes;1498;Aisle
211708;Aisle;No;860;Aisle
211709;Front of Store;No;947;Front of Store
211710;End-cap;No;789;End-cap
211711;End-cap;Yes;1431;End-cap
211712;End-cap;No;706;End-cap
211713;End-cap;Yes;1445;End-cap
211714;Aisle;Yes;1207;Aisle
211715;Aisle;No;825;Aisle
211716;Aisle;No;930;Aisle
211717;Front of Store;No;677;Front of Store
211718;Aisle;Yes;1387;Aisle
211719;End-cap;No;800;End-cap
211720;Aisle;Yes;1276;Aisle
211721;Aisle;No;849;Aisle
211722;End-cap;No;807;End-cap
211723;Aisle;No;684;Aisle
211724;End-cap;No;798;End-cap
211725;Aisle;No;1120;Aisle
211726;Front of Store;No;801;Front of Store
211727;End-cap;No;779;End-cap
211728;End-cap;Yes;1455;End-cap
211729;End-cap;Yes;1439;End-cap
211730;End-cap;Yes;1328;End-cap
211731;Front of Store;Yes;1186;Front of Store
211732;Front of Store;Yes;1306;Front of Store
211733;Front of Store;No;853;Front of Store
211734;Aisle;Yes;1242;Aisle
211735;End-cap;Yes;1123;End-cap
211736;End-cap;No;847;End-cap
211737;End-cap;Yes;1384;End-cap
211738;Aisle;Yes;1263;Aisle
211739;Front of Store;No;814;Front of Store
211740;End-cap;No;997;End-cap
211741;Aisle;No;907;Aisle
211742;End-cap;No;840;End-cap
211743;Aisle;Yes;1383;Aisle
211744;Aisle;No;1034;Aisle
211745;Aisle;No;817;Aisle
211746;Aisle;Yes;1392;Aisle
211747;Front of Store;Yes;1262;Front of Store
211748;End-cap;Yes;1316;End-cap
211749;Front of Store;No;902;Front of Store
211750;End-cap;Yes;1444;End-cap
211751;Aisle;No;821;Aisle
211752;Front of Store;No;866;Front of Store
211753;End-cap;No;1022;End-cap
211754;End-cap;Yes;1647;End-cap
211755;Aisle;No;1036;Aisle
211756;Aisle;No;739;Aisle
211757;Aisle;No;860;Aisle
211758;Aisle;No;893;Aisle
211759;Aisle;Yes;1352;Aisle
211760;End-cap;No;859;End-cap
211761;Front of Store;No;890;Front of Store
211762;Aisle;No;925;Aisle
211763;Aisle;Yes;1323;Aisle
211764;Aisle;No;928;Aisle
211765;Front of Store;Yes;1276;Front of Store
211766;Aisle;No;1035;Aisle
211767;End-cap;No;1171;End-cap
211768;Aisle;No;622;Aisle
211769;Front of Store;Yes;1898;Front of Store
211770;End-cap;Yes;1359;End-cap
211771;End-cap;Yes;1302;End-cap
211772;Aisle;No;633;Aisle
211773;End-cap;No;730;End-cap
211774;Front of Store;No;897;Front of Store
211775;Aisle;No;849;Aisle
211776;Aisle;Yes;1615;Aisle
211777;Aisle;No;917;Aisle
211778;End-cap;No;786;End-cap
211779;Front of Store;No;752;Front of Store
211780;End-cap;No;935;End-cap
211781;End-cap;Yes;1478;End-cap
211782;End-cap;No;821;End-cap
211783;Aisle;No;704;Aisle
211784;End-cap;No;930;End-cap
211785;End-cap;Yes;1602;End-cap
211786;Front of Store;Yes;1446;Front of Store
211787;Front of Store;No;896;Front of Store
211788;End-cap;Yes;1318;End-cap
211789;Front of Store;No;875;Front of Store
211790;Aisle;No;819;Aisle
211791;Aisle;No;944;Aisle
211792;End-cap;Yes;1489;End-cap
211793;End-cap;Yes;1498;End-cap
211794;Front of Store;No;955;Front of Store
211795;Aisle;No;822;Aisle
211796;End-cap;No;848;End-cap
211797;End-cap;No;933;End-cap
211798;Front of Store;No;909;Front of Store
211799;End-cap;Yes;1370;End-cap
211800;Aisle;Yes;1266;Aisle
211801;End-cap;Yes;1371;End-cap
211802;Aisle;Yes;1378;Aisle
211803;Aisle;No;810;Aisle
211804;End-cap;No;928;End-cap
211805;Front of Store;No;871;Front of Store
211806;Aisle;No;865;Aisle
211807;Front of Store;No;880;Front of Store
211808;Front of Store;No;855;Front of Store
211809;End-cap;No;772;End-cap
211810;End-cap;No;695;End-cap
211811;Aisle;Yes;1410;Aisle
211812;Front of Store;Yes;1479;Front of Store
211813;Aisle;Yes;1324;Aisle
211814;Aisle;No;938;Aisle
211815;Aisle;No;675;Aisle
211816;Aisle;No;839;Aisle
211817;Aisle;Yes;1414;Aisle
211818;End-cap;Yes;1257;End-cap
211819;Aisle;Yes;1345;Aisle
211820;End-cap;No;745;End-cap
211821;End-cap;No;837;End-cap
211822;Aisle;Yes;1296;Aisle
211823;End-cap;No;690;End-cap
211824;Aisle;No;920;Aisle
211825;Front of Store;No;973;Front of Store
211826;Front of Store;Yes;1345;Front of Store
211827;End-cap;Yes;1504;End-cap
211828;Front of Store;No;901;Front of Store
211829;Front of Store;Yes;1253;Front of Store
211830;End-cap;No;790;End-cap
211831;End-cap;Yes;1576;End-cap
211832;Aisle;Yes;1354;Aisle
211833;End-cap;Yes;1417;End-cap
211834;Front of Store;No;1058;Front of Store
211835;Front of Store;Yes;1491;Front of Store
211836;End-cap;Yes;1234;End-cap
211837;End-cap;Yes;1469;End-cap
211838;Aisle;No;723;Aisle
211839;Aisle;Yes;1368;Aisle
211840;Aisle;No;888;Aisle
211841;End-cap;No;969;End-cap
211842;Aisle;No;809;Aisle
211843;Aisle;No;823;Aisle
211844;Front of Store;Yes;1509;Front of Store
211845;End-cap;No;904;End-cap
211846;Aisle;No;942;Aisle
211847;End-cap;Yes;1464;End-cap
211848;End-cap;Yes;1415;End-cap
211849;Front of Store;No;1099;Front of Store
211850;End-cap;No;905;End-cap
211851;Aisle;Yes;1172;Aisle
211852;Aisle;No;762;Aisle
211853;Front of Store;No;860;Front of Store
211854;Aisle;No;802;Aisle
211855;Front of Store;Yes;1384;Front of Store
211856;End-cap;No;590;End-cap
211857;Front of Store;Yes;1498;Front of Store
211858;Front of Store;No;780;Front of Store
211859;Aisle;Yes;1559;Aisle
211860;Aisle;Yes;1329;Aisle
211861;Front of Store;No;811;Front of Store
211862;End-cap;No;842;End-cap
211863;Front of Store;Yes;1471;Front of Store
211864;Aisle;Yes;1298;Aisle
211865;Front of Store;No;884;Front of Store
211866;Aisle;No;752;Aisle
211867;Aisle;No;879;Aisle
211868;Aisle;No;1019;Aisle
211869;End-cap;No;1011;End-cap
211870;Aisle;Yes;1267;Aisle
211871;Front of Store;Yes;1539;Front of Store
211872;End-cap;Yes;1513;End-cap
211873;Front of Store;Yes;1633;Front of Store
211874;Front of Store;Yes;1390;Front of Store
211875;Aisle;Yes;1358;Aisle
211876;Front of Store;No;880;Front of Store
211877;Front of Store;Yes;1509;Front of Store
211878;End-cap;Yes;1529;End-cap
211879;Aisle;No;880;Aisle
211880;Front of Store;No;842;Front of Store
211881;Front of Store;Yes;1287;Front of Store
211882;End-cap;Yes;1432;End-cap
211883;Aisle;No;827;Aisle
211884;Aisle;No;812;Aisle
211885;End-cap;No;694;End-cap
211886;Aisle;Yes;1110;Aisle
211887;End-cap;Yes;1671;End-cap
211888;Aisle;No;746;Aisle
211889;End-cap;Yes;1536;End-cap
211890;Aisle;No;959;Aisle
211891;Front of Store;No;902;Front of Store
211892;End-cap;Yes;1495;End-cap
211893;End-cap;No;1000;End-cap
211894;Aisle;Yes;1024;Aisle
211895;Aisle;No;653;Aisle
211896;End-cap;No;971;End-cap
211897;End-cap;Yes;1416;End-cap
211898;Aisle;No;1047;Aisle
211899;Aisle;Yes;1217;Aisle
211900;End-cap;No;1014;End-cap
211901;Aisle;No;900;Aisle
211902;Front of Store;No;890;Front of Store
211903;Aisle;Yes;1516;Aisle
211904;End-cap;Yes;1501;End-cap
211905;Aisle;Yes;1150;Aisle
211906;Aisle;No;886;Aisle
211907;End-cap;Yes;1559;End-cap
211908;Aisle;No;940;Aisle
211909;Front of Store;Yes;1189;Front of Store
211910;End-cap;No;801;End-cap
211911;End-cap;No;1072;End-cap
211912;Front of Store;No;987;Front of Store
211913;End-cap;No;774;End-cap
211914;Aisle;No;983;Aisle
211915;Aisle;No;873;Aisle
211916;End-cap;No;818;End-cap
211917;End-cap;Yes;1412;End-cap
211918;Aisle;No;855;Aisle
211919;End-cap;Yes;1494;End-cap
211920;Front of Store;Yes;1443;Front of Store
211921;Aisle;Yes;1606;Aisle
211922;End-cap;Yes;1431;End-cap
211923;Aisle;No;792;Aisle
211924;End-cap;No;785;End-cap
211925;Front of Store;No;1080;Front of Store
211926;Front of Store;Yes;1493;Front of Store
211927;Front of Store;Yes;1322;Front of Store
211928;Front of Store;No;1004;Front of Store
211929;Aisle;No;889;Aisle
211930;End-cap;Yes;1401;End-cap
211931;Front of Store;No;769;Front of Store
211932;End-cap;Yes;1560;End-cap
211933;Aisle;No;960;Aisle
211934;Front of Store;No;805;Front of Store
211935;End-cap;No;867;End-cap
211936;Aisle;Yes;1363;Aisle
211937;End-cap;Yes;1500;End-cap
211938;End-cap;No;833;End-cap
211939;End-cap;Yes;1459;End-cap
211940;Front of Store;No;962;Front of Store
211941;End-cap;No;861;End-cap
211942;End-cap;No;918;End-cap
211943;Aisle;No;922;Aisle
211944;Front of Store;No;730;Front of Store
211945;Aisle;No;803;Aisle
211946;Aisle;No;637;Aisle
211947;End-cap;No;722;End-cap
211948;Aisle;No;1068;Aisle
211949;Aisle;No;945;Aisle
211950;End-cap;Yes;1147;End-cap
211951;End-cap;Yes;1285;End-cap
211952;Aisle;No;968;Aisle
211953;Aisle;No;835;Aisle
211954;Aisle;No;846;Aisle
211955;End-cap;No;800;End-cap
211956;Aisle;No;1010;Aisle
211957;Aisle;No;801;Aisle
211958;End-cap;No;1114;End-cap
211959;End-cap;No;826;End-cap
211960;Aisle;Yes;1250;Aisle
211961;Aisle;Yes;1449;Aisle
211962;Front of Store;Yes;1435;Front of Store
211963;Front of Store;No;912;Front of Store
211964;End-cap;No;959;End-cap
211965;Aisle;Yes;1619;Aisle
211966;End-cap;Yes;1564;End-cap
211967;Aisle;Yes;1396;Aisle
211968;End-cap;Yes;1608;End-cap
211969;Aisle;Yes;1236;Aisle
211970;Front of Store;No;830;Front of Store
211971;End-cap;No;1027;End-cap
211972;Aisle;Yes;1611;Aisle
211973;Aisle;Yes;1415;Aisle
211974;Aisle;No;966;Aisle
211975;End-cap;No;1005;End-cap
211976;End-cap;No;885;End-cap
211977;Front of Store;No;841;Front of Store
211978;Front of Store;No;777;Front of Store
211979;Aisle;No;964;Aisle
211980;Aisle;No;793;Aisle
211981;End-cap;No;990;End-cap
211982;Front of Store;No;789;Front of Store
211983;Front of Store;No;839;Front of Store
211984;Aisle;No;784;Aisle
211985;End-cap;No;1065;End-cap
211986;Aisle;Yes;1389;Aisle
211987;Aisle;No;737;Aisle
211988;Aisle;No;842;Aisle
211989;Aisle;Yes;1470;Aisle
211990;Front of Store;No;792;Front of Store
211991;Front of Store;Yes;1514;Front of Store
211992;Aisle;No;821;Aisle
211993;Aisle;Yes;1208;Aisle
211994;Front of Store;No;976;Front of Store
211995;Aisle;No;921;Aisle
211996;Front of Store;Yes;1376;Front of Store
211997;End-cap;No;943;End-cap
211998;Aisle;Yes;1180;Aisle
211999;Aisle;No;947;Aisle
212000;Aisle;No;918;Aisle
212001;Aisle;Yes;1613;Aisle
212002;Front of Store;Yes;1513;Front of Store
212003;End-cap;No;786;End-cap
212004;Aisle;Yes;1568;Aisle
212005;End-cap;Yes;1428;End-cap
212006;End-cap;No;737;End-cap
212007;Front of Store;No;823;Front of Store
212008;Front of Store;No;752;Front of Store
212009;Aisle;Yes;1274;Aisle
212010;Front of Store;Yes;1306;Front of Store
212011;Front of Store;No;808;Front of Store
212012;End-cap;Yes;1394;End-cap
212013;End-cap;Yes;1239;End-cap
212014;End-cap;Yes;1687;End-cap
212015;Front of Store;No;969;Front of Store
212016;Aisle;No;919;Aisle
212017;Front of Store;No;987;Front of Store
212018;Aisle;Yes;1415;Aisle
212019;Front of Store;Yes;1419;Front of Store
212020;Aisle;No;1056;Aisle
212021;Aisle;No;796;Aisle
212022;Aisle;No;851;Aisle
212023;End-cap;No;1042;End-cap
212024;Front of Store;No;1038;Front of Store
212025;Aisle;No;838;Aisle
212026;End-cap;Yes;1224;End-cap
212027;Front of Store;Yes;1499;Front of Store
212028;Front of Store;No;819;Front of Store
212029;Aisle;No;789;Aisle
212030;Front of Store;Yes;1370;Front of Store
212031;Aisle;Yes;1468;Aisle
212032;Front of Store;Yes;1479;Front of Store
212033;Front of Store;No;790;Front of Store
212034;Front of Store;No;787;Front of Store
212035;Front of Store;No;854;Front of Store
212036;Aisle;No;967;Aisle
212037;End-cap;Yes;1343;End-cap
212038;End-cap;Yes;1190;End-cap
212039;Front of Store;No;1021;Front of Store
212040;Aisle;Yes;1625;Aisle
212041;End-cap;No;931;End-cap
212042;Aisle;Yes;1656;Aisle
212043;Aisle;No;985;Aisle
212044;Front of Store;Yes;1468;Front of Store
212045;End-cap;Yes;1293;End-cap
212046;Front of Store;No;745;Front of Store
212047;Aisle;No;939;Aisle
212048;End-cap;Yes;1050;End-cap
212049;End-cap;No;906;End-cap
212050;End-cap;No;793;End-cap
212051;End-cap;No;771;End-cap
212052;End-cap;Yes;1609;End-cap
212053;Front of Store;No;733;Front of Store
212054;Front of Store;No;897;Front of Store
212055;Aisle;No;850;Aisle
212056;Aisle;Yes;1446;Aisle
212057;Front of Store;Yes;1438;Front of Store
212058;End-cap;No;1082;End-cap
212059;End-cap;No;926;End-cap
212060;Aisle;No;832;Aisle
212061;Front of Store;No;1024;Front of Store
212062;End-cap;No;797;End-cap
212063;Aisle;Yes;1255;Aisle
212064;Aisle;Yes;1345;Aisle
212065;Front of Store;No;782;Front of Store
212066;Aisle;No;1022;Aisle
212067;Aisle;Yes;1529;Aisle
212068;Front of Store;Yes;1330;Front of Store
212069;Aisle;Yes;1223;Aisle
212070;Front of Store;No;773;Front of Store
212071;Aisle;Yes;1433;Aisle
212072;End-cap;No;996;End-cap
212073;End-cap;Yes;1354;End-cap
212074;End-cap;Yes;1390;End-cap
212075;Aisle;Yes;1406;Aisle
212076;Front of Store;No;868;Front of Store
212077;Aisle;Yes;1288;Aisle
212078;End-cap;Yes;1341;End-cap
212079;End-cap;Yes;1669;End-cap
212080;Aisle;Yes;1534;Aisle
212081;End-cap;Yes;1392;End-cap
212082;Aisle;No;979;Aisle
212083;Aisle;No;829;Aisle
212084;Front of Store;Yes;1290;Front of Store
212085;Aisle;No;891;Aisle
212086;Front of Store;Yes;1293;Front of Store
212087;End-cap;Yes;1427;End-cap
212088;Front of Store;No;869;Front of Store
212089;End-cap;Yes;1559;End-cap
212090;Front of Store;No;886;Front of Store
212091;Front of Store;No;1011;Front of Store
212092;End-cap;Yes;1719;End-cap
212093;Aisle;No;929;Aisle
212094;End-cap;No;988;End-cap
212095;Front of Store;No;767;Front of Store
212096;Aisle;Yes;1502;Aisle
212097;Front of Store;No;855;Front of Store
212098;Front of Store;No;929;Front of Store
212099;Front of Store;Yes;1154;Front of Store
212100;Front of Store;No;788;Front of Store
212101;Front of Store;No;778;Front of Store
212102;End-cap;No;775;End-cap
212103;Aisle;Yes;1278;Aisle
212104;End-cap;No;861;End-cap
212105;End-cap;No;867;End-cap
212106;End-cap;Yes;1440;End-cap
212107;Front of Store;No;944;Front of Store
212108;End-cap;Yes;1352;End-cap
212109;End-cap;Yes;1339;End-cap
212110;Front of Store;Yes;1496;Front of Store
212111;End-cap;Yes;1485;End-cap
212112;Aisle;No;823;Aisle
212113;End-cap;Yes;1382;End-cap
212114;Aisle;Yes;1447;Aisle
212115;Aisle;No;727;Aisle
212116;End-cap;No;877;End-cap
212117;End-cap;No;849;End-cap
212118;End-cap;Yes;1426;End-cap
212119;Aisle;Yes;1503;Aisle
212120;End-cap;Yes;1456;End-cap
212121;End-cap;Yes;1530;End-cap
212122;Front of Store;Yes;1318;Front of Store
212123;End-cap;No;914;End-cap
212124;End-cap;No;874;End-cap
212125;End-cap;No;995;End-cap
212126;Aisle;No;860;Aisle
212127;Aisle;Yes;1298;Aisle
212128;End-cap;No;731;End-cap
212129;Aisle;Yes;1588;Aisle
212130;Aisle;No;979;Aisle
212131;Aisle;No;712;Aisle
212132;End-cap;No;920;End-cap
212133;Aisle;Yes;1315;Aisle
212134;Front of Store;No;801;Front of Store
212135;End-cap;No;1047;End-cap
212136;End-cap;Yes;1410;End-cap
212137;Front of Store;No;851;Front of Store
212138;Aisle;Yes;1393;Aisle
212139;End-cap;No;881;End-cap
212140;Aisle;No;831;Aisle
212141;End-cap;No;716;End-cap
212142;Aisle;No;891;Aisle
212143;Aisle;Yes;1465;Aisle
212144;Front of Store;Yes;1758;Front of Store
212145;Front of Store;No;661;Front of Store
212146;Front of Store;No;784;Front of Store
212147;Aisle;No;703;Aisle
212148;Aisle;Yes;1515;Aisle
212149;End-cap;Yes;1353;End-cap
212150;Aisle;Yes;1249;Aisle
212151;Aisle;Yes;1618;Aisle
212152;Aisle;No;818;Aisle
212153;End-cap;No;846;End-cap
212154;Aisle;No;923;Aisle
212155;End-cap;Yes;1373;End-cap
212156;Front of Store;No;961;Front of Store
212157;Front of Store;Yes;1269;Front of Store
212158;Aisle;No;1125;Aisle
212159;End-cap;No;864;End-cap
212160;Aisle;No;924;Aisle
212161;Front of Store;Yes;1303;Front of Store
212162;Front of Store;No;756;Front of Store
212163;Aisle;No;1087;Aisle
212164;Front of Store;No;974;Front of Store
212165;End-cap;No;857;End-cap
212166;Aisle;Yes;1645;Aisle
212167;Front of Store;No;826;Front of Store
212168;Aisle;No;817;Aisle
212169;End-cap;Yes;1385;End-cap
212170;Aisle;Yes;1349;Aisle
212171;End-cap;No;1067;End-cap
212172;Front of Store;No;795;Front of Store
212173;End-cap;Yes;1365;End-cap
212174;Aisle;No;858;Aisle
212175;End-cap;No;892;End-cap
212176;Front of Store;Yes;1578;Front of Store
212177;Aisle;Yes;1541;Aisle
212178;End-cap;No;810;End-cap
212179;Aisle;No;1036;Aisle
212180;End-cap;Yes;1368;End-cap
212181;Aisle;No;804;Aisle
212182;Aisle;No;830;Aisle
212183;Aisle;No;1106;Aisle
212184;Aisle;Yes;1547;Aisle
212185;Aisle;No;795;Aisle
212186;Aisle;No;836;Aisle
212187;End-cap;Yes;1257;End-cap
212188;End-cap;Yes;1369;End-cap
212189;End-cap;No;833;End-cap
212190;Front of Store;No;868;Front of Store
212191;Front of Store;No;1051;Front of Store
212192;Aisle;No;856;Aisle
212193;Front of Store;No;877;Front of Store
212194;Front of Store;Yes;1643;Front of Store
212195;End-cap;No;662;End-cap
212196;Aisle;No;838;Aisle
212197;Aisle;Yes;1624;Aisle
212198;Aisle;No;845;Aisle
212199;End-cap;Yes;1291;End-cap
212200;End-cap;Yes;1578;End-cap
212201;Front of Store;Yes;1803;Front of Store
212202;Front of Store;No;847;Front of Store
212203;Aisle;No;815;Aisle
212204;Aisle;Yes;1303;Aisle
212205;End-cap;Yes;1393;End-cap
212206;Front of Store;No;760;Front of Store
212207;End-cap;No;853;End-cap
212208;Front of Store;Yes;1484;Front of Store
212209;End-cap;Yes;1342;End-cap
212210;Aisle;Yes;1294;Aisle
212211;Aisle;No;1066;Aisle
212212;End-cap;No;704;End-cap
212213;End-cap;No;833;End-cap
212214;Front of Store;No;1083;Front of Store
212215;Aisle;Yes;1322;Aisle
212216;Aisle;No;807;Aisle
212217;Front of Store;No;706;Front of Store
212218;End-cap;No;891;End-cap
212219;End-cap;Yes;1527;End-cap
212220;Front of Store;No;976;Front of Store
212221;End-cap;No;951;End-cap
212222;Aisle;Yes;1396;Aisle
212223;Aisle;No;690;Aisle
212224;Aisle;Yes;1741;Aisle
212225;End-cap;No;788;End-cap
212226;Aisle;Yes;1341;Aisle
212227;Aisle;Yes;1528;Aisle
212228;End-cap;No;988;End-cap
212229;Front of Store;Yes;1501;Front of Store
212230;Front of Store;Yes;1539;Front of Store
212231;End-cap;No;865;End-cap
212232;End-cap;Yes;1144;End-cap
212233;Front of Store;No;829;Front of Store
212234;Front of Store;No;813;Front of Store
212235;End-cap;No;890;End-cap
212236;End-cap;Yes;1286;End-cap
212237;Front of Store;Yes;1512;Front of Store
212238;Aisle;Yes;1080;Aisle
212239;End-cap;No;877;End-cap
212240;Aisle;No;765;Aisle
212241;Front of Store;No;652;Front of Store
212242;Aisle;No;830;Aisle
212243;Front of Store;No;839;Front of Store
212244;Aisle;No;869;Aisle
212245;Aisle;Yes;1774;Aisle
212246;Aisle;No;824;Aisle
212247;Aisle;Yes;1192;Aisle
212248;Front of Store;Yes;1660;Front of Store
212249;End-cap;Yes;1802;End-cap
212250;Aisle;Yes;1465;Aisle
212251;Aisle;No;967;Aisle
212252;End-cap;Yes;1269;End-cap
212253;Front of Store;Yes;1604;Front of Store
212254;Aisle;Yes;1414;Aisle
212255;End-cap;No;944;End-cap
212256;Front of Store;No;993;Front of Store
212257;End-cap;No;850;End-cap
212258;End-cap;No;818;End-cap
212259;End-cap;Yes;1127;End-cap
212260;End-cap;Yes;1297;End-cap
212261;Aisle;Yes;1320;Aisle
212262;End-cap;No;836;End-cap
212263;End-cap;Yes;1324;End-cap
212264;Aisle;No;766;Aisle
212265;Front of Store;Yes;1434;Front of Store
212266;Aisle;Yes;1274;Aisle
212267;Front of Store;Yes;1549;Front of Store
212268;End-cap;Yes;1344;End-cap
212269;Front of Store;No;820;Front of Store
212270;End-cap;No;639;End-cap
212271;Aisle;No;934;Aisle
212272;Aisle;Yes;1101;Aisle
212273;Aisle;No;958;Aisle
212274;Aisle;Yes;1252;Aisle
212275;Aisle;Yes;1190;Aisle
212276;End-cap;No;534;End-cap
212277;Aisle;No;700;Aisle
212278;End-cap;No;994;End-cap
212279;Aisle;Yes;1725;Aisle
212280;Aisle;Yes;1180;Aisle
212281;End-cap;No;1026;End-cap
212282;Aisle;No;922;Aisle
212283;Front of Store;Yes;1325;Front of Store
212284;Front of Store;Yes;1763;Front of Store
212285;Aisle;Yes;1331;Aisle
212286;End-cap;No;813;End-cap
212287;Front of Store;No;802;Front of Store
212288;End-cap;No;918;End-cap
212289;End-cap;Yes;947;End-cap
212290;End-cap;Yes;1277;End-cap
212291;Aisle;Yes;1150;Aisle
212292;End-cap;No;752;End-cap
212293;Aisle;No;1078;Aisle
212294;End-cap;Yes;1469;End-cap
212295;End-cap;Yes;1219;End-cap
212296;Front of Store;Yes;1239;Front of Store
212297;Front of Store;No;655;Front of Store
212298;End-cap;No;806;End-cap
212299;Front of Store;Yes;1416;Front of Store
212300;End-cap;Yes;1454;End-cap
212301;Aisle;Yes;1434;Aisle
212302;Front of Store;No;922;Front of Store
212303;Aisle;Yes;1457;Aisle
212304;Front of Store;No;900;Front of Store
212305;Aisle;No;935;Aisle
212306;Front of Store;Yes;1395;Front of Store
212307;Front of Store;No;751;Front of Store
212308;Front of Store;No;868;Front of Store
212309;End-cap;No;884;End-cap
212310;Aisle;No;798;Aisle
212311;End-cap;Yes;1453;End-cap
212312;Aisle;No;1007;Aisle
212313;End-cap;No;947;End-cap
212314;Front of Store;Yes;1567;Front of Store
212315;End-cap;No;1012;End-cap
212316;Front of Store;Yes;1347;Front of Store
212317;Aisle;Yes;1367;Aisle
212318;Front of Store;No;798;Front of Store
212319;End-cap;Yes;1529;End-cap
212320;End-cap;Yes;1459;End-cap
212321;Front of Store;No;907;Front of Store
212322;Front of Store;No;811;Front of Store
212323;Aisle;Yes;1280;Aisle
212324;Front of Store;Yes;1600;Front of Store
212325;Aisle;No;723;Aisle
212326;Front of Store;No;783;Front of Store
212327;Front of Store;No;666;Front of Store
212328;Aisle;No;909;Aisle
212329;Aisle;No;943;Aisle
212330;End-cap;No;725;End-cap
212331;Aisle;Yes;1176;Aisle
212332;Aisle;No;732;Aisle
212333;Front of Store;No;938;Front of Store
212334;Aisle;No;929;Aisle
212335;End-cap;No;653;End-cap
212336;Aisle;Yes;1398;Aisle
212337;End-cap;Yes;1513;End-cap
212338;End-cap;No;1054;End-cap
212339;End-cap;Yes;1546;End-cap
212340;Aisle;No;820;Aisle
212341;End-cap;Yes;1499;End-cap
212342;End-cap;No;1103;End-cap
212343;Aisle;Yes;1458;Aisle
212344;Aisle;No;740;Aisle
212345;Front of Store;No;984;Front of Store
212346;End-cap;No;872;End-cap
212347;Aisle;No;953;Aisle
212348;End-cap;No;893;End-cap
212349;End-cap;No;737;End-cap
212350;Front of Store;Yes;1315;Front of Store
212351;Front of Store;No;704;Front of Store
212352;Aisle;No;832;Aisle
212353;Front of Store;No;1114;Front of Store
212354;Aisle;Yes;1501;Aisle
212355;End-cap;Yes;1511;End-cap
212356;Front of Store;Yes;1684;Front of Store
212357;End-cap;No;1044;End-cap
212358;Aisle;No;958;Aisle
212359;Aisle;No;749;Aisle
212360;Aisle;Yes;1481;Aisle
212361;Aisle;Yes;1320;Aisle
212362;End-cap;No;840;End-cap
212363;End-cap;No;870;End-cap
212364;End-cap;No;889;End-cap
212365;End-cap;No;995;End-cap
212366;Front of Store;No;975;Front of Store
212367;Aisle;Yes;1492;Aisle
212368;End-cap;No;1065;End-cap
212369;End-cap;No;743;End-cap
212370;End-cap;No;809;End-cap
212371;Aisle;No;972;Aisle
212372;Aisle;No;948;Aisle
212373;End-cap;No;795;End-cap
212374;Aisle;Yes;1423;Aisle
212375;Aisle;No;846;Aisle
212376;Aisle;Yes;1376;Aisle
212377;Aisle;No;1006;Aisle
212378;End-cap;No;866;End-cap
212379;Front of Store;Yes;1346;Front of Store
212380;Aisle;No;743;Aisle
212381;Aisle;Yes;1305;Aisle
212382;Aisle;Yes;1449;Aisle
212383;Aisle;No;712;Aisle
212384;Front of Store;Yes;1545;Front of Store
212385;Aisle;No;784;Aisle
212386;Aisle;Yes;1103;Aisle
212387;End-cap;No;831;End-cap
212388;End-cap;No;794;End-cap
212389;End-cap;Yes;1401;End-cap
212390;Aisle;No;978;Aisle
212391;Aisle;Yes;1481;Aisle
212392;Aisle;No;970;Aisle
212393;End-cap;No;849;End-cap
212394;End-cap;No;1004;End-cap
212395;Aisle;No;809;Aisle
212396;End-cap;No;708;End-cap
212397;End-cap;No;747;End-cap
212398;Front of Store;Yes;1284;Front of Store
212399;End-cap;Yes;1419;End-cap
212400;End-cap;No;713;End-cap
212401;Front of Store;Yes;1269;Front of Store
212402;End-cap;Yes;1335;End-cap
212403;End-cap;Yes;1329;End-cap
212404;End-cap;No;925;End-cap
212405;Front of Store;Yes;1422;Front of Store
212406;Aisle;Yes;1416;Aisle
212407;Front of Store;Yes;1800;Front of Store
212408;End-cap;Yes;1416;End-cap
212409;Front of Store;No;772;Front of Store
212410;Aisle;No;947;Aisle
212411;End-cap;No;733;End-cap
212412;End-cap;No;1143;End-cap
212413;Aisle;No;636;Aisle
212414;End-cap;No;684;End-cap
212415;Aisle;No;839;Aisle
212416;End-cap;No;864;End-cap
212417;Front of Store;No;810;Front of Store
212418;Front of Store;Yes;1338;Front of Store
212419;Aisle;No;871;Aisle
212420;Aisle;Yes;1374;Aisle
212421;Front of Store;No;986;Front of Store
212422;Front of Store;No;917;Front of Store
212423;Aisle;Yes;1459;Aisle
212424;End-cap;No;840;End-cap
212425;Front of Store;Yes;1264;Front of Store
212426;Aisle;No;830;Aisle
212427;Aisle;No;990;Aisle
212428;Aisle;Yes;1858;Aisle
212429;Front of Store;No;828;Front of Store
212430;Front of Store;No;1016;Front of Store
212431;Aisle;No;1051;Aisle
212432;Aisle;Yes;1423;Aisle
212433;End-cap;Yes;1430;End-cap
212434;Front of Store;Yes;1348;Front of Store
212435;Front of Store;Yes;1668;Front of Store
212436;Aisle;No;784;Aisle
212437;End-cap;Yes;1261;End-cap
212438;Front of Store;No;804;Front of Store
212439;Front of Store;Yes;1490;Front of Store
212440;Aisle;No;791;Aisle
212441;End-cap;No;1061;End-cap
212442;End-cap;No;893;End-cap
212443;Aisle;No;916;Aisle
212444;Aisle;No;766;Aisle
212445;Aisle;Yes;1303;Aisle
212446;Front of Store;Yes;1347;Front of Store
212447;End-cap;No;899;End-cap
212448;Front of Store;No;723;Front of Store
212449;Aisle;Yes;1261;Aisle
212450;End-cap;No;833;End-cap
212451;End-cap;No;883;End-cap
212452;Aisle;No;893;Aisle
212453;Front of Store;No;822;Front of Store
212454;Aisle;Yes;1232;Aisle
212455;End-cap;Yes;1348;End-cap
212456;Aisle;No;892;Aisle
212457;Aisle;No;834;Aisle
212458;Front of Store;Yes;1356;Front of Store
212459;End-cap;Yes;1416;End-cap
212460;Aisle;Yes;1719;Aisle
212461;End-cap;Yes;1444;End-cap
212462;Front of Store;Yes;1176;Front of Store
212463;Front of Store;Yes;1409;Front of Store
212464;End-cap;Yes;1505;End-cap
212465;Aisle;Yes;1523;Aisle
212466;Front of Store;No;885;Front of Store
212467;Aisle;No;832;Aisle
212468;End-cap;No;765;End-cap
212469;Aisle;No;801;Aisle
212470;Aisle;No;911;Aisle
212471;Aisle;No;891;Aisle
212472;End-cap;No;884;End-cap
212473;End-cap;No;973;End-cap
212474;Front of Store;No;880;Front of Store
212475;End-cap;No;929;End-cap
212476;End-cap;Yes;1594;End-cap
212477;End-cap;No;843;End-cap
212478;End-cap;No;878;End-cap
212479;Aisle;No;739;Aisle
212480;Front of Store;Yes;1333;Front of Store
212481;End-cap;Yes;1384;End-cap
212482;Front of Store;No;1076;Front of Store
212483;End-cap;No;908;End-cap
212484;End-cap;Yes;1292;End-cap
212485;Aisle;No;796;Aisle
212486;Front of Store;No;962;Front of Store
212487;Front of Store;No;850;Front of Store
212488;End-cap;No;826;End-cap
212489;End-cap;No;953;End-cap
212490;Front of Store;No;956;Front of Store
212491;Front of Store;Yes;1496;Front of Store
212492;End-cap;No;911;End-cap
212493;Aisle;No;824;Aisle
212494;End-cap;No;853;End-cap
212495;Aisle;No;635;Aisle
212496;Aisle;No;925;Aisle
212497;Aisle;No;933;Aisle
212498;Aisle;Yes;1638;Aisle
212499;Front of Store;Yes;1211;Front of Store
212500;Front of Store;Yes;1567;Front of Store
212501;Front of Store;No;718;Front of Store
212502;Aisle;Yes;1684;Aisle
212503;Front of Store;No;983;Front of Store
212504;Front of Store;No;824;Front of Store
212505;End-cap;No;928;End-cap
212506;Front of Store;Yes;1285;Front of Store
212507;Aisle;Yes;1596;Aisle
212508;End-cap;No;826;End-cap
212509;End-cap;No;827;End-cap
212510;Aisle;No;736;Aisle
212511;End-cap;Yes;1556;End-cap
212512;Aisle;No;902;Aisle
212513;Aisle;Yes;1453;Aisle
212514;Aisle;Yes;1547;Aisle
212515;Front of Store;Yes;1343;Front of Store
212516;Front of Store;No;916;Front of Store
212517;Aisle;Yes;1677;Aisle
212518;Aisle;No;851;Aisle
212519;Aisle;No;681;Aisle
212520;End-cap;No;844;End-cap
212521;Front of Store;Yes;1458;Front of Store
212522;End-cap;No;829;End-cap
212523;Front of Store;No;915;Front of Store
212524;Aisle;No;870;Aisle
212525;End-cap;No;1051;End-cap
212526;End-cap;No;829;End-cap
212527;End-cap;No;891;End-cap
212528;Front of Store;Yes;1452;Front of Store
212529;End-cap;Yes;1489;End-cap
212530;End-cap;No;804;End-cap
212531;End-cap;No;815;End-cap
212532;Aisle;Yes;1655;Aisle
212533;End-cap;No;991;End-cap
212534;Aisle;Yes;1718;Aisle
212535;Aisle;No;891;Aisle
212536;Aisle;No;821;Aisle
212537;Aisle;No;924;Aisle
212538;Front of Store;No;1004;Front of Store
212539;End-cap;No;820;End-cap
212540;Front of Store;Yes;1402;Front of Store
212541;Aisle;Yes;1811;Aisle
212542;Front of Store;Yes;1549;Front of Store
212543;End-cap;Yes;1360;End-cap
212544;End-cap;Yes;1500;End-cap
212545;Aisle;Yes;1305;Aisle
212546;Front of Store;Yes;1677;Front of Store
212547;Aisle;No;958;Aisle
212548;Aisle;Yes;1437;Aisle
212549;End-cap;No;852;End-cap
212550;Front of Store;Yes;1464;Front of Store
212551;Aisle;No;838;Aisle
212552;End-cap;No;840;End-cap
212553;Front of Store;No;904;Front of Store
212554;Aisle;No;855;Aisle
212555;Front of Store;Yes;1329;Front of Store
212556;End-cap;No;888;End-cap
212557;Aisle;No;918;Aisle
212558;Aisle;No;779;Aisle
212559;Aisle;No;948;Aisle
212560;Aisle;No;1024;Aisle
212561;Front of Store;No;847;Front of Store
212562;End-cap;Yes;1479;End-cap
212563;Aisle;No;928;Aisle
212564;End-cap;Yes;1249;End-cap
212565;Front of Store;No;913;Front of Store
212566;End-cap;No;843;End-cap
212567;Front of Store;No;741;Front of Store
212568;Aisle;Yes;1507;Aisle
212569;Aisle;No;918;Aisle
212570;End-cap;No;845;End-cap
212571;Aisle;Yes;1229;Aisle
212572;Aisle;No;743;Aisle
212573;End-cap;No;1008;End-cap
212574;Aisle;Yes;1733;Aisle
212575;Aisle;Yes;1341;Aisle
212576;End-cap;No;959;End-cap
212577;End-cap;No;778;End-cap
212578;Front of Store;No;756;Front of Store
212579;Front of Store;Yes;1048;Front of Store
212580;Front of Store;Yes;1314;Front of Store
212581;Aisle;Yes;1502;Aisle
212582;Aisle;Yes;1426;Aisle
212583;End-cap;Yes;1468;End-cap
212584;Front of Store;Yes;1455;Front of Store
212585;Aisle;No;817;Aisle
212586;End-cap;Yes;1232;End-cap
212587;Front of Store;Yes;1536;Front of Store
212588;Aisle;Yes;1382;Aisle
212589;Aisle;No;855;Aisle
212590;Aisle;No;854;Aisle
212591;Aisle;No;717;Aisle
212592;End-cap;No;1006;End-cap
212593;Aisle;No;794;Aisle
212594;End-cap;No;1039;End-cap
212595;End-cap;Yes;1243;End-cap
212596;Aisle;Yes;1585;Aisle
212597;Front of Store;Yes;1382;Front of Store
212598;Aisle;Yes;1551;Aisle
212599;End-cap;No;734;End-cap
212600;Aisle;No;886;Aisle
212601;Front of Store;No;894;Front of Store
212602;Front of Store;No;823;Front of Store
212603;End-cap;Yes;1316;End-cap
212604;End-cap;Yes;1324;End-cap
212605;Aisle;Yes;1184;Aisle
212606;Front of Store;Yes;1119;Front of Store
212607;End-cap;No;830;End-cap
212608;Aisle;Yes;1266;Aisle
212609;Aisle;No;1139;Aisle
212610;End-cap;No;866;End-cap
212611;Aisle;No;984;Aisle
212612;Aisle;Yes;1365;Aisle
212613;Aisle;No;1112;Aisle
212614;End-cap;Yes;1696;End-cap
212615;Front of Store;Yes;1285;Front of Store
212616;Aisle;Yes;1390;Aisle
212617;Aisle;No;930;Aisle
212618;End-cap;No;940;End-cap
212619;Front of Store;No;924;Front of Store
212620;End-cap;No;777;End-cap
212621;End-cap;Yes;1335;End-cap
212622;End-cap;No;806;End-cap
212623;End-cap;No;830;End-cap
212624;Front of Store;No;898;Front of Store
212625;Aisle;No;582;Aisle
212626;End-cap;No;939;End-cap
212627;Aisle;No;893;Aisle
212628;End-cap;No;804;End-cap
212629;End-cap;Yes;1481;End-cap
212630;Aisle;No;792;Aisle
212631;Aisle;No;1153;Aisle
212632;End-cap;Yes;1342;End-cap
212633;Front of Store;Yes;1532;Front of Store
212634;Front of Store;Yes;1790;Front of Store
212635;End-cap;No;785;End-cap
212636;End-cap;No;1047;End-cap
212637;Aisle;No;857;Aisle
212638;Front of Store;Yes;1377;Front of Store
212639;Front of Store;No;809;Front of Store
212640;Front of Store;No;1008;Front of Store
212641;End-cap;Yes;1687;End-cap
212642;End-cap;No;937;End-cap
212643;Front of Store;No;1088;Front of Store
212644;End-cap;No;819;End-cap
212645;End-cap;No;783;End-cap
212646;End-cap;No;737;End-cap
212647;Aisle;No;933;Aisle
212648;End-cap;No;709;End-cap
212649;Front of Store;Yes;1435;Front of Store
212650;Front of Store;No;915;Front of Store
212651;Front of Store;Yes;1393;Front of Store
212652;Aisle;No;1139;Aisle
212653;Front of Store;No;737;Front of Store
212654;Aisle;Yes;1596;Aisle
212655;End-cap;Yes;1425;End-cap
212656;Aisle;No;892;Aisle
212657;End-cap;No;911;End-cap
212658;Aisle;No;960;Aisle
212659;Aisle;Yes;1290;Aisle
212660;Front of Store;Yes;1471;Front of Store
212661;Front of Store;No;846;Front of Store
212662;Aisle;Yes;1398;Aisle
212663;Front of Store;No;831;Front of Store
212664;End-cap;Yes;1557;End-cap
212665;Front of Store;Yes;1536;Front of Store
212666;Aisle;No;984;Aisle
212667;End-cap;Yes;1585;End-cap
212668;End-cap;No;955;End-cap
212669;End-cap;Yes;1408;End-cap
212670;End-cap;Yes;1299;End-cap
212671;End-cap;No;944;End-cap
212672;End-cap;Yes;1037;End-cap
212673;End-cap;No;888;End-cap
212674;Aisle;No;613;Aisle
212675;End-cap;Yes;1293;End-cap
212676;Front of Store;No;866;Front of Store
212677;End-cap;No;910;End-cap
212678;Front of Store;No;828;Front of Store
212679;Front of Store;No;904;Front of Store
212680;Front of Store;Yes;1473;Front of Store
212681;Aisle;No;785;Aisle
212682;End-cap;Yes;1195;End-cap
212683;Front of Store;Yes;1142;Front of Store
212684;Front of Store;No;758;Front of Store
212685;End-cap;Yes;1401;End-cap
212686;Aisle;No;794;Aisle
212687;Aisle;No;796;Aisle
212688;Aisle;Yes;1051;Aisle
212689;End-cap;No;990;End-cap
212690;End-cap;Yes;1220;End-cap
212691;End-cap;No;850;End-cap
212692;Front of Store;No;1046;Front of Store
212693;End-cap;No;643;End-cap
212694;End-cap;Yes;1279;End-cap
212695;End-cap;No;963;End-cap
212696;Front of Store;No;835;Front of Store
212697;End-cap;No;937;End-cap
212698;End-cap;Yes;1328;End-cap
212699;Aisle;No;939;Aisle
212700;Aisle;Yes;1304;Aisle
212701;Aisle;No;789;Aisle
212702;Front of Store;No;685;Front of Store
212703;Front of Store;No;806;Front of Store
212704;End-cap;No;1052;End-cap
212705;End-cap;No;705;End-cap
212706;Aisle;No;694;Aisle
212707;End-cap;No;798;End-cap
212708;End-cap;Yes;1450;End-cap
212709;End-cap;No;882;End-cap
212710;Aisle;Yes;1632;Aisle
212711;Front of Store;No;1033;Front of Store
212712;End-cap;No;935;End-cap
212713;Aisle;Yes;1575;Aisle
212714;Aisle;No;755;Aisle
212715;End-cap;No;957;End-cap
212716;Aisle;Yes;1371;Aisle
212717;Front of Store;No;751;Front of Store
212718;Aisle;No;871;Aisle
212719;End-cap;Yes;1564;End-cap
212720;Aisle;Yes;1426;Aisle
212721;Aisle;No;1053;Aisle
212722;Front of Store;Yes;1473;Front of Store
212723;Front of Store;No;1035;Front of Store
212724;End-cap;Yes;1363;End-cap
212725;End-cap;Yes;1534;End-cap
212726;Front of Store;No;990;Front of Store
212727;Front of Store;No;846;Front of Store
212728;End-cap;No;905;End-cap
212729;Front of Store;No;927;Front of Store
212730;Aisle;No;899;Aisle
212731;Aisle;No;1059;Aisle
212732;Aisle;No;661;Aisle
212733;Aisle;Yes;1432;Aisle
212734;Front of Store;Yes;1460;Front of Store
212735;End-cap;Yes;1430;End-cap
212736;End-cap;No;828;End-cap
212737;End-cap;No;753;End-cap
212738;Aisle;No;1197;Aisle
212739;Front of Store;No;885;Front of Store
212740;Aisle;Yes;1276;Aisle
212741;Front of Store;No;977;Front of Store
212742;End-cap;No;822;End-cap
212743;Front of Store;Yes;1306;Front of Store
212744;End-cap;No;763;End-cap
212745;Aisle;No;913;Aisle
212746;Aisle;No;887;Aisle
212747;End-cap;Yes;1404;End-cap
212748;End-cap;Yes;1240;End-cap
212749;End-cap;Yes;1505;End-cap
212750;Aisle;No;776;Aisle
212751;Front of Store;No;862;Front of Store
212752;Aisle;No;1099;Aisle
212753;Front of Store;No;764;Front of Store
212754;End-cap;No;1150;End-cap
212755;End-cap;No;1022;End-cap
212756;Front of Store;No;906;Front of Store
212757;Front of Store;Yes;1332;Front of Store
212758;Aisle;No;737;Aisle
212759;End-cap;Yes;1472;End-cap
212760;Aisle;No;1026;Aisle
212761;End-cap;No;664;End-cap
212762;Aisle;Yes;1212;Aisle
212763;End-cap;Yes;1444;End-cap
212764;End-cap;No;1104;End-cap
212765;Front of Store;No;724;Front of Store
212766;End-cap;No;941;End-cap
212767;End-cap;No;954;End-cap
212768;End-cap;Yes;1512;End-cap
212769;End-cap;No;712;End-cap
212770;End-cap;Yes;1631;End-cap
212771;End-cap;Yes;1531;End-cap
212772;End-cap;No;937;End-cap
212773;Front of Store;No;1001;Front of Store
212774;Aisle;No;816;Aisle
212775;Aisle;Yes;1481;Aisle
212776;Front of Store;No;597;Front of Store
212777;Aisle;No;821;Aisle
212778;Front of Store;No;665;Front of Store
212779;Front of Store;No;1069;Front of Store
212780;Aisle;No;958;Aisle
212781;Aisle;Yes;1500;Aisle
212782;End-cap;Yes;1406;End-cap
212783;Aisle;Yes;1618;Aisle
212784;Front of Store;Yes;1482;Front of Store
212785;End-cap;No;859;End-cap
212786;Aisle;Yes;1365;Aisle
212787;End-cap;No;834;End-cap
212788;Aisle;No;728;Aisle
212789;Front of Store;No;846;Front of Store
212790;Front of Store;No;998;Front of Store
212791;Aisle;Yes;1420;Aisle
212792;Front of Store;No;1017;Front of Store
212793;Aisle;No;984;Aisle
212794;Front of Store;No;893;Front of Store
212795;End-cap;No;922;End-cap
212796;Aisle;No;964;Aisle
212797;Aisle;Yes;1501;Aisle
212798;Aisle;No;895;Aisle
212799;End-cap;No;850;End-cap
212800;End-cap;No;1148;End-cap
212801;Front of Store;No;1095;Front of Store
212802;End-cap;Yes;1313;End-cap
212803;Aisle;No;937;Aisle
212804;Front of Store;Yes;1281;Front of Store
212805;Front of Store;Yes;1310;Front of Store
212806;Aisle;No;752;Aisle
212807;Aisle;No;655;Aisle
212808;Front of Store;Yes;1368;Front of Store
212809;End-cap;No;979;End-cap
212810;Front of Store;No;962;Front of Store
212811;Aisle;Yes;1794;Aisle
212812;Aisle;No;881;Aisle
212813;Front of Store;No;828;Front of Store
212814;Front of Store;Yes;1191;Front of Store
212815;End-cap;No;762;End-cap
212816;End-cap;No;800;End-cap
212817;Aisle;No;922;Aisle
212818;Front of Store;Yes;1261;Front of Store
212819;Front of Store;No;860;Front of Store
212820;Front of Store;No;792;Front of Store
212821;Front of Store;No;917;Front of Store
212822;Front of Store;Yes;1268;Front of Store
212823;Aisle;No;844;Aisle
212824;End-cap;Yes;1437;End-cap
212825;Front of Store;Yes;1682;Front of Store
212826;Aisle;Yes;1156;Aisle
212827;End-cap;Yes;1762;End-cap
212828;Front of Store;No;1010;Front of Store
212829;Front of Store;Yes;1411;Front of Store
212830;Aisle;No;738;Aisle
212831;Aisle;No;879;Aisle
212832;Aisle;No;770;Aisle
212833;Front of Store;Yes;1185;Front of Store
212834;End-cap;No;835;End-cap
212835;Aisle;Yes;1264;Aisle
212836;Aisle;No;1057;Aisle
212837;Front of Store;No;906;Front of Store
212838;Aisle;No;990;Aisle
212839;Aisle;No;888;Aisle
212840;End-cap;No;778;End-cap
212841;Aisle;Yes;1260;Aisle
212842;Aisle;No;1060;Aisle
212843;Aisle;No;1106;Aisle
212844;Aisle;No;808;Aisle
212845;End-cap;No;848;End-cap
212846;End-cap;Yes;1148;End-cap
212847;Aisle;No;686;Aisle
212848;Aisle;No;856;Aisle
212849;Aisle;No;923;Aisle
212850;Front of Store;No;824;Front of Store
212851;Front of Store;No;1044;Front of Store
212852;Aisle;No;873;Aisle
212853;Aisle;Yes;1829;Aisle
212854;Aisle;Yes;1349;Aisle
212855;Aisle;No;528;Aisle
212856;End-cap;No;1042;End-cap
212857;Aisle;Yes;1374;Aisle
212858;Aisle;Yes;1363;Aisle
212859;End-cap;No;843;End-cap
212860;Aisle;Yes;1416;Aisle
212861;Front of Store;Yes;1600;Front of Store
212862;Aisle;No;826;Aisle
212863;End-cap;No;859;End-cap
212864;Front of Store;No;859;Front of Store
212865;Front of Store;No;777;Front of Store
212866;Aisle;No;746;Aisle
212867;Front of Store;Yes;1223;Front of Store
212868;Aisle;Yes;1117;Aisle
212869;Aisle;No;900;Aisle
212870;Aisle;Yes;1227;Aisle
212871;Front of Store;Yes;1414;Front of Store
212872;Aisle;Yes;1101;Aisle
212873;Aisle;No;917;Aisle
212874;Front of Store;Yes;1497;Front of Store
212875;Front of Store;Yes;1267;Front of Store
212876;End-cap;No;796;End-cap
212877;Aisle;No;864;Aisle
212878;End-cap;No;751;End-cap
212879;Front of Store;No;736;Front of Store
212880;Aisle;Yes;1374;Aisle
212881;Aisle;No;930;Aisle
212882;Aisle;No;890;Aisle
212883;Front of Store;No;888;Front of Store
212884;Front of Store;No;955;Front of Store
212885;Front of Store;Yes;1490;Front of Store
212886;Aisle;No;855;Aisle
212887;Aisle;No;890;Aisle
212888;Front of Store;Yes;1514;Front of Store
212889;Front of Store;Yes;1661;Front of Store
212890;Front of Store;No;1050;Front of Store
212891;End-cap;No;910;End-cap
212892;Aisle;No;822;Aisle
212893;Aisle;No;892;Aisle
212894;Aisle;No;924;Aisle
212895;End-cap;Yes;1634;End-cap
212896;Front of Store;No;932;Front of Store
212897;Aisle;No;902;Aisle
212898;End-cap;No;727;End-cap
212899;End-cap;Yes;1667;End-cap
212900;Aisle;No;713;Aisle
212901;Aisle;No;673;Aisle
212902;Aisle;Yes;1430;Aisle
212903;End-cap;No;816;End-cap
212904;Front of Store;No;752;Front of Store
212905;Aisle;Yes;1426;Aisle
212906;Aisle;No;838;Aisle
212907;Front of Store;No;840;Front of Store
212908;Front of Store;Yes;1420;Front of Store
212909;Aisle;Yes;1207;Aisle
212910;Front of Store;Yes;1400;Front of Store
212911;End-cap;Yes;1431;End-cap
212912;End-cap;No;835;End-cap
212913;End-cap;Yes;1491;End-cap
212914;Aisle;Yes;1557;Aisle
212915;Aisle;No;836;Aisle
212916;Front of Store;No;651;Front of Store
212917;Aisle;Yes;1380;Aisle
212918;Aisle;No;848;Aisle
212919;Aisle;No;825;Aisle
212920;End-cap;No;936;End-cap
212921;Aisle;No;777;Aisle
212922;Front of Store;No;776;Front of Store
212923;End-cap;Yes;1648;End-cap
212924;Aisle;Yes;1455;Aisle
212925;End-cap;No;991;End-cap
212926;Aisle;Yes;1527;Aisle
212927;End-cap;Yes;1427;End-cap
212928;End-cap;No;1026;End-cap
212929;End-cap;Yes;1158;End-cap
212930;Aisle;Yes;1422;Aisle
212931;Aisle;No;840;Aisle
212932;Aisle;No;800;Aisle
212933;End-cap;Yes;1294;End-cap
212934;End-cap;No;863;End-cap
212935;End-cap;No;883;End-cap
212936;Front of Store;No;879;Front of Store
212937;Aisle;Yes;1569;Aisle
212938;Aisle;No;780;Aisle
212939;Front of Store;No;736;Front of Store
212940;End-cap;No;742;End-cap
212941;End-cap;No;724;End-cap
212942;Aisle;No;744;Aisle
212943;Aisle;Yes;1113;Aisle
212944;End-cap;No;702;End-cap
212945;Aisle;No;875;Aisle
212946;Front of Store;No;710;Front of Store
212947;Front of Store;Yes;1012;Front of Store
212948;Aisle;Yes;1173;Aisle
212949;End-cap;No;915;End-cap
212950;End-cap;No;931;End-cap
212951;End-cap;No;926;End-cap
212952;End-cap;No;712;End-cap
212953;Aisle;No;929;Aisle
212954;Aisle;No;794;Aisle
212955;End-cap;No;980;End-cap
212956;Front of Store;Yes;1536;Front of Store
212957;End-cap;No;1101;End-cap
212958;Front of Store;No;724;Front of Store
212959;End-cap;Yes;1522;End-cap
212960;Front of Store;Yes;1151;Front of Store
212961;Aisle;Yes;1408;Aisle
212962;Front of Store;No;854;Front of Store
212963;Front of Store;No;815;Front of Store
212964;Front of Store;No;1030;Front of Store
212965;End-cap;Yes;1192;End-cap
212966;End-cap;No;906;End-cap
212967;Aisle;Yes;1319;Aisle
212968;Front of Store;No;824;Front of Store
212969;End-cap;No;691;End-cap
212970;Aisle;Yes;1525;Aisle
212971;Front of Store;Yes;1513;Front of Store
212972;Aisle;Yes;1475;Aisle
212973;Front of Store;Yes;1475;Front of Store
212974;End-cap;No;898;End-cap
212975;Front of Store;Yes;1146;Front of Store
212976;Front of Store;Yes;1410;Front of Store
212977;End-cap;No;725;End-cap
212978;End-cap;Yes;1513;End-cap
212979;Aisle;No;793;Aisle
212980;Front of Store;Yes;1234;Front of Store
212981;End-cap;No;867;End-cap
212982;End-cap;No;699;End-cap
212983;Front of Store;Yes;1715;Front of Store
212984;End-cap;No;992;End-cap
212985;End-cap;No;1170;End-cap
212986;End-cap;Yes;1268;End-cap
212987;Front of Store;No;878;Front of Store
212988;Aisle;Yes;1598;Aisle
212989;End-cap;No;894;End-cap
212990;Front of Store;Yes;1538;Front of Store
212991;Aisle;Yes;1294;Aisle
212992;Aisle;No;922;Aisle
212993;End-cap;No;914;End-cap
212994;End-cap;No;807;End-cap
212995;Front of Store;No;1001;Front of Store
212996;End-cap;No;847;End-cap
212997;Aisle;No;1040;Aisle
212998;Front of Store;Yes;1479;Front of Store
212999;Front of Store;Yes;1561;Front of Store
213000;Aisle;No;1014;Aisle
213001;Front of Store;No;1106;Front of Store
213002;Aisle;Yes;1344;Aisle
213003;Front of Store;Yes;1240;Front of Store
213004;Aisle;No;683;Aisle
213005;End-cap;Yes;1487;End-cap
213006;Front of Store;Yes;1389;Front of Store
213007;End-cap;No;844;End-cap
213008;End-cap;No;1091;End-cap
213009;Aisle;Yes;1484;Aisle
213010;End-cap;No;1029;End-cap
213011;Front of Store;No;795;Front of Store
213012;Aisle;Yes;1231;Aisle
213013;Front of Store;Yes;1478;Front of Store
213014;Aisle;Yes;1165;Aisle
213015;Front of Store;No;895;Front of Store
213016;End-cap;Yes;1574;End-cap
213017;End-cap;No;772;End-cap
213018;End-cap;Yes;1538;End-cap
213019;End-cap;No;1073;End-cap
213020;Front of Store;No;716;Front of Store
213021;End-cap;Yes;1284;End-cap
213022;Aisle;No;930;Aisle
213023;Aisle;No;751;Aisle
213024;Front of Store;No;1083;Front of Store
213025;Front of Store;No;796;Front of Store
213026;Front of Store;No;781;Front of Store
213027;Front of Store;No;960;Front of Store
213028;Aisle;No;1044;Aisle
213029;End-cap;Yes;1710;End-cap
213030;Aisle;Yes;1373;Aisle
213031;End-cap;Yes;1302;End-cap
213032;End-cap;No;923;End-cap
213033;Aisle;No;898;Aisle
213034;Aisle;Yes;1540;Aisle
213035;Aisle;No;1074;Aisle
213036;Front of Store;No;991;Front of Store
213037;Aisle;No;853;Aisle
213038;Front of Store;Yes;984;Front of Store
213039;Front of Store;Yes;1469;Front of Store
213040;Aisle;No;762;Aisle
213041;End-cap;No;948;End-cap
213042;Front of Store;Yes;1085;Front of Store
213043;End-cap;Yes;1277;End-cap
213044;End-cap;Yes;1150;End-cap
213045;Front of Store;No;905;Front of Store
213046;End-cap;Yes;1490;End-cap
213047;Aisle;Yes;1221;Aisle
213048;Aisle;No;829;Aisle
213049;Front of Store;Yes;1634;Front of Store
213050;Aisle;Yes;1505;Aisle
213051;End-cap;Yes;1151;End-cap
213052;Aisle;No;771;Aisle
213053;Front of Store;No;796;Front of Store
213054;Aisle;No;859;Aisle
213055;End-cap;No;1123;End-cap
213056;Aisle;Yes;1475;Aisle
213057;Aisle;No;728;Aisle
213058;End-cap;Yes;1626;End-cap
213059;Aisle;No;924;Aisle
213060;End-cap;Yes;1390;End-cap
213061;Aisle;Yes;1409;Aisle
213062;Aisle;Yes;1181;Aisle
213063;Aisle;No;902;Aisle
213064;End-cap;No;974;End-cap
213065;End-cap;No;681;End-cap
213066;Front of Store;No;762;Front of Store
213067;Aisle;No;883;Aisle
213068;End-cap;Yes;1712;End-cap
213069;Aisle;Yes;1453;Aisle
213070;Aisle;Yes;1408;Aisle
213071;Front of Store;Yes;1170;Front of Store
213072;Aisle;Yes;1151;Aisle
213073;End-cap;No;773;End-cap
213074;Aisle;Yes;1404;Aisle
213075;Aisle;No;846;Aisle
213076;Front of Store;No;792;Front of Store
213077;End-cap;No;902;End-cap
213078;End-cap;No;946;End-cap
213079;End-cap;No;772;End-cap
213080;Aisle;No;977;Aisle
213081;Aisle;Yes;1363;Aisle
213082;End-cap;Yes;1501;End-cap
213083;Front of Store;Yes;1513;Front of Store
213084;End-cap;Yes;1467;End-cap
213085;End-cap;No;1008;End-cap
213086;Aisle;Yes;1359;Aisle
213087;Front of Store;No;730;Front of Store
213088;End-cap;Yes;1406;End-cap
213089;End-cap;No;1109;End-cap
213090;Front of Store;No;931;Front of Store
213091;Front of Store;Yes;1608;Front of Store
213092;Front of Store;Yes;1692;Front of Store
213093;End-cap;No;888;End-cap
213094;Aisle;Yes;1524;Aisle
213095;Front of Store;Yes;1567;Front of Store
213096;Aisle;Yes;1172;Aisle
213097;End-cap;No;735;End-cap
213098;Front of Store;Yes;1403;Front of Store
213099;Aisle;No;807;Aisle
213100;End-cap;Yes;1460;End-cap
213101;Front of Store;No;1013;Front of Store
213102;Aisle;Yes;1459;Aisle
213103;End-cap;No;858;End-cap
213104;End-cap;No;792;End-cap
213105;Aisle;No;706;Aisle
213106;Front of Store;No;759;Front of Store
213107;Aisle;No;783;Aisle
213108;End-cap;Yes;1521;End-cap
213109;Aisle;No;1023;Aisle
213110;End-cap;No;1035;End-cap
213111;Aisle;No;777;Aisle
213112;Front of Store;Yes;1206;Front of Store
213113;Aisle;Yes;1318;Aisle
213114;Aisle;Yes;1560;Aisle
213115;End-cap;No;680;End-cap
213116;End-cap;No;998;End-cap
213117;Front of Store;No;942;Front of Store
213118;Front of Store;No;909;Front of Store
213119;End-cap;Yes;1533;End-cap
213120;Aisle;Yes;1445;Aisle
213121;End-cap;No;858;End-cap
213122;End-cap;No;968;End-cap
213123;Aisle;No;712;Aisle
213124;Aisle;No;700;Aisle
213125;Aisle;No;853;Aisle
213126;End-cap;No;821;End-cap
213127;Front of Store;No;752;Front of Store
213128;End-cap;No;799;End-cap
213129;Front of Store;No;739;Front of Store
213130;End-cap;No;869;End-cap
213131;Aisle;No;964;Aisle
213132;End-cap;Yes;1721;End-cap
213133;Aisle;No;777;Aisle
213134;Aisle;No;1064;Aisle
213135;End-cap;No;984;End-cap
213136;Front of Store;Yes;1369;Front of Store
213137;Front of Store;Yes;1380;Front of Store
213138;Front of Store;No;896;Front of Store
213139;Aisle;No;865;Aisle
213140;End-cap;No;867;End-cap
213141;End-cap;No;1082;End-cap
213142;End-cap;Yes;1225;End-cap
213143;Aisle;No;836;Aisle
213144;Aisle;No;848;Aisle
213145;Aisle;No;811;Aisle
213146;End-cap;No;772;End-cap
213147;Aisle;No;807;Aisle
213148;Front of Store;Yes;1493;Front of Store
213149;Front of Store;Yes;1534;Front of Store
213150;Front of Store;Yes;1450;Front of Store
213151;End-cap;No;896;End-cap
213152;End-cap;No;952;End-cap
213153;Aisle;No;1025;Aisle
213154;End-cap;Yes;1299;End-cap
213155;Aisle;No;841;Aisle
213156;Front of Store;No;885;Front of Store
213157;End-cap;Yes;1475;End-cap
213158;End-cap;Yes;1084;End-cap
213159;Aisle;Yes;1777;Aisle
213160;Aisle;No;945;Aisle
213161;Front of Store;Yes;1650;Front of Store
213162;Front of Store;No;835;Front of Store
213163;Aisle;No;878;Aisle
213164;Front of Store;No;684;Front of Store
213165;End-cap;No;955;End-cap
213166;Aisle;No;653;Aisle
213167;End-cap;Yes;1223;End-cap
213168;Aisle;Yes;1187;Aisle
213169;Aisle;No;923;Aisle
213170;End-cap;No;921;End-cap
213171;Aisle;Yes;1381;Aisle
213172;Front of Store;No;795;Front of Store
213173;End-cap;No;837;End-cap
213174;Aisle;No;816;Aisle
213175;Front of Store;No;937;Front of Store
213176;End-cap;Yes;1559;End-cap
213177;Aisle;No;779;Aisle
213178;Aisle;No;818;Aisle
213179;Aisle;Yes;1321;Aisle
213180;Aisle;No;1055;Aisle
213181;Aisle;Yes;1531;Aisle
213182;Aisle;Yes;1440;Aisle
213183;Aisle;Yes;1489;Aisle
213184;End-cap;Yes;1358;End-cap
213185;Aisle;Yes;1251;Aisle
213186;Front of Store;Yes;1541;Front of Store
213187;End-cap;No;892;End-cap
213188;Aisle;No;936;Aisle
213189;Aisle;No;1006;Aisle
213190;End-cap;Yes;1437;End-cap
213191;Aisle;Yes;1429;Aisle
213192;End-cap;Yes;1375;End-cap
213193;Front of Store;No;842;Front of Store
213194;End-cap;No;839;End-cap
213195;Front of Store;Yes;1271;Front of Store
213196;Front of Store;No;1062;Front of Store
213197;Aisle;No;1116;Aisle
213198;Front of Store;No;822;Front of Store
213199;Front of Store;No;914;Front of Store
213200;Front of Store;Yes;1471;Front of Store
213201;End-cap;No;1058;End-cap
213202;End-cap;Yes;1272;End-cap
213203;Aisle;No;767;Aisle
213204;Front of Store;Yes;1263;Front of Store
213205;Aisle;No;996;Aisle
213206;Aisle;No;835;Aisle
213207;End-cap;Yes;1451;End-cap
213208;Aisle;No;915;Aisle
213209;End-cap;Yes;1487;End-cap
213210;Aisle;No;966;Aisle
213211;Aisle;No;777;Aisle
213212;Aisle;No;804;Aisle
213213;Front of Store;No;1112;Front of Store
213214;Aisle;No;1092;Aisle
213215;Aisle;Yes;1662;Aisle
213216;End-cap;Yes;1664;End-cap
213217;Aisle;No;933;Aisle
213218;Front of Store;No;748;Front of Store
213219;End-cap;No;788;End-cap
213220;End-cap;No;787;End-cap
213221;Aisle;Yes;1339;Aisle
213222;End-cap;No;918;End-cap
213223;Aisle;No;644;Aisle
213224;End-cap;No;833;End-cap
213225;End-cap;Yes;1488;End-cap
213226;Front of Store;No;911;Front of Store
213227;Aisle;No;707;Aisle
213228;End-cap;Yes;1546;End-cap
213229;End-cap;No;905;End-cap
213230;Aisle;No;982;Aisle
213231;Aisle;No;865;Aisle
213232;Aisle;Yes;1093;Aisle
213233;End-cap;Yes;1447;End-cap
213234;Aisle;Yes;1832;Aisle
213235;End-cap;No;841;End-cap
213236;Aisle;Yes;1372;Aisle
213237;Front of Store;No;930;Front of Store
213238;Aisle;No;801;Aisle
213239;End-cap;No;813;End-cap
213240;End-cap;No;827;End-cap
213241;Front of Store;Yes;1623;Front of Store
213242;End-cap;Yes;1554;End-cap
213243;End-cap;No;1111;End-cap
213244;Aisle;No;858;Aisle
213245;Aisle;No;834;Aisle
213246;Front of Store;Yes;1410;Front of Store
213247;Aisle;Yes;1559;Aisle
213248;Aisle;No;636;Aisle
213249;End-cap;No;851;End-cap
213250;Aisle;No;958;Aisle
213251;End-cap;Yes;1378;End-cap
213252;Front of Store;No;878;Front of Store
213253;End-cap;No;809;End-cap
213254;End-cap;Yes;1130;End-cap
213255;Aisle;No;927;Aisle
213256;Front of Store;Yes;1547;Front of Store
213257;End-cap;No;802;End-cap
213258;Front of Store;Yes;1472;Front of Store
213259;Aisle;Yes;1461;Aisle
213260;Aisle;Yes;1484;Aisle
213261;End-cap;Yes;1314;End-cap
213262;Aisle;No;800;Aisle
213263;End-cap;Yes;1375;End-cap
213264;Aisle;No;896;Aisle
213265;End-cap;Yes;1290;End-cap
213266;End-cap;No;835;End-cap
213267;End-cap;Yes;1524;End-cap
213268;Aisle;No;870;Aisle
213269;Aisle;No;817;Aisle
213270;Aisle;Yes;1432;Aisle
213271;End-cap;No;719;End-cap
213272;Front of Store;No;743;Front of Store
213273;End-cap;No;770;End-cap
213274;Front of Store;No;1017;Front of Store
213275;End-cap;No;1014;End-cap
213276;Aisle;Yes;1284;Aisle
213277;Aisle;No;749;Aisle
213278;Aisle;No;930;Aisle
213279;Front of Store;Yes;1432;Front of Store
213280;End-cap;No;799;End-cap
213281;Aisle;No;863;Aisle
213282;Aisle;No;1039;Aisle
213283;Aisle;Yes;1495;Aisle
213284;End-cap;No;821;End-cap
213285;Aisle;Yes;1351;Aisle
213286;Front of Store;No;806;Front of Store
213287;Front of Store;No;933;Front of Store
213288;Front of Store;No;890;Front of Store
213289;Front of Store;Yes;1439;Front of Store
213290;End-cap;No;875;End-cap
213291;End-cap;No;901;End-cap
213292;End-cap;Yes;1195;End-cap
213293;End-cap;No;923;End-cap
213294;Aisle;No;902;Aisle
213295;Aisle;No;626;Aisle
213296;Front of Store;No;823;Front of Store
213297;End-cap;No;843;End-cap
213298;Front of Store;Yes;1432;Front of Store
213299;Aisle;No;890;Aisle
213300;Front of Store;Yes;1395;Front of Store
213301;Aisle;No;632;Aisle
213302;Front of Store;No;681;Front of Store
213303;Front of Store;No;658;Front of Store
213304;Aisle;No;904;Aisle
213305;Aisle;Yes;1431;Aisle
213306;Aisle;No;750;Aisle
213307;Aisle;No;852;Aisle
213308;Front of Store;No;925;Front of Store
213309;End-cap;No;795;End-cap
213310;Aisle;No;948;Aisle
213311;Aisle;Yes;1178;Aisle
213312;Front of Store;Yes;1367;Front of Store
213313;End-cap;No;706;End-cap
213314;Aisle;Yes;1301;Aisle
213315;End-cap;No;701;End-cap
213316;Aisle;No;873;Aisle
213317;End-cap;No;580;End-cap
213318;Aisle;Yes;1345;Aisle
213319;Front of Store;Yes;1554;Front of Store
213320;Aisle;No;712;Aisle
213321;End-cap;No;882;End-cap
213322;Front of Store;Yes;1341;Front of Store
213323;End-cap;Yes;1576;End-cap
213324;End-cap;Yes;1559;End-cap
213325;Aisle;No;903;Aisle
213326;Front of Store;Yes;1588;Front of Store
213327;End-cap;No;770;End-cap
213328;Front of Store;No;959;Front of Store
213329;Aisle;Yes;1513;Aisle
213330;Front of Store;No;1010;Front of Store
213331;Front of Store;Yes;1091;Front of Store
213332;End-cap;No;809;End-cap
213333;End-cap;No;821;End-cap
213334;End-cap;Yes;1404;End-cap
213335;Aisle;No;795;Aisle
213336;Aisle;Yes;1454;Aisle
213337;End-cap;No;837;End-cap
213338;End-cap;No;1116;End-cap
213339;Front of Store;Yes;1446;Front of Store
213340;Aisle;No;866;Aisle
213341;End-cap;Yes;1523;End-cap
213342;Aisle;No;1008;Aisle
213343;Aisle;Yes;1500;Aisle
213344;Aisle;No;804;Aisle
213345;Aisle;Yes;1471;Aisle
213346;End-cap;Yes;1644;End-cap
213347;Aisle;No;614;Aisle
213348;End-cap;Yes;1560;End-cap
213349;End-cap;Yes;1407;End-cap
213350;Front of Store;No;785;Front of Store
213351;Aisle;No;1001;Aisle
213352;Front of Store;Yes;1406;Front of Store
213353;End-cap;No;788;End-cap
213354;Front of Store;No;952;Front of Store
213355;End-cap;Yes;1527;End-cap
213356;End-cap;No;856;End-cap
213357;Aisle;No;890;Aisle
213358;Front of Store;Yes;1645;Front of Store
213359;Front of Store;Yes;1196;Front of Store
213360;Front of Store;No;1084;Front of Store
213361;Aisle;No;997;Aisle
213362;Front of Store;Yes;1430;Front of Store
213363;Front of Store;No;802;Front of Store
213364;End-cap;No;793;End-cap
213365;Front of Store;Yes;1333;Front of Store
213366;Front of Store;Yes;1444;Front of Store
213367;Aisle;No;1044;Aisle
213368;End-cap;Yes;1218;End-cap
213369;Front of Store;Yes;1246;Front of Store
213370;Front of Store;No;952;Front of Store
213371;Aisle;Yes;1368;Aisle
213372;Aisle;Yes;1065;Aisle
213373;End-cap;Yes;1558;End-cap
213374;End-cap;Yes;1484;End-cap
213375;Front of Store;No;673;Front of Store
213376;Aisle;No;750;Aisle
213377;End-cap;No;967;End-cap
213378;Front of Store;Yes;1665;Front of Store
213379;End-cap;No;734;End-cap
213380;Front of Store;No;834;Front of Store
213381;Front of Store;No;744;Front of Store
213382;Aisle;Yes;1284;Aisle
213383;Front of Store;No;886;Front of Store
213384;End-cap;No;695;End-cap
213385;End-cap;Yes;1506;End-cap
213386;Front of Store;No;815;Front of Store
213387;End-cap;Yes;1706;End-cap
213388;End-cap;Yes;1591;End-cap
213389;Front of Store;Yes;1538;Front of Store
213390;Front of Store;No;798;Front of Store
213391;Front of Store;No;972;Front of Store
213392;Aisle;Yes;1557;Aisle
213393;End-cap;Yes;1296;End-cap
213394;Aisle;No;917;Aisle
213395;Aisle;No;945;Aisle
213396;End-cap;No;803;End-cap
213397;Front of Store;Yes;1397;Front of Store
213398;Front of Store;Yes;1529;Front of Store
213399;End-cap;Yes;1293;End-cap
213400;Front of Store;Yes;1369;Front of Store
213401;Aisle;Yes;1648;Aisle
213402;Front of Store;Yes;1384;Front of Store
213403;Aisle;No;890;Aisle
213404;End-cap;No;877;End-cap
213405;Front of Store;No;920;Front of Store
213406;Front of Store;Yes;1410;Front of Store
213407;Front of Store;Yes;1083;Front of Store
213408;End-cap;Yes;1252;End-cap
213409;Aisle;No;842;Aisle
213410;Aisle;No;820;Aisle
213411;Front of Store;No;895;Front of Store
213412;End-cap;No;969;End-cap
213413;End-cap;No;1014;End-cap
213414;Front of Store;No;872;Front of Store
213415;Aisle;Yes;1364;Aisle
213416;End-cap;No;831;End-cap
213417;Front of Store;Yes;1732;Front of Store
213418;Aisle;No;841;Aisle
213419;Front of Store;Yes;1208;Front of Store
213420;End-cap;No;597;End-cap
213421;Aisle;No;773;Aisle
213422;End-cap;No;690;End-cap
213423;Aisle;No;900;Aisle
213424;Aisle;Yes;1565;Aisle
213425;Aisle;Yes;1422;Aisle
213426;Aisle;No;808;Aisle
213427;End-cap;No;867;End-cap
213428;Front of Store;Yes;1440;Front of Store
213429;Aisle;No;971;Aisle
213430;Front of Store;Yes;1457;Front of Store
213431;Aisle;No;850;Aisle
213432;Front of Store;Yes;1463;Front of Store
213433;Front of Store;No;829;Front of Store
213434;End-cap;Yes;1599;End-cap
213435;End-cap;No;860;End-cap
213436;Front of Store;No;984;Front of Store
213437;End-cap;Yes;1494;End-cap
213438;Aisle;No;824;Aisle
213439;Front of Store;No;846;Front of Store
213440;Aisle;Yes;1483;Aisle
213441;Front of Store;Yes;1168;Front of Store
213442;End-cap;No;985;End-cap
213443;Aisle;Yes;1434;Aisle
213444;End-cap;Yes;1004;End-cap
213445;Aisle;Yes;1545;Aisle
213446;End-cap;No;890;End-cap
213447;Aisle;No;943;Aisle
213448;End-cap;No;745;End-cap
213449;Aisle;Yes;1544;Aisle
213450;Aisle;Yes;1429;Aisle
213451;Aisle;No;831;Aisle
213452;End-cap;No;867;End-cap
213453;Front of Store;Yes;1458;Front of Store
213454;Aisle;No;995;Aisle
213455;End-cap;Yes;1563;End-cap
213456;Front of Store;Yes;1401;Front of Store
213457;Front of Store;Yes;1799;Front of Store
213458;End-cap;Yes;1356;End-cap
213459;End-cap;Yes;1636;End-cap
213460;Front of Store;Yes;1506;Front of Store
213461;Aisle;Yes;1680;Aisle
213462;Aisle;Yes;1506;Aisle
213463;Aisle;Yes;1511;Aisle
213464;End-cap;Yes;1239;End-cap
213465;Aisle;No;891;Aisle
213466;Aisle;No;1001;Aisle
213467;Aisle;Yes;1543;Aisle
213468;End-cap;No;940;End-cap
213469;Front of Store;No;1052;Front of Store
213470;End-cap;No;895;End-cap
213471;Aisle;No;936;Aisle
213472;Front of Store;No;859;Front of Store
213473;End-cap;Yes;1075;End-cap
213474;End-cap;No;828;End-cap
213475;End-cap;No;756;End-cap
213476;Aisle;No;867;Aisle
213477;Aisle;Yes;1311;Aisle
213478;Front of Store;Yes;1279;Front of Store
213479;Aisle;No;827;Aisle
213480;End-cap;No;877;End-cap
213481;Front of Store;No;949;Front of Store
213482;End-cap;Yes;1633;End-cap
213483;Aisle;No;798;Aisle
213484;End-cap;Yes;1459;End-cap
213485;End-cap;No;927;End-cap
213486;End-cap;Yes;1225;End-cap
213487;End-cap;Yes;1371;End-cap
213488;End-cap;No;661;End-cap
213489;End-cap;Yes;1379;End-cap
213490;Front of Store;Yes;1264;Front of Store
213491;Front of Store;No;940;Front of Store
213492;End-cap;No;699;End-cap
213493;End-cap;No;1063;End-cap
213494;Front of Store;Yes;1274;Front of Store
213495;Front of Store;Yes;1498;Front of Store
213496;Aisle;No;852;Aisle
213497;Aisle;Yes;1454;Aisle
213498;Front of Store;No;1067;Front of Store
213499;Aisle;Yes;1335;Aisle
213500;Aisle;No;765;Aisle
213501;Front of Store;No;798;Front of Store
213502;Front of Store;No;870;Front of Store
213503;End-cap;No;1093;End-cap
213504;Front of Store;No;894;Front of Store
213505;End-cap;No;1017;End-cap
213506;Front of Store;No;971;Front of Store
213507;End-cap;No;836;End-cap
213508;Front of Store;Yes;1267;Front of Store
213509;End-cap;No;824;End-cap
213510;Front of Store;Yes;1581;Front of Store
213511;End-cap;Yes;1275;End-cap
213512;End-cap;Yes;1133;End-cap
213513;Front of Store;No;1142;Front of Store
213514;Aisle;Yes;1376;Aisle
213515;End-cap;No;934;End-cap
213516;Aisle;Yes;1761;Aisle
213517;Front of Store;No;864;Front of Store
213518;Aisle;Yes;1419;Aisle
213519;Front of Store;No;794;Front of Store
213520;Aisle;No;805;Aisle
213521;Aisle;No;918;Aisle
213522;End-cap;No;923;End-cap
213523;End-cap;No;932;End-cap
213524;Aisle;No;773;Aisle
213525;Aisle;Yes;1682;Aisle
213526;Front of Store;No;694;Front of Store
213527;End-cap;No;698;End-cap
213528;Aisle;Yes;1494;Aisle
213529;End-cap;No;903;End-cap
213530;Aisle;No;700;Aisle
213531;Aisle;Yes;1119;Aisle
213532;Front of Store;Yes;1395;Front of Store
213533;Front of Store;Yes;1337;Front of Store
213534;Front of Store;Yes;1611;Front of Store
213535;End-cap;No;841;End-cap
213536;End-cap;No;640;End-cap
213537;End-cap;No;872;End-cap
213538;Aisle;Yes;1327;Aisle
213539;Aisle;Yes;1271;Aisle
213540;End-cap;Yes;1642;End-cap
213541;End-cap;No;780;End-cap
213542;Aisle;No;894;Aisle
213543;End-cap;Yes;1437;End-cap
213544;End-cap;Yes;1244;End-cap
213545;End-cap;Yes;1483;End-cap
213546;Aisle;No;849;Aisle
213547;End-cap;Yes;1307;End-cap
213548;End-cap;No;726;End-cap
213549;Front of Store;Yes;1397;Front of Store
213550;Front of Store;No;1063;Front of Store
213551;End-cap;No;766;End-cap
213552;Front of Store;Yes;1420;Front of Store
213553;End-cap;No;791;End-cap
213554;End-cap;No;1022;End-cap
213555;Front of Store;Yes;1414;Front of Store
213556;Aisle;Yes;1102;Aisle
213557;Aisle;No;770;Aisle
213558;Front of Store;No;907;Front of Store
213559;Front of Store;No;600;Front of Store
213560;Aisle;Yes;1347;Aisle
213561;Front of Store;No;957;Front of Store
213562;End-cap;Yes;1219;End-cap
213563;Aisle;Yes;1391;Aisle
213564;End-cap;Yes;1660;End-cap
213565;Aisle;No;824;Aisle
213566;End-cap;No;781;End-cap
213567;Aisle;No;799;Aisle
213568;Aisle;No;841;Aisle
213569;End-cap;No;974;End-cap
213570;Front of Store;Yes;1738;Front of Store
213571;End-cap;Yes;1470;End-cap
213572;Aisle;No;737;Aisle
213573;Aisle;No;884;Aisle
213574;Front of Store;Yes;1541;Front of Store
213575;Front of Store;Yes;1707;Front of Store
213576;End-cap;Yes;1233;End-cap
213577;Front of Store;No;881;Front of Store
213578;Front of Store;No;855;Front of Store
213579;Front of Store;Yes;1280;Front of Store
213580;End-cap;Yes;1529;End-cap
213581;Aisle;No;742;Aisle
213582;Aisle;No;861;Aisle
213583;End-cap;No;925;End-cap
213584;Aisle;Yes;1577;Aisle
213585;Aisle;No;911;Aisle
213586;Front of Store;Yes;1300;Front of Store
213587;End-cap;No;864;End-cap
213588;End-cap;Yes;1574;End-cap
213589;Front of Store;No;775;Front of Store
213590;Front of Store;No;999;Front of Store
213591;Front of Store;No;810;Front of Store
213592;End-cap;Yes;1165;End-cap
213593;Aisle;Yes;1375;Aisle
213594;End-cap;Yes;1224;End-cap
213595;Aisle;Yes;1783;Aisle
213596;Aisle;No;828;Aisle
213597;End-cap;Yes;1147;End-cap
213598;Front of Store;No;728;Front of Store
213599;Front of Store;No;875;Front of Store
213600;Front of Store;Yes;1574;Front of Store
213601;End-cap;No;818;End-cap
213602;End-cap;Yes;1658;End-cap
213603;Front of Store;Yes;1372;Front of Store
213604;End-cap;No;1097;End-cap
213605;Front of Store;No;1090;Front of Store
213606;Aisle;No;824;Aisle
213607;Front of Store;Yes;1399;Front of Store
213608;Front of Store;No;971;Front of Store
213609;Front of Store;No;936;Front of Store
213610;End-cap;No;972;End-cap
213611;End-cap;No;896;End-cap
213612;Front of Store;No;901;Front of Store
213613;Front of Store;No;1024;Front of Store
213614;End-cap;No;861;End-cap
213615;End-cap;No;791;End-cap
213616;Aisle;No;732;Aisle
213617;Aisle;No;899;Aisle
213618;End-cap;No;806;End-cap
213619;End-cap;Yes;1728;End-cap
213620;Aisle;Yes;1742;Aisle
213621;Aisle;No;886;Aisle
213622;Front of Store;No;867;Front of Store
213623;Front of Store;Yes;1617;Front of Store
213624;End-cap;Yes;1285;End-cap
213625;End-cap;Yes;1717;End-cap
213626;End-cap;Yes;1590;End-cap
213627;Aisle;Yes;1258;Aisle
213628;Front of Store;Yes;1364;Front of Store
213629;End-cap;Yes;977;End-cap
213630;Front of Store;No;695;Front of Store
213631;End-cap;Yes;1204;End-cap
213632;Aisle;No;1036;Aisle
213633;Front of Store;No;757;Front of Store
213634;End-cap;Yes;1794;End-cap
213635;End-cap;No;758;End-cap
213636;Aisle;No;759;Aisle
213637;End-cap;No;716;End-cap
213638;Front of Store;No;868;Front of Store
213639;End-cap;Yes;1620;End-cap
213640;End-cap;No;863;End-cap
213641;End-cap;No;868;End-cap
213642;End-cap;No;1000;End-cap
213643;Aisle;Yes;1550;Aisle
213644;Front of Store;No;987;Front of Store
213645;Aisle;No;729;Aisle
213646;Front of Store;Yes;1488;Front of Store
213647;End-cap;Yes;1251;End-cap
213648;Aisle;No;746;Aisle
213649;Aisle;No;900;Aisle
213650;Front of Store;Yes;1212;Front of Store
213651;End-cap;Yes;1407;End-cap
213652;End-cap;No;921;End-cap
213653;Front of Store;Yes;1267;Front of Store
213654;End-cap;Yes;1365;End-cap
213655;Aisle;Yes;1218;Aisle
213656;Front of Store;No;932;Front of Store
213657;Front of Store;No;863;Front of Store
213658;Aisle;No;1228;Aisle
213659;Front of Store;Yes;1251;Front of Store
213660;Front of Store;Yes;1324;Front of Store
213661;End-cap;Yes;1182;End-cap
213662;Aisle;No;872;Aisle
213663;Aisle;Yes;1668;Aisle
213664;End-cap;No;936;End-cap
213665;End-cap;Yes;1277;End-cap
213666;End-cap;Yes;1641;End-cap
213667;Aisle;No;880;Aisle
213668;Aisle;Yes;1375;Aisle
213669;End-cap;Yes;1480;End-cap
213670;Front of Store;No;728;Front of Store
213671;Front of Store;No;857;Front of Store
213672;Front of Store;No;750;Front of Store
213673;Front of Store;No;739;Front of Store
213674;Aisle;No;797;Aisle
213675;End-cap;Yes;1491;End-cap
213676;Aisle;No;692;Aisle
213677;Front of Store;Yes;1395;Front of Store
213678;Front of Store;No;851;Front of Store
213679;Front of Store;Yes;1421;Front of Store
213680;End-cap;No;846;End-cap
213681;Aisle;Yes;1459;Aisle
213682;Aisle;No;679;Aisle
213683;Front of Store;No;788;Front of Store
213684;Front of Store;No;849;Front of Store
213685;End-cap;Yes;1200;End-cap
213686;End-cap;No;839;End-cap
213687;End-cap;Yes;1551;End-cap
213688;End-cap;No;948;End-cap
213689;End-cap;Yes;1293;End-cap
213690;Aisle;No;960;Aisle
213691;Aisle;Yes;1239;Aisle
213692;Aisle;No;977;Aisle
213693;Front of Store;No;1045;Front of Store
213694;Aisle;No;985;Aisle
213695;Aisle;Yes;1343;Aisle
213696;End-cap;No;787;End-cap
213697;Aisle;Yes;1444;Aisle
213698;Aisle;Yes;1320;Aisle
213699;Front of Store;Yes;1285;Front of Store
213700;Front of Store;No;1069;Front of Store
213701;Aisle;Yes;1648;Aisle
213702;End-cap;No;852;End-cap
213703;End-cap;No;1013;End-cap
213704;Aisle;No;919;Aisle
213705;End-cap;No;954;End-cap
213706;End-cap;Yes;1564;End-cap
213707;End-cap;Yes;1582;End-cap
213708;Front of Store;No;881;Front of Store
213709;End-cap;No;1111;End-cap
213710;End-cap;Yes;1588;End-cap
213711;Front of Store;Yes;1389;Front of Store
213712;End-cap;No;1009;End-cap
213713;Aisle;No;1262;Aisle
213714;Front of Store;Yes;1359;Front of Store
213715;End-cap;No;978;End-cap
213716;Aisle;No;846;Aisle
213717;Front of Store;No;978;Front of Store
213718;End-cap;No;980;End-cap
213719;End-cap;No;848;End-cap
213720;Aisle;No;876;Aisle
213721;Front of Store;Yes;1407;Front of Store
213722;Front of Store;No;951;Front of Store
213723;Aisle;Yes;1365;Aisle
213724;End-cap;Yes;1518;End-cap
213725;Front of Store;Yes;1341;Front of Store
213726;Aisle;No;920;Aisle
213727;End-cap;Yes;1475;End-cap
213728;End-cap;No;778;End-cap
213729;End-cap;No;829;End-cap
213730;Aisle;Yes;1394;Aisle
213731;Front of Store;No;640;Front of Store
213732;Aisle;No;880;Aisle
213733;End-cap;No;786;End-cap
213734;Aisle;Yes;1208;Aisle
213735;Front of Store;No;742;Front of Store
213736;Aisle;Yes;1389;Aisle
213737;Aisle;No;874;Aisle
213738;Front of Store;Yes;1137;Front of Store
213739;End-cap;No;825;End-cap
213740;Aisle;Yes;1294;Aisle
213741;End-cap;No;804;End-cap
213742;Front of Store;No;1038;Front of Store
213743;Aisle;Yes;1354;Aisle
213744;End-cap;No;932;End-cap
213745;Front of Store;Yes;1312;Front of Store
213746;End-cap;No;703;End-cap
213747;Aisle;Yes;1636;Aisle
213748;Aisle;No;778;Aisle
213749;End-cap;No;965;End-cap
213750;Aisle;Yes;1678;Aisle
213751;End-cap;No;835;End-cap
213752;Front of Store;No;969;Front of Store
213753;Front of Store;No;892;Front of Store
213754;End-cap;Yes;1207;End-cap
213755;Aisle;No;848;Aisle
213756;End-cap;No;884;End-cap
213757;End-cap;No;562;End-cap
213758;Front of Store;No;898;Front of Store
213759;Front of Store;Yes;1301;Front of Store
213760;End-cap;Yes;1424;End-cap
213761;End-cap;No;921;End-cap
213762;Aisle;Yes;1351;Aisle
213763;Front of Store;Yes;1563;Front of Store
213764;Aisle;No;934;Aisle
213765;Aisle;No;914;Aisle
213766;Aisle;No;767;Aisle
213767;Aisle;No;852;Aisle
213768;Aisle;No;938;Aisle
213769;Aisle;No;890;Aisle
213770;End-cap;Yes;1237;End-cap
213771;Aisle;Yes;1321;Aisle
213772;Aisle;Yes;1290;Aisle
213773;End-cap;No;901;End-cap
213774;Front of Store;Yes;1620;Front of Store
213775;Aisle;Yes;1253;Aisle
213776;End-cap;No;850;End-cap
213777;End-cap;No;695;End-cap
213778;Front of Store;No;733;Front of Store
213779;End-cap;No;841;End-cap
213780;End-cap;Yes;1559;End-cap
213781;Front of Store;No;812;Front of Store
213782;End-cap;No;653;End-cap
213783;Aisle;Yes;1354;Aisle
213784;Front of Store;No;989;Front of Store
213785;Aisle;Yes;1418;Aisle
213786;Aisle;Yes;1289;Aisle
213787;End-cap;No;1086;End-cap
213788;End-cap;Yes;1635;End-cap
213789;Aisle;No;985;Aisle
213790;Aisle;Yes;1155;Aisle
213791;End-cap;No;1079;End-cap
213792;Aisle;No;798;Aisle
213793;Front of Store;Yes;1245;Front of Store
213794;Front of Store;No;977;Front of Store
213795;End-cap;No;987;End-cap
213796;Front of Store;No;800;Front of Store
213797;End-cap;No;771;End-cap
213798;End-cap;Yes;1283;End-cap
213799;Front of Store;No;734;Front of Store
213800;End-cap;Yes;1103;End-cap
213801;Aisle;No;1022;Aisle
213802;End-cap;No;787;End-cap
213803;Front of Store;No;724;Front of Store
213804;End-cap;No;710;End-cap
213805;End-cap;No;787;End-cap
213806;Aisle;No;699;Aisle
213807;Aisle;Yes;1440;Aisle
213808;Front of Store;Yes;1660;Front of Store
213809;Aisle;Yes;1458;Aisle
213810;End-cap;No;955;End-cap
213811;Aisle;No;873;Aisle
213812;Aisle;No;846;Aisle
213813;Front of Store;No;896;Front of Store
213814;Aisle;Yes;1576;Aisle
213815;End-cap;No;945;End-cap
213816;Aisle;Yes;1143;Aisle
213817;Aisle;No;1037;Aisle
213818;End-cap;Yes;1755;End-cap
213819;Front of Store;Yes;1434;Front of Store
213820;Front of Store;Yes;1541;Front of Store
213821;End-cap;Yes;1456;End-cap
213822;Front of Store;No;880;Front of Store
213823;Aisle;No;910;Aisle
213824;Front of Store;Yes;1356;Front of Store
213825;Aisle;No;829;Aisle
213826;Front of Store;No;634;Front of Store
213827;Aisle;No;846;Aisle
213828;Front of Store;No;818;Front of Store
213829;Aisle;Yes;1613;Aisle
213830;End-cap;No;933;End-cap
213831;Front of Store;Yes;1183;Front of Store
213832;Front of Store;Yes;1677;Front of Store
213833;Aisle;No;731;Aisle
213834;Aisle;Yes;1472;Aisle
213835;End-cap;Yes;1353;End-cap
213836;Front of Store;Yes;1175;Front of Store
213837;Aisle;No;1066;Aisle
213838;Front of Store;Yes;1280;Front of Store
213839;End-cap;Yes;1408;End-cap
213840;Aisle;Yes;1372;Aisle
213841;End-cap;No;988;End-cap
213842;Aisle;Yes;1286;Aisle
213843;End-cap;Yes;1198;End-cap
213844;Aisle;Yes;1616;Aisle
213845;Front of Store;No;964;Front of Store
213846;Aisle;No;1076;Aisle
213847;End-cap;No;776;End-cap
213848;Front of Store;Yes;1625;Front of Store
213849;Aisle;No;928;Aisle
213850;Aisle;No;850;Aisle
213851;Aisle;Yes;1636;Aisle
213852;Front of Store;No;840;Front of Store
213853;End-cap;No;798;End-cap
213854;Aisle;Yes;1376;Aisle
213855;End-cap;No;1014;End-cap
213856;End-cap;No;795;End-cap
213857;End-cap;No;816;End-cap
213858;Front of Store;No;960;Front of Store
213859;Front of Store;No;867;Front of Store
213860;End-cap;No;950;End-cap
213861;End-cap;No;906;End-cap
213862;Aisle;No;1033;Aisle
213863;Aisle;No;854;Aisle
213864;End-cap;No;828;End-cap
213865;End-cap;No;722;End-cap
213866;Aisle;Yes;1225;Aisle
213867;Aisle;No;867;Aisle
213868;Aisle;Yes;1427;Aisle
213869;End-cap;Yes;1273;End-cap
213870;Aisle;No;870;Aisle
213871;Aisle;No;800;Aisle
213872;Front of Store;No;825;Front of Store
213873;Aisle;No;964;Aisle
213874;Aisle;No;763;Aisle
213875;End-cap;No;690;End-cap
213876;Front of Store;Yes;1507;Front of Store
213877;Aisle;No;800;Aisle
213878;Aisle;No;763;Aisle
213879;Front of Store;No;917;Front of Store
213880;Front of Store;No;756;Front of Store
213881;Front of Store;No;864;Front of Store
213882;Front of Store;Yes;1126;Front of Store
213883;End-cap;Yes;1211;End-cap
213884;End-cap;No;1043;End-cap
213885;Front of Store;Yes;1426;Front of Store
213886;Aisle;No;845;Aisle
213887;Aisle;No;721;Aisle
213888;End-cap;No;893;End-cap
213889;End-cap;Yes;1405;End-cap
213890;Front of Store;Yes;1498;Front of Store
213891;Aisle;No;862;Aisle
213892;Front of Store;No;757;Front of Store
213893;Front of Store;No;833;Front of Store
213894;Front of Store;Yes;1393;Front of Store
213895;End-cap;Yes;1486;End-cap
213896;Front of Store;Yes;1240;Front of Store
213897;Aisle;No;756;Aisle
213898;End-cap;No;986;End-cap
213899;End-cap;Yes;1446;End-cap
213900;Aisle;No;720;Aisle
213901;Front of Store;Yes;1537;Front of Store
213902;Front of Store;No;1033;Front of Store
213903;End-cap;Yes;1026;End-cap
213904;Aisle;No;936;Aisle
213905;Aisle;No;824;Aisle
213906;Front of Store;No;965;Front of Store
213907;End-cap;No;724;End-cap
213908;Aisle;No;893;Aisle
213909;Aisle;No;961;Aisle
213910;Front of Store;No;1039;Front of Store
213911;Front of Store;Yes;1663;Front of Store
213912;Front of Store;No;807;Front of Store
213913;Front of Store;No;830;Front of Store
213914;Aisle;No;840;Aisle
213915;Aisle;Yes;1420;Aisle
213916;Front of Store;No;781;Front of Store
213917;End-cap;No;884;End-cap
213918;Aisle;Yes;1158;Aisle
213919;Front of Store;Yes;1412;Front of Store
213920;Aisle;No;861;Aisle
213921;Aisle;No;857;Aisle
213922;Front of Store;No;736;Front of Store
213923;Aisle;No;1072;Aisle
213924;Aisle;No;645;Aisle
213925;Front of Store;No;976;Front of Store
213926;Front of Store;Yes;1451;Front of Store
213927;Front of Store;No;700;Front of Store
213928;Aisle;Yes;1361;Aisle
213929;End-cap;No;840;End-cap
213930;End-cap;Yes;1477;End-cap
213931;Aisle;No;716;Aisle
213932;Aisle;No;794;Aisle
213933;End-cap;No;983;End-cap
213934;Front of Store;No;924;Front of Store
213935;Aisle;Yes;1079;Aisle
213936;Front of Store;Yes;1606;Front of Store
213937;Front of Store;No;919;Front of Store
213938;Front of Store;Yes;1375;Front of Store
213939;End-cap;No;776;End-cap
213940;Front of Store;Yes;1240;Front of Store
213941;Front of Store;No;783;Front of Store
213942;Aisle;No;905;Aisle
213943;Aisle;No;778;Aisle
213944;Aisle;No;828;Aisle
213945;Front of Store;No;866;Front of Store
213946;Front of Store;Yes;1383;Front of Store
213947;Front of Store;No;714;Front of Store
213948;End-cap;Yes;1385;End-cap
213949;Front of Store;No;817;Front of Store
213950;End-cap;Yes;1578;End-cap
213951;Front of Store;No;761;Front of Store
213952;Front of Store;No;978;Front of Store
213953;End-cap;No;863;End-cap
213954;Front of Store;No;876;Front of Store
213955;Front of Store;Yes;1505;Front of Store
213956;Aisle;Yes;1346;Aisle
213957;Front of Store;No;825;Front of Store
213958;Aisle;No;837;Aisle
213959;Front of Store;No;808;Front of Store
213960;End-cap;No;838;End-cap
213961;End-cap;Yes;1582;End-cap
213962;Aisle;Yes;1565;Aisle
213963;Aisle;Yes;1276;Aisle
213964;Aisle;Yes;1690;Aisle
213965;Aisle;No;950;Aisle
213966;Aisle;Yes;1307;Aisle
213967;Aisle;No;1010;Aisle
213968;Aisle;No;819;Aisle
213969;Front of Store;No;1086;Front of Store
213970;Aisle;No;853;Aisle
213971;Aisle;Yes;1611;Aisle
213972;Aisle;No;764;Aisle
213973;End-cap;Yes;1511;End-cap
213974;End-cap;No;879;End-cap
213975;Aisle;No;938;Aisle
213976;Aisle;Yes;1483;Aisle
213977;End-cap;Yes;1390;End-cap
213978;End-cap;No;676;End-cap
213979;Aisle;Yes;1262;Aisle
213980;Aisle;No;925;Aisle
213981;End-cap;No;730;End-cap
213982;Aisle;No;789;Aisle
213983;End-cap;Yes;1303;End-cap
213984;Aisle;No;959;Aisle
213985;Front of Store;No;946;Front of Store
213986;End-cap;Yes;1390;End-cap
213987;End-cap;Yes;1241;End-cap
213988;Front of Store;No;892;Front of Store
213989;Front of Store;Yes;1454;Front of Store
213990;Front of Store;No;725;Front of Store
213991;Front of Store;No;912;Front of Store
213992;End-cap;Yes;1399;End-cap
213993;End-cap;Yes;1206;End-cap
213994;Front of Store;No;844;Front of Store
213995;Aisle;Yes;1318;Aisle
213996;Aisle;No;929;Aisle
213997;Aisle;No;640;Aisle
213998;End-cap;Yes;1259;End-cap
213999;Aisle;No;1018;Aisle
214000;End-cap;Yes;1253;End-cap
214001;Aisle;Yes;1486;Aisle
214002;End-cap;Yes;1252;End-cap
214003;Front of Store;No;834;Front of Store
214004;End-cap;Yes;1582;End-cap
214005;Front of Store;Yes;1498;Front of Store
214006;Aisle;No;829;Aisle
214007;Aisle;No;806;Aisle
214008;End-cap;Yes;1291;End-cap
214009;Aisle;No;891;Aisle
214010;End-cap;Yes;1547;End-cap
214011;End-cap;No;808;End-cap
214012;Front of Store;No;804;Front of Store
214013;Front of Store;No;814;Front of Store
214014;Front of Store;No;936;Front of Store
214015;Front of Store;Yes;1360;Front of Store
214016;Aisle;No;967;Aisle
214017;Front of Store;Yes;1795;Front of Store
214018;Aisle;Yes;1448;Aisle
214019;End-cap;No;967;End-cap
214020;Aisle;No;914;Aisle
214021;Front of Store;Yes;1324;Front of Store
214022;Front of Store;Yes;1373;Front of Store
214023;End-cap;No;1065;End-cap
214024;Front of Store;No;942;Front of Store
214025;Front of Store;No;1090;Front of Store
214026;Aisle;No;791;Aisle
214027;End-cap;Yes;1340;End-cap
214028;End-cap;Yes;1246;End-cap
214029;Aisle;No;784;Aisle
214030;End-cap;Yes;1459;End-cap
214031;End-cap;Yes;1451;End-cap
214032;Front of Store;No;678;Front of Store
214033;End-cap;No;881;End-cap
214034;Aisle;No;1036;Aisle
214035;Aisle;No;857;Aisle
214036;Front of Store;Yes;1656;Front of Store
214037;Front of Store;No;997;Front of Store
214038;End-cap;Yes;1154;End-cap
214039;End-cap;No;846;End-cap
214040;Aisle;Yes;1520;Aisle
214041;Aisle;No;928;Aisle
214042;Aisle;No;993;Aisle
214043;End-cap;Yes;1538;End-cap
214044;Aisle;Yes;1388;Aisle
214045;End-cap;No;988;End-cap
214046;Aisle;No;866;Aisle
214047;Front of Store;Yes;1411;Front of Store
214048;Aisle;No;796;Aisle
214049;Front of Store;No;739;Front of Store
214050;Front of Store;Yes;1742;Front of Store
214051;Aisle;Yes;1321;Aisle
214052;Aisle;Yes;1211;Aisle
214053;Front of Store;Yes;1284;Front of Store
214054;Aisle;No;848;Aisle
214055;Front of Store;Yes;1424;Front of Store
214056;Aisle;Yes;1181;Aisle
214057;Front of Store;No;1013;Front of Store
214058;Front of Store;No;852;Front of Store
214059;Front of Store;No;895;Front of Store
214060;End-cap;No;851;End-cap
214061;End-cap;Yes;1429;End-cap
214062;End-cap;No;809;End-cap
214063;Aisle;Yes;1524;Aisle
214064;Aisle;No;775;Aisle
214065;Front of Store;No;881;Front of Store
214066;Front of Store;Yes;1362;Front of Store
214067;Aisle;Yes;1361;Aisle
214068;End-cap;Yes;1401;End-cap
214069;Front of Store;No;790;Front of Store
214070;End-cap;Yes;1465;End-cap
214071;Front of Store;No;1021;Front of Store
214072;Front of Store;No;847;Front of Store
214073;Front of Store;No;885;Front of Store
214074;End-cap;No;939;End-cap
214075;End-cap;No;854;End-cap
214076;Aisle;No;897;Aisle
214077;Aisle;Yes;1225;Aisle
214078;Aisle;No;852;Aisle
214079;End-cap;No;896;End-cap
214080;End-cap;No;958;End-cap
214081;Front of Store;No;905;Front of Store
214082;End-cap;No;804;End-cap
214083;Aisle;Yes;1272;Aisle
214084;End-cap;Yes;1123;End-cap
214085;Aisle;Yes;1674;Aisle
214086;End-cap;No;844;End-cap
214087;End-cap;No;785;End-cap
214088;Front of Store;Yes;1556;Front of Store
214089;Front of Store;Yes;1461;Front of Store
214090;Aisle;No;1207;Aisle
214091;Aisle;Yes;1492;Aisle
214092;Aisle;No;827;Aisle
214093;End-cap;No;959;End-cap
214094;Aisle;Yes;1455;Aisle
214095;Aisle;No;767;Aisle
214096;End-cap;Yes;1474;End-cap
214097;Front of Store;No;736;Front of Store
214098;Front of Store;Yes;1479;Front of Store
214099;Aisle;Yes;1212;Aisle
214100;End-cap;No;787;End-cap
214101;Front of Store;Yes;1567;Front of Store
214102;End-cap;No;931;End-cap
214103;Front of Store;No;922;Front of Store
214104;Aisle;No;809;Aisle
214105;End-cap;Yes;1416;End-cap
214106;Aisle;Yes;1619;Aisle
214107;End-cap;Yes;1267;End-cap
214108;End-cap;No;781;End-cap
214109;Front of Store;Yes;1450;Front of Store
214110;End-cap;Yes;1543;End-cap
214111;Aisle;Yes;1535;Aisle
214112;Front of Store;No;904;Front of Store
214113;Aisle;No;947;Aisle
214114;Front of Store;No;826;Front of Store
214115;End-cap;No;938;End-cap
214116;Aisle;Yes;1717;Aisle
214117;Front of Store;No;894;Front of Store
214118;Front of Store;No;810;Front of Store
214119;Front of Store;No;877;Front of Store
214120;Aisle;Yes;1462;Aisle
214121;End-cap;No;865;End-cap
214122;Aisle;Yes;1393;Aisle
214123;Aisle;No;1121;Aisle
214124;Front of Store;No;979;Front of Store
214125;Front of Store;No;757;Front of Store
214126;Aisle;No;947;Aisle
214127;Front of Store;Yes;1277;Front of Store
214128;Aisle;No;819;Aisle
214129;Aisle;Yes;1281;Aisle
214130;Front of Store;No;850;Front of Store
214131;Front of Store;Yes;1409;Front of Store
214132;Front of Store;No;782;Front of Store
214133;Front of Store;Yes;1612;Front of Store
214134;End-cap;Yes;1628;End-cap
214135;Aisle;No;952;Aisle
214136;Aisle;Yes;1530;Aisle
214137;Front of Store;Yes;1503;Front of Store
214138;Front of Store;Yes;1199;Front of Store
214139;Aisle;No;743;Aisle
214140;Aisle;Yes;1229;Aisle
214141;Front of Store;No;1062;Front of Store
214142;Aisle;Yes;1330;Aisle
214143;Front of Store;Yes;1308;Front of Store
214144;Front of Store;No;968;Front of Store
214145;Aisle;Yes;1535;Aisle
214146;Front of Store;No;1040;Front of Store
214147;Front of Store;No;1151;Front of Store
214148;Aisle;Yes;1446;Aisle
214149;End-cap;Yes;1548;End-cap
214150;Aisle;No;760;Aisle
214151;Front of Store;No;719;Front of Store
214152;Aisle;Yes;1193;Aisle
214153;End-cap;Yes;1430;End-cap
214154;End-cap;Yes;1707;End-cap
214155;Front of Store;No;862;Front of Store
214156;Front of Store;No;839;Front of Store
214157;Aisle;No;892;Aisle
214158;Front of Store;Yes;1664;Front of Store
214159;Aisle;No;770;Aisle
214160;Aisle;Yes;1359;Aisle
214161;Aisle;No;923;Aisle
214162;Aisle;Yes;1553;Aisle
214163;Aisle;No;852;Aisle
214164;Aisle;No;785;Aisle
214165;Aisle;No;1100;Aisle
214166;End-cap;Yes;1676;End-cap
214167;Aisle;No;824;Aisle
214168;End-cap;Yes;1221;End-cap
214169;End-cap;Yes;1210;End-cap
214170;End-cap;Yes;1242;End-cap
214171;Aisle;No;784;Aisle
214172;End-cap;Yes;1212;End-cap
214173;Front of Store;No;963;Front of Store
214174;Front of Store;No;945;Front of Store
214175;End-cap;Yes;1250;End-cap
214176;Aisle;No;1062;Aisle
214177;End-cap;No;867;End-cap
214178;Front of Store;Yes;1373;Front of Store
214179;End-cap;Yes;1594;End-cap
214180;Aisle;No;744;Aisle
214181;Aisle;No;913;Aisle
214182;Aisle;Yes;1279;Aisle
214183;Aisle;No;1029;Aisle
214184;Aisle;No;957;Aisle
214185;Aisle;Yes;1801;Aisle
214186;Front of Store;Yes;1556;Front of Store
214187;Aisle;No;850;Aisle
214188;Front of Store;No;854;Front of Store
214189;Aisle;No;1001;Aisle
214190;Aisle;Yes;1379;Aisle
214191;Aisle;No;942;Aisle
214192;Front of Store;No;970;Front of Store
214193;End-cap;No;786;End-cap
214194;Aisle;No;856;Aisle
214195;Aisle;Yes;1546;Aisle
214196;Aisle;Yes;1506;Aisle
214197;End-cap;No;849;End-cap
214198;Front of Store;No;815;Front of Store
214199;Front of Store;No;997;Front of Store
214200;End-cap;No;860;End-cap
214201;End-cap;Yes;1257;End-cap
214202;Front of Store;No;1162;Front of Store
214203;Front of Store;No;894;Front of Store
214204;Front of Store;No;776;Front of Store
214205;Aisle;Yes;1351;Aisle
214206;Aisle;No;877;Aisle
214207;Aisle;No;748;Aisle
214208;Aisle;No;1090;Aisle
214209;Front of Store;Yes;1551;Front of Store
214210;Aisle;Yes;1287;Aisle
214211;Aisle;No;900;Aisle
214212;Aisle;Yes;1471;Aisle
214213;Aisle;Yes;1323;Aisle
214214;Aisle;No;713;Aisle
214215;End-cap;Yes;1355;End-cap
214216;End-cap;No;1100;End-cap
214217;Aisle;Yes;1616;Aisle
214218;Aisle;Yes;1227;Aisle
214219;Aisle;No;930;Aisle
214220;Front of Store;Yes;1314;Front of Store
214221;Aisle;No;873;Aisle
214222;End-cap;No;1001;End-cap
214223;End-cap;No;829;End-cap
214224;Front of Store;Yes;1636;Front of Store
214225;Aisle;Yes;1546;Aisle
214226;Aisle;Yes;1247;Aisle
214227;Front of Store;No;1089;Front of Store
214228;End-cap;Yes;1392;End-cap
214229;End-cap;No;885;End-cap
214230;End-cap;No;873;End-cap
214231;Aisle;No;838;Aisle
214232;End-cap;Yes;1487;End-cap
214233;Front of Store;No;1130;Front of Store
214234;Front of Store;No;1025;Front of Store
214235;Aisle;Yes;1563;Aisle
214236;Aisle;No;790;Aisle
214237;Front of Store;Yes;1254;Front of Store
214238;Front of Store;No;802;Front of Store
214239;Front of Store;No;1041;Front of Store
214240;Aisle;No;866;Aisle
214241;Aisle;No;779;Aisle
214242;Front of Store;No;868;Front of Store
214243;End-cap;No;791;End-cap
214244;End-cap;No;819;End-cap
214245;Front of Store;No;676;Front of Store
214246;End-cap;Yes;1181;End-cap
214247;Front of Store;No;809;Front of Store
214248;Aisle;No;889;Aisle
214249;Front of Store;No;793;Front of Store
214250;Aisle;Yes;1709;Aisle
214251;End-cap;Yes;1869;End-cap
214252;Front of Store;Yes;1721;Front of Store
214253;Front of Store;Yes;1590;Front of Store
214254;Aisle;No;803;Aisle
214255;Aisle;Yes;1443;Aisle
214256;Aisle;Yes;1312;Aisle
214257;Aisle;No;816;Aisle
214258;Front of Store;No;847;Front of Store
214259;Aisle;No;720;Aisle
214260;Front of Store;Yes;1465;Front of Store
214261;Aisle;No;936;Aisle
214262;End-cap;Yes;1165;End-cap
214263;Aisle;No;820;Aisle
214264;End-cap;No;943;End-cap
214265;End-cap;Yes;1307;End-cap
214266;Aisle;No;845;Aisle
214267;End-cap;Yes;1566;End-cap
214268;End-cap;No;819;End-cap
214269;End-cap;No;788;End-cap
214270;Front of Store;No;832;Front of Store
214271;Aisle;Yes;1556;Aisle
214272;Aisle;Yes;1454;Aisle
214273;Front of Store;No;886;Front of Store
214274;Front of Store;No;985;Front of Store
214275;Aisle;Yes;1441;Aisle
214276;Front of Store;No;1110;Front of Store
214277;Front of Store;No;1176;Front of Store
214278;End-cap;No;708;End-cap
214279;Aisle;No;741;Aisle
214280;End-cap;No;1126;End-cap
214281;Front of Store;No;854;Front of Store
214282;Front of Store;Yes;1661;Front of Store
214283;Front of Store;No;765;Front of Store
214284;End-cap;Yes;1737;End-cap
214285;Aisle;Yes;1385;Aisle
214286;Aisle;Yes;1263;Aisle
214287;Aisle;Yes;1124;Aisle
214288;End-cap;No;696;End-cap
214289;Front of Store;Yes;1548;Front of Store
214290;Aisle;Yes;1464;Aisle
214291;Front of Store;No;838;Front of Store
214292;Front of Store;No;881;Front of Store
214293;Aisle;Yes;1386;Aisle
214294;End-cap;No;854;End-cap
214295;Front of Store;Yes;1610;Front of Store
214296;Front of Store;Yes;1504;Front of Store
214297;Front of Store;Yes;1185;Front of Store
214298;Aisle;Yes;1292;Aisle
214299;Aisle;No;837;Aisle
214300;Aisle;Yes;1452;Aisle
214301;Front of Store;No;762;Front of Store
214302;Aisle;No;1101;Aisle
214303;Aisle;Yes;1728;Aisle
214304;Aisle;No;1041;Aisle
214305;Front of Store;No;864;Front of Store
214306;End-cap;No;908;End-cap
214307;End-cap;Yes;1489;End-cap
214308;End-cap;No;851;End-cap
214309;Aisle;Yes;1333;Aisle
214310;Front of Store;No;807;Front of Store
214311;End-cap;No;1017;End-cap
214312;End-cap;No;1057;End-cap
214313;Aisle;Yes;1491;Aisle
214314;End-cap;No;1042;End-cap
214315;End-cap;Yes;1389;End-cap
214316;Aisle;Yes;1764;Aisle
214317;Aisle;Yes;1131;Aisle
214318;Aisle;Yes;1114;Aisle
214319;Front of Store;Yes;1205;Front of Store
214320;Aisle;Yes;1254;Aisle
214321;Front of Store;No;748;Front of Store
214322;Aisle;No;921;Aisle
214323;Aisle;Yes;1759;Aisle
214324;Aisle;No;902;Aisle
214325;Aisle;No;952;Aisle
214326;End-cap;Yes;1626;End-cap
214327;End-cap;No;706;End-cap
214328;Front of Store;No;683;Front of Store
214329;End-cap;No;773;End-cap
214330;Aisle;Yes;1320;Aisle
214331;Front of Store;Yes;1160;Front of Store
214332;End-cap;No;947;End-cap
214333;Aisle;No;1139;Aisle
214334;Aisle;No;819;Aisle
214335;End-cap;No;912;End-cap
214336;Front of Store;Yes;1421;Front of Store
214337;Front of Store;Yes;1436;Front of Store
214338;End-cap;No;1113;End-cap
214339;Front of Store;Yes;1227;Front of Store
214340;Front of Store;No;811;Front of Store
214341;End-cap;No;1091;End-cap
214342;Aisle;Yes;1317;Aisle
214343;Front of Store;No;889;Front of Store
214344;End-cap;Yes;1459;End-cap
214345;Aisle;No;986;Aisle
214346;Front of Store;Yes;1015;Front of Store
214347;End-cap;Yes;1332;End-cap
214348;Front of Store;Yes;1441;Front of Store
214349;Aisle;Yes;1166;Aisle
214350;Aisle;Yes;1324;Aisle
214351;End-cap;No;1077;End-cap
214352;Aisle;No;732;Aisle
214353;End-cap;No;874;End-cap
214354;Aisle;No;1124;Aisle
214355;Front of Store;No;846;Front of Store
214356;End-cap;Yes;1495;End-cap
214357;Aisle;Yes;1318;Aisle
214358;End-cap;No;883;End-cap
214359;Aisle;No;925;Aisle
214360;Aisle;No;810;Aisle
214361;Front of Store;Yes;1385;Front of Store
214362;End-cap;No;921;End-cap
214363;End-cap;Yes;1237;End-cap
214364;End-cap;No;744;End-cap
214365;End-cap;No;880;End-cap
214366;Front of Store;Yes;1572;Front of Store
214367;End-cap;Yes;1457;End-cap
214368;Front of Store;No;907;Front of Store
214369;End-cap;Yes;1454;End-cap
214370;End-cap;Yes;1591;End-cap
214371;Front of Store;No;964;Front of Store
214372;Front of Store;No;930;Front of Store
214373;Aisle;No;1037;Aisle
214374;Front of Store;No;837;Front of Store
214375;End-cap;Yes;1052;End-cap
214376;Aisle;No;882;Aisle
214377;Aisle;No;1007;Aisle
214378;Front of Store;No;661;Front of Store
214379;Aisle;No;766;Aisle
214380;Aisle;No;797;Aisle
214381;Aisle;No;800;Aisle
214382;Aisle;Yes;1683;Aisle
214383;End-cap;No;988;End-cap
214384;Aisle;Yes;1763;Aisle
214385;Front of Store;Yes;1293;Front of Store
214386;End-cap;No;974;End-cap
214387;End-cap;No;973;End-cap
214388;End-cap;No;736;End-cap
214389;Front of Store;No;799;Front of Store
214390;End-cap;Yes;1287;End-cap
214391;Aisle;Yes;1539;Aisle
214392;End-cap;Yes;1349;End-cap
214393;Aisle;Yes;1392;Aisle
214394;End-cap;No;745;End-cap
214395;Aisle;Yes;1332;Aisle
214396;Front of Store;No;887;Front of Store
214397;End-cap;No;964;End-cap
214398;Aisle;No;842;Aisle
214399;End-cap;No;857;End-cap
214400;Aisle;No;840;Aisle
214401;Aisle;Yes;1145;Aisle
214402;End-cap;No;785;End-cap
214403;End-cap;No;701;End-cap
214404;Front of Store;No;763;Front of Store
214405;Aisle;Yes;1466;Aisle
214406;Aisle;Yes;1614;Aisle
214407;Front of Store;Yes;1514;Front of Store
214408;End-cap;No;713;End-cap
214409;Front of Store;No;879;Front of Store
214410;Aisle;No;669;Aisle
214411;Aisle;No;809;Aisle
214412;End-cap;No;910;End-cap
214413;Front of Store;No;829;Front of Store
214414;Aisle;No;931;Aisle
214415;Front of Store;Yes;1730;Front of Store
214416;Aisle;No;910;Aisle
214417;Aisle;Yes;1614;Aisle
214418;End-cap;Yes;1775;End-cap
214419;End-cap;Yes;1449;End-cap
214420;Aisle;Yes;1376;Aisle
214421;Aisle;No;761;Aisle
214422;End-cap;Yes;1586;End-cap
214423;End-cap;No;973;End-cap
214424;End-cap;No;916;End-cap
214425;End-cap;No;918;End-cap
214426;Aisle;Yes;1342;Aisle
214427;Aisle;No;767;Aisle
214428;Aisle;No;1058;Aisle
214429;Aisle;Yes;1338;Aisle
214430;End-cap;No;908;End-cap
214431;Aisle;No;950;Aisle
214432;End-cap;No;1021;End-cap
214433;Aisle;No;1011;Aisle
214434;Aisle;No;835;Aisle
214435;Aisle;Yes;1360;Aisle
214436;Aisle;No;735;Aisle
214437;Aisle;No;794;Aisle
214438;Front of Store;No;860;Front of Store
214439;Aisle;Yes;1333;Aisle
214440;Front of Store;Yes;1189;Front of Store
214441;Front of Store;No;862;Front of Store
214442;Front of Store;No;756;Front of Store
214443;Front of Store;Yes;1577;Front of Store
214444;Aisle;No;864;Aisle
214445;End-cap;No;753;End-cap
214446;Aisle;Yes;1564;Aisle
214447;End-cap;No;1040;End-cap
214448;End-cap;Yes;1239;End-cap
214449;End-cap;No;1198;End-cap
214450;End-cap;No;766;End-cap
214451;Front of Store;No;879;Front of Store
214452;End-cap;Yes;1250;End-cap
214453;End-cap;Yes;1267;End-cap
214454;End-cap;No;687;End-cap
214455;End-cap;Yes;1424;End-cap
214456;Aisle;No;990;Aisle
214457;End-cap;Yes;1444;End-cap
214458;End-cap;Yes;1252;End-cap
214459;End-cap;Yes;1494;End-cap
214460;Aisle;Yes;1556;Aisle
214461;Aisle;No;984;Aisle
214462;Front of Store;Yes;1535;Front of Store
214463;End-cap;Yes;1096;End-cap
214464;Front of Store;No;923;Front of Store
214465;End-cap;No;777;End-cap
214466;Aisle;No;1002;Aisle
214467;End-cap;No;710;End-cap
214468;Aisle;Yes;1304;Aisle
214469;Aisle;No;987;Aisle
214470;Front of Store;No;1114;Front of Store
214471;End-cap;No;724;End-cap
214472;Aisle;Yes;1366;Aisle
214473;Front of Store;Yes;1042;Front of Store
214474;Front of Store;Yes;1423;Front of Store
214475;Front of Store;No;905;Front of Store
214476;Front of Store;Yes;1412;Front of Store
214477;Front of Store;Yes;1430;Front of Store
214478;Aisle;No;1087;Aisle
214479;Aisle;No;927;Aisle
214480;Aisle;Yes;1504;Aisle
214481;Aisle;No;962;Aisle
214482;Aisle;Yes;1398;Aisle
214483;Aisle;No;938;Aisle
214484;Aisle;Yes;1452;Aisle
214485;Front of Store;Yes;1638;Front of Store
214486;End-cap;No;900;End-cap
214487;Front of Store;Yes;1282;Front of Store
214488;Front of Store;No;788;Front of Store
214489;Front of Store;No;678;Front of Store
214490;Aisle;No;759;Aisle
214491;End-cap;Yes;1326;End-cap
214492;End-cap;No;1057;End-cap
214493;Front of Store;Yes;1668;Front of Store
214494;End-cap;No;816;End-cap
214495;End-cap;Yes;1346;End-cap
214496;Aisle;No;962;Aisle
214497;Front of Store;Yes;1302;Front of Store
214498;Aisle;No;1058;Aisle
214499;End-cap;No;922;End-cap
214500;Front of Store;Yes;1244;Front of Store
214501;End-cap;Yes;1187;End-cap
214502;Front of Store;No;798;Front of Store
214503;Aisle;No;849;Aisle
214504;End-cap;No;1048;End-cap
214505;Front of Store;Yes;1555;Front of Store
214506;End-cap;No;649;End-cap
214507;Aisle;No;886;Aisle
214508;End-cap;No;917;End-cap
214509;Front of Store;Yes;1518;Front of Store
214510;End-cap;Yes;1687;End-cap
214511;Front of Store;Yes;1476;Front of Store
214512;Front of Store;Yes;1508;Front of Store
214513;Aisle;No;804;Aisle
214514;Front of Store;Yes;1410;Front of Store
214515;End-cap;Yes;1836;End-cap
214516;Aisle;Yes;1633;Aisle
214517;End-cap;No;753;End-cap
214518;Aisle;No;783;Aisle
214519;End-cap;No;699;End-cap
214520;End-cap;No;1059;End-cap
214521;End-cap;No;927;End-cap
214522;End-cap;Yes;1310;End-cap
214523;Front of Store;No;870;Front of Store
214524;End-cap;No;764;End-cap
214525;Aisle;Yes;1548;Aisle
214526;Aisle;Yes;1344;Aisle
214527;Front of Store;No;775;Front of Store
214528;Aisle;No;858;Aisle
214529;End-cap;No;863;End-cap
214530;Aisle;Yes;1463;Aisle
214531;Front of Store;Yes;1447;Front of Store
214532;End-cap;Yes;1133;End-cap
214533;Aisle;No;884;Aisle
214534;End-cap;No;833;End-cap
214535;End-cap;No;784;End-cap
214536;Aisle;Yes;1247;Aisle
214537;Aisle;Yes;1376;Aisle
214538;Aisle;Yes;1081;Aisle
214539;Aisle;Yes;1258;Aisle
214540;Aisle;Yes;1412;Aisle
214541;End-cap;Yes;1270;End-cap
214542;Aisle;Yes;1657;Aisle
214543;End-cap;No;946;End-cap
214544;Front of Store;No;859;Front of Store
214545;End-cap;No;822;End-cap
214546;Aisle;No;904;Aisle
214547;End-cap;No;1147;End-cap
214548;Front of Store;No;805;Front of Store
214549;Front of Store;No;1021;Front of Store
214550;Aisle;Yes;1466;Aisle
214551;Aisle;Yes;1442;Aisle
214552;End-cap;No;882;End-cap
214553;End-cap;No;806;End-cap
214554;Front of Store;Yes;1926;Front of Store
214555;End-cap;No;1014;End-cap
214556;Front of Store;No;926;Front of Store
214557;End-cap;Yes;1304;End-cap
214558;End-cap;No;965;End-cap
214559;Aisle;Yes;1285;Aisle
214560;Aisle;Yes;1504;Aisle
214561;Aisle;No;912;Aisle
214562;Front of Store;No;829;Front of Store
214563;Front of Store;No;693;Front of Store
214564;Front of Store;No;748;Front of Store
214565;End-cap;Yes;1236;End-cap
214566;End-cap;No;1005;End-cap
214567;End-cap;Yes;1537;End-cap
214568;End-cap;Yes;1359;End-cap
214569;End-cap;No;864;End-cap
214570;Front of Store;No;741;Front of Store
214571;Aisle;No;974;Aisle
214572;Aisle;Yes;1500;Aisle
214573;Aisle;No;884;Aisle
214574;Aisle;No;905;Aisle
214575;End-cap;Yes;1198;End-cap
214576;Aisle;No;1026;Aisle
214577;Aisle;Yes;1575;Aisle
214578;End-cap;No;850;End-cap
214579;Aisle;No;895;Aisle
214580;Aisle;Yes;1421;Aisle
214581;End-cap;No;986;End-cap
214582;Front of Store;No;683;Front of Store
214583;End-cap;Yes;1226;End-cap
214584;Front of Store;No;841;Front of Store
214585;End-cap;Yes;1542;End-cap
214586;End-cap;No;957;End-cap
214587;End-cap;Yes;1410;End-cap
214588;End-cap;Yes;1253;End-cap
214589;Aisle;No;756;Aisle
214590;End-cap;Yes;1463;End-cap
214591;Front of Store;No;824;Front of Store
214592;End-cap;Yes;1222;End-cap
214593;Aisle;Yes;1538;Aisle
214594;Front of Store;No;834;Front of Store
214595;Aisle;Yes;1259;Aisle
214596;Aisle;No;803;Aisle
214597;End-cap;Yes;1653;End-cap
214598;Aisle;No;1006;Aisle
214599;Aisle;No;1037;Aisle
214600;Front of Store;No;706;Front of Store
214601;Aisle;No;866;Aisle
214602;End-cap;Yes;1392;End-cap
214603;Aisle;No;921;Aisle
214604;Aisle;No;801;Aisle
214605;Aisle;Yes;1498;Aisle
214606;Front of Store;No;852;Front of Store
214607;Aisle;No;962;Aisle
214608;Aisle;Yes;1432;Aisle
214609;End-cap;No;992;End-cap
214610;End-cap;No;859;End-cap
214611;End-cap;No;835;End-cap
214612;Front of Store;No;893;Front of Store
214613;Aisle;Yes;1258;Aisle
214614;Aisle;No;1075;Aisle
214615;Aisle;Yes;1812;Aisle
214616;Front of Store;No;887;Front of Store
214617;Aisle;No;780;Aisle
214618;End-cap;No;849;End-cap
214619;Front of Store;Yes;1506;Front of Store
214620;Aisle;No;987;Aisle
214621;End-cap;No;932;End-cap
214622;End-cap;Yes;1167;End-cap
214623;End-cap;Yes;1505;End-cap
214624;Aisle;Yes;1518;Aisle
214625;Front of Store;Yes;1415;Front of Store
214626;Front of Store;No;899;Front of Store
214627;Front of Store;No;908;Front of Store
214628;Front of Store;No;820;Front of Store
214629;End-cap;No;728;End-cap
214630;Aisle;No;879;Aisle
214631;End-cap;No;829;End-cap
214632;Front of Store;Yes;1396;Front of Store
214633;Aisle;Yes;1308;Aisle
214634;Front of Store;No;794;Front of Store
214635;Aisle;No;810;Aisle
214636;Aisle;Yes;1347;Aisle
214637;End-cap;No;771;End-cap
214638;End-cap;No;699;End-cap
214639;End-cap;No;783;End-cap
214640;Front of Store;No;730;Front of Store
214641;End-cap;Yes;1247;End-cap
214642;Aisle;Yes;1493;Aisle
214643;Aisle;Yes;1456;Aisle
214644;Aisle;Yes;1377;Aisle
214645;Front of Store;No;916;Front of Store
214646;End-cap;No;874;End-cap
214647;End-cap;Yes;1384;End-cap
214648;End-cap;No;797;End-cap
214649;Front of Store;No;1053;Front of Store
214650;End-cap;No;885;End-cap
214651;Aisle;No;841;Aisle
214652;End-cap;Yes;1433;End-cap
214653;Aisle;No;790;Aisle
214654;Front of Store;No;698;Front of Store
214655;End-cap;No;842;End-cap
214656;End-cap;No;813;End-cap
214657;Aisle;No;852;Aisle
214658;End-cap;No;834;End-cap
214659;Aisle;No;812;Aisle
214660;Front of Store;No;1139;Front of Store
214661;Front of Store;No;1016;Front of Store
214662;Front of Store;No;956;Front of Store
214663;End-cap;No;1133;End-cap
214664;Front of Store;No;947;Front of Store
214665;Aisle;No;782;Aisle
214666;End-cap;No;841;End-cap
214667;Aisle;Yes;1891;Aisle
214668;Front of Store;No;801;Front of Store
214669;Aisle;No;771;Aisle
214670;Aisle;No;1059;Aisle
214671;Aisle;Yes;1257;Aisle
214672;Front of Store;No;900;Front of Store
214673;Aisle;No;998;Aisle
214674;Front of Store;No;835;Front of Store
214675;Front of Store;No;1095;Front of Store
214676;Front of Store;Yes;1269;Front of Store
214677;End-cap;No;824;End-cap
214678;End-cap;No;724;End-cap
214679;Front of Store;Yes;1646;Front of Store
214680;Aisle;Yes;1099;Aisle
214681;Aisle;No;929;Aisle
214682;Aisle;No;770;Aisle
214683;Front of Store;No;851;Front of Store
214684;Front of Store;Yes;1373;Front of Store
214685;Front of Store;Yes;1511;Front of Store
214686;Aisle;No;913;Aisle
214687;End-cap;No;719;End-cap
214688;Aisle;Yes;1558;Aisle
214689;Aisle;Yes;1524;Aisle
214690;Front of Store;No;962;Front of Store
214691;Front of Store;Yes;1350;Front of Store
214692;Aisle;No;952;Aisle
214693;Aisle;Yes;1256;Aisle
214694;Aisle;Yes;1229;Aisle
214695;Front of Store;No;751;Front of Store
214696;Aisle;No;736;Aisle
214697;Aisle;No;912;Aisle
214698;End-cap;No;932;End-cap
214699;End-cap;Yes;1249;End-cap
214700;Aisle;No;1022;Aisle
214701;Front of Store;Yes;1324;Front of Store
214702;Aisle;Yes;1446;Aisle
214703;Aisle;Yes;1795;Aisle
214704;Aisle;Yes;1057;Aisle
214705;Aisle;Yes;1458;Aisle
214706;End-cap;No;870;End-cap
214707;Aisle;No;791;Aisle
214708;Front of Store;Yes;1627;Front of Store
214709;End-cap;No;961;End-cap
214710;Front of Store;Yes;1731;Front of Store
214711;Aisle;No;858;Aisle
214712;Aisle;Yes;1295;Aisle
214713;Aisle;Yes;1344;Aisle
214714;End-cap;Yes;1676;End-cap
214715;Aisle;Yes;1373;Aisle
214716;Aisle;No;910;Aisle
214717;End-cap;No;850;End-cap
214718;Front of Store;No;758;Front of Store
214719;Front of Store;Yes;1546;Front of Store
214720;End-cap;No;987;End-cap
214721;Aisle;No;1060;Aisle
214722;Aisle;No;794;Aisle
214723;Aisle;Yes;1290;Aisle
214724;Aisle;No;754;Aisle
214725;Aisle;No;589;Aisle
214726;Aisle;Yes;1431;Aisle
214727;Aisle;Yes;1069;Aisle
214728;End-cap;No;908;End-cap
214729;End-cap;Yes;1495;End-cap
214730;Front of Store;No;885;Front of Store
214731;Front of Store;Yes;1285;Front of Store
214732;Aisle;No;935;Aisle
214733;Front of Store;No;862;Front of Store
214734;End-cap;Yes;1285;End-cap
214735;Aisle;Yes;1250;Aisle
214736;Front of Store;Yes;1423;Front of Store
214737;End-cap;Yes;1342;End-cap
214738;Aisle;Yes;1813;Aisle
214739;Aisle;Yes;1203;Aisle
214740;End-cap;No;819;End-cap
214741;Aisle;No;849;Aisle
214742;Aisle;No;823;Aisle
214743;End-cap;No;786;End-cap
214744;Aisle;No;1078;Aisle
214745;Aisle;Yes;1379;Aisle
214746;Aisle;No;730;Aisle
214747;Front of Store;No;797;Front of Store
214748;Front of Store;No;956;Front of Store
214749;Front of Store;No;832;Front of Store
214750;Front of Store;Yes;1629;Front of Store
214751;Front of Store;Yes;1600;Front of Store
214752;Front of Store;Yes;1452;Front of Store
214753;Aisle;No;839;Aisle
214754;Front of Store;No;985;Front of Store
214755;End-cap;Yes;1254;End-cap
214756;Front of Store;No;875;Front of Store
214757;Front of Store;Yes;1069;Front of Store
214758;Aisle;No;900;Aisle
214759;Aisle;Yes;1250;Aisle
214760;End-cap;No;881;End-cap
214761;End-cap;No;782;End-cap
214762;Front of Store;Yes;1453;Front of Store
214763;Aisle;No;1030;Aisle
214764;End-cap;Yes;1323;End-cap
214765;End-cap;No;1115;End-cap
214766;Aisle;No;873;Aisle
214767;End-cap;No;767;End-cap
214768;Front of Store;Yes;1512;Front of Store
214769;Aisle;Yes;1602;Aisle
214770;Aisle;Yes;1387;Aisle
214771;End-cap;Yes;1786;End-cap
214772;End-cap;Yes;1247;End-cap
214773;Front of Store;Yes;1269;Front of Store
214774;End-cap;No;868;End-cap
214775;Aisle;Yes;1260;Aisle
214776;End-cap;No;945;End-cap
214777;End-cap;Yes;1305;End-cap
214778;End-cap;No;832;End-cap
214779;Front of Store;Yes;1724;Front of Store
214780;Front of Store;No;1007;Front of Store
214781;End-cap;Yes;1489;End-cap
214782;End-cap;No;842;End-cap
214783;Front of Store;Yes;1318;Front of Store
214784;Front of Store;No;925;Front of Store
214785;Aisle;No;771;Aisle
214786;Front of Store;Yes;1573;Front of Store
214787;End-cap;Yes;1634;End-cap
214788;End-cap;Yes;1463;End-cap
214789;End-cap;No;926;End-cap
214790;End-cap;No;738;End-cap
214791;Front of Store;No;1069;Front of Store
214792;End-cap;Yes;1212;End-cap
214793;Aisle;Yes;1226;Aisle
214794;End-cap;Yes;1515;End-cap
214795;Front of Store;Yes;1635;Front of Store
214796;Front of Store;No;977;Front of Store
214797;Front of Store;No;756;Front of Store
214798;Aisle;No;931;Aisle
214799;End-cap;No;806;End-cap
214800;End-cap;No;795;End-cap
214801;End-cap;Yes;1313;End-cap
214802;Front of Store;No;708;Front of Store
214803;Front of Store;No;879;Front of Store
214804;End-cap;No;921;End-cap
214805;Front of Store;No;849;Front of Store
214806;Front of Store;No;887;Front of Store
214807;Aisle;Yes;1171;Aisle
214808;End-cap;No;902;End-cap
214809;End-cap;No;832;End-cap
214810;End-cap;No;825;End-cap
214811;End-cap;No;840;End-cap
214812;Front of Store;No;851;Front of Store
214813;End-cap;No;1137;End-cap
214814;End-cap;Yes;1393;End-cap
214815;Aisle;Yes;1264;Aisle
214816;Aisle;Yes;1382;Aisle
214817;Aisle;No;793;Aisle
214818;End-cap;No;925;End-cap
214819;End-cap;No;751;End-cap
214820;Aisle;Yes;1529;Aisle
214821;Aisle;Yes;1299;Aisle
214822;Front of Store;Yes;1548;Front of Store
214823;End-cap;No;858;End-cap
214824;Front of Store;Yes;1415;Front of Store
214825;Aisle;No;779;Aisle
214826;Aisle;No;683;Aisle
214827;Aisle;Yes;1555;Aisle
214828;Front of Store;No;875;Front of Store
214829;End-cap;Yes;1538;End-cap
214830;End-cap;No;857;End-cap
214831;Front of Store;Yes;1471;Front of Store
214832;Front of Store;No;828;Front of Store
214833;Front of Store;No;635;Front of Store
214834;Aisle;Yes;1368;Aisle
214835;Aisle;No;880;Aisle
214836;End-cap;Yes;1244;End-cap
214837;End-cap;Yes;1255;End-cap
214838;Front of Store;No;936;Front of Store
214839;Aisle;No;778;Aisle
214840;Aisle;Yes;1765;Aisle
214841;Front of Store;No;880;Front of Store
214842;Aisle;No;931;Aisle
214843;Aisle;No;943;Aisle
214844;End-cap;Yes;1575;End-cap
214845;Aisle;Yes;1580;Aisle
214846;Aisle;Yes;1532;Aisle
214847;Front of Store;No;936;Front of Store
214848;Front of Store;No;907;Front of Store
214849;End-cap;No;920;End-cap
214850;Front of Store;No;1079;Front of Store
214851;End-cap;Yes;1496;End-cap
214852;Front of Store;No;815;Front of Store
214853;Front of Store;Yes;1388;Front of Store
214854;Front of Store;No;874;Front of Store
214855;End-cap;No;996;End-cap
214856;Aisle;No;1122;Aisle
214857;Front of Store;Yes;1498;Front of Store
214858;End-cap;No;651;End-cap
214859;End-cap;Yes;1369;End-cap
214860;Aisle;No;848;Aisle
214861;Aisle;No;660;Aisle
214862;Aisle;No;851;Aisle
214863;End-cap;No;841;End-cap
214864;Aisle;Yes;1442;Aisle
214865;End-cap;Yes;1539;End-cap
214866;Aisle;No;1026;Aisle
214867;Front of Store;Yes;1614;Front of Store
214868;End-cap;No;874;End-cap
214869;Aisle;No;1062;Aisle
214870;Front of Store;No;919;Front of Store
214871;Front of Store;Yes;1295;Front of Store
214872;End-cap;No;740;End-cap
214873;Front of Store;No;919;Front of Store
214874;Front of Store;No;682;Front of Store
214875;Front of Store;No;920;Front of Store
214876;Front of Store;Yes;1455;Front of Store
214877;Front of Store;Yes;1360;Front of Store
214878;Aisle;No;865;Aisle
214879;Aisle;Yes;1553;Aisle
214880;End-cap;Yes;1638;End-cap
214881;Aisle;No;897;Aisle
214882;End-cap;No;901;End-cap
214883;Front of Store;Yes;1173;Front of Store
214884;Aisle;Yes;1241;Aisle
214885;Front of Store;No;838;Front of Store
214886;End-cap;No;888;End-cap
214887;Aisle;No;924;Aisle
214888;End-cap;Yes;1261;End-cap
214889;Aisle;Yes;1448;Aisle
214890;Front of Store;Yes;1449;Front of Store
214891;Aisle;Yes;1557;Aisle
214892;Aisle;Yes;1597;Aisle
214893;Front of Store;No;793;Front of Store
214894;Front of Store;Yes;1274;Front of Store
214895;Aisle;No;874;Aisle
214896;End-cap;Yes;1486;End-cap
214897;End-cap;No;665;End-cap
214898;Front of Store;No;754;Front of Store
214899;Front of Store;Yes;1325;Front of Store
214900;End-cap;No;818;End-cap
214901;Aisle;No;799;Aisle
214902;End-cap;No;1004;End-cap
214903;Front of Store;No;853;Front of Store
214904;Front of Store;No;782;Front of Store
214905;End-cap;No;962;End-cap
214906;Aisle;No;830;Aisle
214907;End-cap;No;733;End-cap
214908;Aisle;Yes;1525;Aisle
214909;Aisle;No;930;Aisle
214910;Front of Store;Yes;1343;Front of Store
214911;Aisle;Yes;1446;Aisle
214912;Front of Store;No;847;Front of Store
214913;Aisle;No;998;Aisle
214914;End-cap;Yes;1355;End-cap
214915;End-cap;Yes;1411;End-cap
214916;End-cap;No;790;End-cap
214917;Front of Store;No;719;Front of Store
214918;Front of Store;Yes;1408;Front of Store
214919;Front of Store;No;876;Front of Store
214920;End-cap;Yes;1604;End-cap
214921;Aisle;Yes;1602;Aisle
214922;End-cap;Yes;1357;End-cap
214923;End-cap;No;673;End-cap
214924;Aisle;No;940;Aisle
214925;End-cap;Yes;1266;End-cap
214926;Front of Store;No;992;Front of Store
214927;End-cap;Yes;1482;End-cap
214928;Front of Store;Yes;1433;Front of Store
214929;End-cap;Yes;1580;End-cap
214930;End-cap;Yes;1324;End-cap
214931;Aisle;Yes;1430;Aisle
214932;Aisle;No;1138;Aisle
214933;Front of Store;Yes;1330;Front of Store
214934;Front of Store;Yes;1306;Front of Store
214935;Front of Store;Yes;1607;Front of Store
214936;End-cap;No;846;End-cap
214937;Front of Store;No;1016;Front of Store
214938;Aisle;No;931;Aisle
214939;Front of Store;Yes;1347;Front of Store
214940;Aisle;Yes;1549;Aisle
214941;End-cap;Yes;1405;End-cap
214942;Front of Store;Yes;1358;Front of Store
214943;End-cap;No;951;End-cap
214944;Front of Store;No;878;Front of Store
214945;End-cap;Yes;1462;End-cap
214946;End-cap;Yes;1408;End-cap
214947;Aisle;Yes;1262;Aisle
214948;End-cap;No;854;End-cap
214949;Front of Store;No;846;Front of Store
214950;End-cap;Yes;1420;End-cap
214951;Aisle;Yes;1160;Aisle
214952;Aisle;Yes;1526;Aisle
214953;End-cap;No;779;End-cap
214954;Front of Store;Yes;1355;Front of Store
214955;Aisle;No;961;Aisle
214956;Aisle;No;769;Aisle
214957;End-cap;No;986;End-cap
214958;End-cap;No;908;End-cap
214959;Aisle;No;888;Aisle
214960;End-cap;Yes;1291;End-cap
214961;Front of Store;No;1110;Front of Store
214962;Aisle;Yes;1451;Aisle
214963;End-cap;Yes;1505;End-cap
214964;Aisle;No;958;Aisle
214965;Aisle;No;950;Aisle
214966;End-cap;Yes;1384;End-cap
214967;End-cap;No;755;End-cap
214968;Aisle;No;780;Aisle
214969;Front of Store;Yes;1761;Front of Store
214970;Aisle;Yes;1716;Aisle
214971;Front of Store;Yes;1472;Front of Store
214972;Aisle;No;753;Aisle
214973;Aisle;No;937;Aisle
214974;Aisle;No;687;Aisle
214975;Aisle;Yes;1520;Aisle
214976;Aisle;Yes;1106;Aisle
214977;Aisle;No;726;Aisle
214978;End-cap;No;881;End-cap
214979;Front of Store;Yes;1431;Front of Store
214980;Front of Store;Yes;1483;Front of Store
214981;End-cap;Yes;1331;End-cap
214982;Aisle;No;786;Aisle
214983;Aisle;No;742;Aisle
214984;End-cap;Yes;1311;End-cap
214985;Front of Store;No;717;Front of Store
214986;End-cap;Yes;1459;End-cap
214987;Aisle;Yes;1273;Aisle
214988;Aisle;No;722;Aisle
214989;Front of Store;Yes;1250;Front of Store
214990;End-cap;No;1069;End-cap
214991;Front of Store;No;956;Front of Store
214992;End-cap;Yes;1378;End-cap
214993;Front of Store;No;881;Front of Store
214994;Aisle;No;899;Aisle
214995;End-cap;No;976;End-cap
214996;Front of Store;Yes;1324;Front of Store
214997;End-cap;No;869;End-cap
214998;Aisle;Yes;1287;Aisle
214999;End-cap;Yes;1264;End-cap
215000;Front of Store;No;889;Front of Store
215001;Front of Store;Yes;1430;Front of Store
215002;Aisle;No;929;Aisle
215003;End-cap;No;930;End-cap
215004;Front of Store;No;944;Front of Store
215005;End-cap;No;966;End-cap
215006;Front of Store;No;925;Front of Store
215007;End-cap;No;660;End-cap
215008;Front of Store;No;804;Front of Store
215009;End-cap;No;784;End-cap
215010;End-cap;No;1034;End-cap
215011;End-cap;Yes;1246;End-cap
215012;End-cap;No;956;End-cap
215013;Aisle;No;855;Aisle
215014;Aisle;Yes;1279;Aisle
215015;Aisle;Yes;1289;Aisle
215016;End-cap;Yes;1381;End-cap
215017;End-cap;No;976;End-cap
215018;Aisle;Yes;1524;Aisle
215019;Aisle;No;930;Aisle
215020;Front of Store;Yes;1556;Front of Store
215021;Front of Store;No;899;Front of Store
215022;End-cap;Yes;1193;End-cap
215023;Aisle;Yes;1092;Aisle
215024;Aisle;Yes;1245;Aisle
215025;End-cap;Yes;1204;End-cap
215026;End-cap;Yes;1526;End-cap
215027;Aisle;Yes;1612;Aisle
215028;Aisle;Yes;1225;Aisle
215029;End-cap;No;809;End-cap
215030;Aisle;Yes;1802;Aisle
215031;Aisle;Yes;1388;Aisle
215032;Front of Store;No;704;Front of Store
215033;End-cap;Yes;1402;End-cap
215034;Aisle;Yes;1298;Aisle
215035;Aisle;Yes;1571;Aisle
215036;End-cap;Yes;1241;End-cap
215037;Front of Store;No;764;Front of Store
215038;End-cap;Yes;1626;End-cap
215039;Front of Store;No;895;Front of Store
215040;End-cap;Yes;1206;End-cap
215041;Front of Store;Yes;1264;Front of Store
215042;Front of Store;Yes;1462;Front of Store
215043;Aisle;No;834;Aisle
215044;End-cap;Yes;1522;End-cap
215045;End-cap;No;837;End-cap
215046;Front of Store;No;765;Front of Store
215047;End-cap;Yes;1290;End-cap
215048;Aisle;Yes;1377;Aisle
215049;End-cap;Yes;1481;End-cap
215050;Front of Store;No;744;Front of Store
215051;Aisle;Yes;1344;Aisle
215052;Aisle;Yes;1648;Aisle
215053;End-cap;No;1004;End-cap
215054;Aisle;No;919;Aisle
215055;Aisle;Yes;1478;Aisle
215056;End-cap;No;1098;End-cap
215057;Front of Store;No;1028;Front of Store
215058;Aisle;Yes;1523;Aisle
215059;Front of Store;Yes;1427;Front of Store
215060;End-cap;No;849;End-cap
215061;Front of Store;Yes;1477;Front of Store
215062;Front of Store;No;654;Front of Store
215063;Front of Store;No;789;Front of Store
215064;Front of Store;No;1058;Front of Store
215065;End-cap;No;675;End-cap
215066;End-cap;Yes;1427;End-cap
215067;Front of Store;Yes;1386;Front of Store
215068;Aisle;No;861;Aisle
215069;Front of Store;No;836;Front of Store
215070;Aisle;Yes;1450;Aisle
215071;End-cap;Yes;1567;End-cap
215072;Aisle;No;932;Aisle
215073;Aisle;No;907;Aisle
215074;End-cap;No;892;End-cap
215075;Aisle;No;927;Aisle
215076;Aisle;Yes;1492;Aisle
215077;End-cap;Yes;1172;End-cap
215078;Front of Store;No;865;Front of Store
215079;End-cap;Yes;1408;End-cap
215080;Front of Store;No;1060;Front of Store
215081;Aisle;Yes;1310;Aisle
215082;Front of Store;Yes;1189;Front of Store
215083;Aisle;No;743;Aisle
215084;Front of Store;Yes;1498;Front of Store
215085;End-cap;No;805;End-cap
215086;Front of Store;Yes;1576;Front of Store
215087;Aisle;No;1048;Aisle
215088;End-cap;No;957;End-cap
215089;Front of Store;No;978;Front of Store
215090;Aisle;No;955;Aisle
215091;Aisle;No;746;Aisle
215092;End-cap;Yes;1453;End-cap
215093;End-cap;No;895;End-cap
215094;Front of Store;Yes;1328;Front of Store
215095;Front of Store;Yes;1178;Front of Store
215096;Front of Store;Yes;1302;Front of Store
215097;End-cap;No;846;End-cap
215098;Aisle;No;874;Aisle
215099;End-cap;Yes;1464;End-cap
215100;End-cap;No;758;End-cap
215101;End-cap;No;826;End-cap
215102;Aisle;No;1004;Aisle
215103;Aisle;No;926;Aisle
215104;End-cap;Yes;1406;End-cap
215105;Front of Store;Yes;1384;Front of Store
215106;Aisle;No;917;Aisle
215107;End-cap;Yes;1312;End-cap
215108;End-cap;Yes;1510;End-cap
215109;Aisle;Yes;1444;Aisle
215110;Aisle;Yes;1551;Aisle
215111;Front of Store;No;851;Front of Store
215112;Front of Store;No;1003;Front of Store
215113;Aisle;Yes;1215;Aisle
215114;Aisle;Yes;1532;Aisle
215115;Aisle;No;1052;Aisle
215116;Aisle;No;946;Aisle
215117;End-cap;No;737;End-cap
215118;Front of Store;No;913;Front of Store
215119;End-cap;No;872;End-cap
215120;Front of Store;No;816;Front of Store
215121;Front of Store;No;857;Front of Store
215122;Front of Store;No;889;Front of Store
215123;Aisle;No;1016;Aisle
215124;End-cap;No;933;End-cap
215125;End-cap;No;753;End-cap
215126;End-cap;Yes;1453;End-cap
215127;Aisle;Yes;1399;Aisle
215128;Front of Store;No;977;Front of Store
215129;Aisle;No;1014;Aisle
215130;End-cap;No;685;End-cap
215131;Front of Store;Yes;1431;Front of Store
215132;Aisle;Yes;1716;Aisle
215133;Front of Store;Yes;1127;Front of Store
215134;End-cap;No;700;End-cap
215135;Aisle;No;960;Aisle
215136;Aisle;Yes;1269;Aisle
215137;End-cap;No;968;End-cap
215138;Front of Store;Yes;1158;Front of Store
215139;Front of Store;Yes;1432;Front of Store
215140;Aisle;Yes;1366;Aisle
215141;Front of Store;Yes;1385;Front of Store
215142;Front of Store;Yes;1273;Front of Store
215143;Aisle;No;953;Aisle
215144;End-cap;No;925;End-cap
215145;End-cap;Yes;1559;End-cap
215146;Front of Store;No;781;Front of Store
215147;Front of Store;No;718;Front of Store
215148;End-cap;No;981;End-cap
215149;Aisle;Yes;1180;Aisle
215150;End-cap;No;811;End-cap
215151;Aisle;No;886;Aisle
215152;Aisle;No;906;Aisle
215153;Front of Store;No;972;Front of Store
215154;Front of Store;Yes;1591;Front of Store
215155;Front of Store;No;788;Front of Store
215156;Aisle;No;741;Aisle
215157;End-cap;Yes;1563;End-cap
215158;Aisle;Yes;1507;Aisle
215159;Aisle;Yes;1475;Aisle
215160;Aisle;Yes;1388;Aisle
215161;Front of Store;No;1093;Front of Store
215162;Front of Store;No;907;Front of Store
215163;End-cap;No;812;End-cap
215164;End-cap;No;943;End-cap
215165;Front of Store;No;867;Front of Store
215166;End-cap;Yes;1637;End-cap
215167;End-cap;No;885;End-cap
215168;Aisle;No;857;Aisle
215169;Aisle;No;863;Aisle
215170;Front of Store;No;910;Front of Store
215171;End-cap;Yes;1543;End-cap
215172;Aisle;No;903;Aisle
215173;End-cap;No;821;End-cap
215174;Front of Store;No;847;Front of Store
215175;Aisle;No;835;Aisle
215176;Aisle;Yes;1412;Aisle
215177;End-cap;No;824;End-cap
215178;End-cap;No;969;End-cap
215179;Aisle;Yes;1646;Aisle
215180;Front of Store;Yes;1424;Front of Store
215181;End-cap;No;919;End-cap
215182;Aisle;Yes;1193;Aisle
215183;Aisle;Yes;1509;Aisle
215184;Front of Store;Yes;1457;Front of Store
215185;End-cap;Yes;1428;End-cap
215186;Aisle;Yes;1356;Aisle
215187;Front of Store;No;822;Front of Store
215188;End-cap;No;635;End-cap
215189;End-cap;No;859;End-cap
215190;Aisle;No;939;Aisle
215191;Aisle;No;875;Aisle
215192;End-cap;No;679;End-cap
215193;Aisle;No;855;Aisle
215194;Aisle;No;970;Aisle
215195;End-cap;No;842;End-cap
215196;Aisle;No;1004;Aisle
215197;Front of Store;Yes;1606;Front of Store
215198;Aisle;No;907;Aisle
215199;Aisle;No;912;Aisle
215200;End-cap;Yes;1578;End-cap
215201;Front of Store;No;911;Front of Store
215202;Aisle;No;1073;Aisle
215203;Front of Store;No;1006;Front of Store
215204;Front of Store;Yes;1514;Front of Store
215205;End-cap;No;811;End-cap
215206;End-cap;No;880;End-cap
215207;Aisle;Yes;1291;Aisle
215208;Aisle;Yes;1422;Aisle
215209;Aisle;No;926;Aisle
215210;Aisle;No;965;Aisle
215211;Aisle;No;986;Aisle
215212;Aisle;No;874;Aisle
215213;End-cap;Yes;1443;End-cap
215214;Aisle;Yes;1274;Aisle
215215;End-cap;No;767;End-cap
215216;Aisle;No;1041;Aisle
215217;Aisle;No;987;Aisle
215218;End-cap;No;970;End-cap
215219;End-cap;No;908;End-cap
215220;Front of Store;Yes;1596;Front of Store
215221;Aisle;No;783;Aisle
215222;Front of Store;Yes;1349;Front of Store
215223;Aisle;No;925;Aisle
215224;Front of Store;Yes;1386;Front of Store
215225;Front of Store;No;877;Front of Store
215226;Aisle;No;1167;Aisle
215227;Front of Store;No;734;Front of Store
215228;Aisle;Yes;1462;Aisle
215229;End-cap;No;817;End-cap
215230;Aisle;Yes;1373;Aisle
215231;Aisle;Yes;1455;Aisle
215232;Front of Store;No;772;Front of Store
215233;End-cap;No;925;End-cap
215234;End-cap;Yes;1118;End-cap
215235;Aisle;No;960;Aisle
215236;Front of Store;No;906;Front of Store
215237;Aisle;No;686;Aisle
215238;Aisle;Yes;1580;Aisle
215239;Aisle;Yes;1072;Aisle
215240;Aisle;Yes;1694;Aisle
215241;Aisle;No;929;Aisle
215242;Aisle;No;793;Aisle
215243;End-cap;No;669;End-cap
215244;Front of Store;Yes;1461;Front of Store
215245;End-cap;No;850;End-cap
215246;End-cap;No;728;End-cap
215247;Aisle;Yes;1440;Aisle
215248;Front of Store;No;659;Front of Store
215249;End-cap;Yes;1130;End-cap
215250;Front of Store;No;803;Front of Store
215251;End-cap;Yes;1459;End-cap
215252;Aisle;Yes;1011;Aisle
215253;End-cap;No;853;End-cap
215254;End-cap;No;867;End-cap
215255;Aisle;No;1066;Aisle
215256;Aisle;Yes;1384;Aisle
215257;Front of Store;Yes;1381;Front of Store
215258;Aisle;Yes;1297;Aisle
215259;Front of Store;No;936;Front of Store
215260;End-cap;Yes;1640;End-cap
215261;End-cap;Yes;1465;End-cap
215262;End-cap;No;980;End-cap
215263;End-cap;No;848;End-cap
215264;End-cap;No;971;End-cap
215265;End-cap;No;922;End-cap
215266;End-cap;No;780;End-cap
215267;End-cap;No;923;End-cap
215268;Aisle;Yes;1607;Aisle
215269;End-cap;Yes;1652;End-cap
215270;Aisle;No;797;Aisle
215271;Aisle;No;824;Aisle
215272;End-cap;Yes;1796;End-cap
215273;Aisle;No;835;Aisle
215274;End-cap;No;988;End-cap
215275;Aisle;No;771;Aisle
215276;End-cap;No;938;End-cap
215277;Aisle;No;803;Aisle
215278;Aisle;Yes;1508;Aisle
215279;Aisle;No;874;Aisle
215280;Aisle;Yes;1573;Aisle
215281;Aisle;No;908;Aisle
215282;Aisle;No;1001;Aisle
215283;Front of Store;Yes;1594;Front of Store
215284;Front of Store;No;953;Front of Store
215285;Front of Store;Yes;1324;Front of Store
215286;Front of Store;Yes;1669;Front of Store
215287;End-cap;Yes;1072;End-cap
215288;Aisle;No;851;Aisle
215289;Front of Store;Yes;1056;Front of Store
215290;Aisle;No;864;Aisle
215291;End-cap;Yes;1473;End-cap
215292;End-cap;Yes;1241;End-cap
215293;Front of Store;No;1057;Front of Store
215294;Front of Store;No;1036;Front of Store
215295;Aisle;Yes;1241;Aisle
215296;Front of Store;No;806;Front of Store
215297;Aisle;No;669;Aisle
215298;End-cap;No;906;End-cap
215299;End-cap;Yes;1465;End-cap
215300;Front of Store;No;791;Front of Store
215301;Front of Store;No;904;Front of Store
215302;End-cap;Yes;1311;End-cap
215303;Aisle;Yes;1629;Aisle
215304;Front of Store;Yes;1345;Front of Store
215305;End-cap;No;817;End-cap
215306;End-cap;No;643;End-cap
215307;Front of Store;No;836;Front of Store
215308;Front of Store;No;965;Front of Store
215309;End-cap;No;1004;End-cap
215310;Front of Store;Yes;1391;Front of Store
215311;Aisle;Yes;1633;Aisle
215312;Front of Store;No;630;Front of Store
215313;Aisle;No;935;Aisle
215314;End-cap;Yes;1070;End-cap
215315;End-cap;No;889;End-cap
215316;Front of Store;Yes;1629;Front of Store
215317;End-cap;No;947;End-cap
215318;Aisle;Yes;1474;Aisle
215319;Aisle;Yes;1540;Aisle
215320;Front of Store;No;817;Front of Store
215321;End-cap;Yes;1563;End-cap
215322;End-cap;Yes;1344;End-cap
215323;Aisle;Yes;1344;Aisle
215324;Aisle;No;708;Aisle
215325;Front of Store;Yes;1380;Front of Store
215326;Front of Store;Yes;1475;Front of Store
215327;Aisle;No;708;Aisle
215328;End-cap;No;661;End-cap
215329;Aisle;No;817;Aisle
215330;Front of Store;Yes;1302;Front of Store
215331;Front of Store;Yes;1295;Front of Store
215332;Aisle;No;1033;Aisle
215333;Aisle;No;786;Aisle
215334;Aisle;No;1058;Aisle
215335;Aisle;No;759;Aisle
215336;Front of Store;Yes;1375;Front of Store
215337;End-cap;Yes;1366;End-cap
215338;Front of Store;Yes;1565;Front of Store
215339;End-cap;No;810;End-cap
215340;Front of Store;No;729;Front of Store
215341;End-cap;No;870;End-cap
215342;Aisle;No;769;Aisle
215343;End-cap;No;974;End-cap
215344;Front of Store;Yes;1662;Front of Store
215345;End-cap;No;843;End-cap
215346;Aisle;No;853;Aisle
215347;End-cap;No;807;End-cap
215348;End-cap;Yes;1607;End-cap
215349;Front of Store;Yes;1540;Front of Store
215350;Aisle;Yes;1663;Aisle
215351;End-cap;No;563;End-cap
215352;End-cap;No;841;End-cap
215353;Front of Store;No;926;Front of Store
215354;Front of Store;Yes;1559;Front of Store
215355;End-cap;Yes;1491;End-cap
215356;Aisle;No;1129;Aisle
215357;Aisle;Yes;1101;Aisle
215358;Aisle;Yes;1442;Aisle
215359;Front of Store;No;794;Front of Store
215360;Aisle;No;857;Aisle
215361;Aisle;No;999;Aisle
215362;End-cap;Yes;1293;End-cap
215363;Aisle;No;898;Aisle
215364;End-cap;No;804;End-cap
215365;Aisle;No;1103;Aisle
215366;Aisle;No;841;Aisle
215367;End-cap;Yes;1325;End-cap
215368;Aisle;No;892;Aisle
215369;Front of Store;No;779;Front of Store
215370;Front of Store;No;848;Front of Store
215371;End-cap;No;912;End-cap
215372;Aisle;No;943;Aisle
215373;Front of Store;No;708;Front of Store
215374;End-cap;Yes;1206;End-cap
215375;End-cap;No;770;End-cap
215376;End-cap;Yes;1025;End-cap
215377;Aisle;No;920;Aisle
215378;End-cap;Yes;1246;End-cap
215379;End-cap;Yes;1401;End-cap
215380;Aisle;Yes;1358;Aisle
215381;End-cap;Yes;1511;End-cap
215382;End-cap;Yes;1319;End-cap
215383;Aisle;Yes;1377;Aisle
215384;End-cap;Yes;1553;End-cap
215385;Aisle;No;856;Aisle
215386;End-cap;No;867;End-cap
215387;Aisle;No;938;Aisle
215388;Aisle;Yes;1375;Aisle
215389;Front of Store;No;911;Front of Store
215390;Front of Store;Yes;1218;Front of Store
215391;Front of Store;No;887;Front of Store
215392;End-cap;Yes;1562;End-cap
215393;Front of Store;Yes;1209;Front of Store
215394;End-cap;No;900;End-cap
215395;Front of Store;No;859;Front of Store
215396;Front of Store;Yes;1290;Front of Store
215397;End-cap;No;712;End-cap
215398;End-cap;No;1121;End-cap
215399;Aisle;No;726;Aisle
215400;Front of Store;No;733;Front of Store
215401;Aisle;No;1060;Aisle
215402;Aisle;No;851;Aisle
215403;End-cap;Yes;1614;End-cap
215404;End-cap;No;861;End-cap
215405;End-cap;No;1021;End-cap
215406;End-cap;Yes;1452;End-cap
215407;End-cap;No;774;End-cap
215408;Front of Store;Yes;1262;Front of Store
215409;Front of Store;Yes;1543;Front of Store
215410;End-cap;No;713;End-cap
215411;Aisle;Yes;1800;Aisle
215412;End-cap;No;765;End-cap
215413;Aisle;Yes;1388;Aisle
215414;Aisle;No;823;Aisle
215415;Aisle;No;950;Aisle
215416;Aisle;No;793;Aisle
215417;Aisle;Yes;1443;Aisle
215418;Aisle;No;954;Aisle
215419;Front of Store;No;818;Front of Store
215420;Aisle;No;893;Aisle
215421;Aisle;No;1095;Aisle
215422;Front of Store;No;955;Front of Store
215423;Front of Store;Yes;1327;Front of Store
215424;Aisle;No;1073;Aisle
215425;End-cap;Yes;1334;End-cap
215426;Front of Store;No;915;Front of Store
215427;End-cap;Yes;1602;End-cap
215428;Front of Store;No;827;Front of Store
215429;End-cap;No;692;End-cap
215430;Front of Store;Yes;1089;Front of Store
215431;Front of Store;Yes;1397;Front of Store
215432;Aisle;No;888;Aisle
215433;Aisle;Yes;1207;Aisle
215434;Aisle;No;953;Aisle
215435;Aisle;No;921;Aisle
215436;Front of Store;Yes;1532;Front of Store
215437;Front of Store;Yes;1312;Front of Store
215438;Front of Store;No;953;Front of Store
215439;Front of Store;Yes;1337;Front of Store
215440;Aisle;Yes;1468;Aisle
215441;End-cap;Yes;1369;End-cap
215442;Aisle;No;782;Aisle
215443;Aisle;Yes;1630;Aisle
215444;End-cap;No;774;End-cap
215445;End-cap;No;978;End-cap
215446;End-cap;No;997;End-cap
215447;Front of Store;Yes;1580;Front of Store
215448;End-cap;No;991;End-cap
215449;Aisle;No;964;Aisle
215450;Aisle;No;923;Aisle
215451;Aisle;Yes;1237;Aisle
215452;End-cap;No;921;End-cap
215453;Aisle;No;814;Aisle
215454;Aisle;Yes;1466;Aisle
215455;End-cap;No;945;End-cap
215456;Aisle;No;905;Aisle
215457;End-cap;No;770;End-cap
215458;Aisle;Yes;1405;Aisle
215459;Front of Store;No;809;Front of Store
215460;End-cap;Yes;1481;End-cap
215461;Aisle;Yes;1227;Aisle
215462;Front of Store;No;722;Front of Store
215463;End-cap;No;648;End-cap
215464;End-cap;No;738;End-cap
215465;Aisle;No;948;Aisle
215466;End-cap;No;902;End-cap
215467;End-cap;No;969;End-cap
215468;End-cap;Yes;1428;End-cap
215469;Aisle;Yes;1500;Aisle
215470;End-cap;No;863;End-cap
215471;Aisle;No;844;Aisle
215472;End-cap;No;1053;End-cap
215473;Front of Store;Yes;1439;Front of Store
215474;End-cap;No;851;End-cap
215475;End-cap;No;842;End-cap
215476;Front of Store;No;899;Front of Store
215477;Aisle;No;838;Aisle
215478;Aisle;No;863;Aisle
215479;Aisle;No;827;Aisle
215480;End-cap;Yes;1470;End-cap
215481;End-cap;No;920;End-cap
215482;Front of Store;Yes;1245;Front of Store
215483;Aisle;No;890;Aisle
215484;Aisle;Yes;1303;Aisle
215485;Front of Store;No;1030;Front of Store
215486;End-cap;No;937;End-cap
215487;End-cap;No;1112;End-cap
215488;End-cap;No;897;End-cap
215489;Aisle;No;810;Aisle
215490;End-cap;No;952;End-cap
215491;Aisle;No;904;Aisle
215492;Aisle;Yes;1217;Aisle
215493;Front of Store;Yes;1149;Front of Store
215494;Front of Store;Yes;1496;Front of Store
215495;Front of Store;Yes;1235;Front of Store
215496;Aisle;Yes;1563;Aisle
215497;Front of Store;Yes;1304;Front of Store
215498;Front of Store;Yes;1618;Front of Store
215499;Aisle;Yes;1485;Aisle
215500;Aisle;No;1079;Aisle
215501;End-cap;No;1095;End-cap
215502;End-cap;Yes;1517;End-cap
215503;Front of Store;Yes;1177;Front of Store
215504;Aisle;No;871;Aisle
215505;Aisle;No;865;Aisle
215506;Aisle;Yes;1663;Aisle
215507;End-cap;Yes;1605;End-cap
215508;Front of Store;Yes;1453;Front of Store
215509;Aisle;No;766;Aisle
215510;End-cap;Yes;1460;End-cap
215511;Front of Store;No;887;Front of Store
215512;Front of Store;Yes;1460;Front of Store
215513;End-cap;No;962;End-cap
215514;Aisle;Yes;1208;Aisle
215515;Front of Store;Yes;1042;Front of Store
215516;End-cap;No;822;End-cap
215517;End-cap;Yes;1615;End-cap
215518;Aisle;No;1035;Aisle
215519;Aisle;No;888;Aisle
215520;Front of Store;No;883;Front of Store
215521;End-cap;Yes;1192;End-cap
215522;Aisle;No;727;Aisle
215523;End-cap;Yes;1549;End-cap
215524;End-cap;Yes;1528;End-cap
215525;Front of Store;Yes;1489;Front of Store
215526;Aisle;No;985;Aisle
215527;Aisle;No;926;Aisle
215528;Aisle;Yes;1465;Aisle
215529;End-cap;No;896;End-cap
215530;End-cap;No;847;End-cap
215531;End-cap;Yes;1778;End-cap
215532;Front of Store;No;812;Front of Store
215533;Aisle;Yes;1542;Aisle
215534;Aisle;Yes;1382;Aisle
215535;Aisle;Yes;1663;Aisle
215536;Front of Store;No;1001;Front of Store
215537;End-cap;No;963;End-cap
215538;Front of Store;No;895;Front of Store
215539;Front of Store;No;714;Front of Store
215540;End-cap;Yes;1560;End-cap
215541;End-cap;No;970;End-cap
215542;Front of Store;Yes;1682;Front of Store
215543;End-cap;Yes;1411;End-cap
215544;Aisle;Yes;1299;Aisle
215545;End-cap;No;836;End-cap
215546;Front of Store;No;884;Front of Store
215547;Front of Store;Yes;1415;Front of Store
215548;End-cap;Yes;1376;End-cap
215549;Front of Store;No;886;Front of Store
215550;Front of Store;Yes;1223;Front of Store
215551;End-cap;Yes;1306;End-cap
215552;Aisle;Yes;1621;Aisle
215553;Front of Store;No;908;Front of Store
215554;End-cap;No;875;End-cap
215555;Aisle;Yes;1731;Aisle
215556;End-cap;Yes;1551;End-cap
215557;Aisle;Yes;1458;Aisle
215558;Aisle;No;819;Aisle
215559;Front of Store;Yes;1355;Front of Store
215560;Aisle;Yes;1662;Aisle
215561;End-cap;No;866;End-cap
215562;Front of Store;No;749;Front of Store
215563;End-cap;No;899;End-cap
215564;Aisle;Yes;1353;Aisle
215565;End-cap;Yes;1512;End-cap
215566;Aisle;No;635;Aisle
215567;Aisle;No;938;Aisle
215568;End-cap;No;758;End-cap
215569;Aisle;No;917;Aisle
215570;Aisle;Yes;1678;Aisle
215571;Front of Store;No;760;Front of Store
215572;Aisle;Yes;1045;Aisle
215573;Front of Store;No;966;Front of Store
215574;Aisle;Yes;1194;Aisle
215575;End-cap;Yes;1406;End-cap
215576;Aisle;No;831;Aisle
215577;Aisle;No;748;Aisle
215578;Aisle;No;990;Aisle
215579;End-cap;Yes;1882;End-cap
215580;Aisle;Yes;1688;Aisle
215581;End-cap;Yes;1474;End-cap
215582;End-cap;Yes;1368;End-cap
215583;End-cap;Yes;1505;End-cap
215584;End-cap;No;998;End-cap
215585;End-cap;No;843;End-cap
215586;End-cap;No;877;End-cap
215587;Aisle;Yes;1601;Aisle
215588;End-cap;No;853;End-cap
215589;Front of Store;No;825;Front of Store
215590;End-cap;Yes;1451;End-cap
215591;Aisle;No;936;Aisle
215592;Aisle;No;786;Aisle
215593;End-cap;Yes;1497;End-cap
215594;Aisle;Yes;1413;Aisle
215595;End-cap;No;1075;End-cap
215596;Front of Store;No;996;Front of Store
215597;Aisle;No;874;Aisle
215598;End-cap;No;702;End-cap
215599;End-cap;Yes;1452;End-cap
215600;Aisle;Yes;1515;Aisle
215601;Aisle;No;819;Aisle
215602;End-cap;No;953;End-cap
215603;Aisle;No;880;Aisle
215604;Aisle;No;831;Aisle
215605;Aisle;No;915;Aisle
215606;Front of Store;Yes;1282;Front of Store
215607;Aisle;No;962;Aisle
215608;Front of Store;No;798;Front of Store
215609;Front of Store;Yes;1643;Front of Store
215610;Aisle;No;792;Aisle
215611;Front of Store;Yes;1405;Front of Store
215612;Front of Store;Yes;1216;Front of Store
215613;End-cap;No;932;End-cap
215614;Front of Store;Yes;1502;Front of Store
215615;Aisle;Yes;1504;Aisle
215616;Aisle;No;913;Aisle
215617;Aisle;Yes;1275;Aisle
215618;Front of Store;Yes;1646;Front of Store
215619;End-cap;Yes;1658;End-cap
215620;End-cap;Yes;1624;End-cap
215621;End-cap;No;785;End-cap
215622;End-cap;No;924;End-cap
215623;End-cap;No;1004;End-cap
215624;End-cap;No;932;End-cap
215625;Aisle;Yes;1374;Aisle
215626;Aisle;No;765;Aisle
215627;Aisle;Yes;1404;Aisle
215628;Aisle;No;980;Aisle
215629;Aisle;Yes;1407;Aisle
215630;End-cap;Yes;1525;End-cap
215631;Front of Store;No;956;Front of Store
215632;Aisle;Yes;1295;Aisle
215633;Aisle;Yes;1338;Aisle
215634;Aisle;No;824;Aisle
215635;Front of Store;No;867;Front of Store
215636;Front of Store;No;703;Front of Store
215637;End-cap;Yes;1465;End-cap
215638;Aisle;No;784;Aisle
215639;End-cap;No;856;End-cap
215640;Front of Store;No;1166;Front of Store
215641;Front of Store;Yes;1088;Front of Store
215642;End-cap;Yes;1460;End-cap
215643;End-cap;No;756;End-cap
215644;Aisle;Yes;1372;Aisle
215645;Aisle;No;953;Aisle
215646;Front of Store;No;832;Front of Store
215647;Aisle;No;964;Aisle
215648;Aisle;No;1045;Aisle
215649;Aisle;No;860;Aisle
215650;Aisle;No;867;Aisle
215651;Aisle;No;856;Aisle
215652;Front of Store;Yes;1566;Front of Store
215653;Aisle;No;790;Aisle
215654;End-cap;No;960;End-cap
215655;Aisle;Yes;1688;Aisle
215656;End-cap;No;795;End-cap
215657;Aisle;No;1010;Aisle
215658;Aisle;Yes;1578;Aisle
215659;End-cap;Yes;1387;End-cap
215660;Aisle;No;707;Aisle
215661;End-cap;Yes;1335;End-cap
215662;Aisle;Yes;1261;Aisle
215663;End-cap;Yes;1433;End-cap
215664;End-cap;No;848;End-cap
215665;Aisle;No;1015;Aisle
215666;Aisle;Yes;1239;Aisle
215667;End-cap;Yes;1373;End-cap
215668;Aisle;No;763;Aisle
215669;End-cap;No;887;End-cap
215670;End-cap;Yes;1300;End-cap
215671;Front of Store;No;939;Front of Store
215672;End-cap;No;690;End-cap
215673;Aisle;No;829;Aisle
215674;End-cap;No;950;End-cap
215675;Front of Store;Yes;1455;Front of Store
215676;Aisle;No;921;Aisle
215677;End-cap;No;889;End-cap
215678;Aisle;No;893;Aisle
215679;Front of Store;Yes;1299;Front of Store
215680;Aisle;No;833;Aisle
215681;End-cap;Yes;1307;End-cap
215682;End-cap;No;865;End-cap
215683;Front of Store;No;937;Front of Store
215684;End-cap;Yes;1154;End-cap
215685;Front of Store;No;889;Front of Store
215686;End-cap;Yes;1677;End-cap
215687;Front of Store;No;968;Front of Store
215688;End-cap;Yes;1385;End-cap
215689;Aisle;Yes;1669;Aisle
215690;Aisle;No;767;Aisle
215691;End-cap;No;814;End-cap
215692;Aisle;No;703;Aisle
215693;Aisle;No;1014;Aisle
215694;Front of Store;No;840;Front of Store
215695;Front of Store;Yes;1363;Front of Store
215696;Aisle;Yes;1512;Aisle
215697;End-cap;No;767;End-cap
215698;End-cap;No;752;End-cap
215699;Front of Store;Yes;1335;Front of Store
215700;Front of Store;Yes;1380;Front of Store
215701;End-cap;No;922;End-cap
215702;Aisle;Yes;1163;Aisle
215703;Aisle;No;1038;Aisle
215704;End-cap;Yes;1405;End-cap
215705;Front of Store;No;1009;Front of Store
215706;Front of Store;No;848;Front of Store
215707;End-cap;No;785;End-cap
215708;End-cap;No;1043;End-cap
215709;End-cap;No;768;End-cap
215710;Aisle;No;825;Aisle
215711;End-cap;Yes;1273;End-cap
215712;End-cap;No;959;End-cap
215713;Aisle;No;848;Aisle
215714;End-cap;No;960;End-cap
215715;Front of Store;No;809;Front of Store
215716;Front of Store;No;855;Front of Store
215717;Front of Store;Yes;1510;Front of Store
215718;End-cap;Yes;1317;End-cap
215719;End-cap;Yes;1483;End-cap
215720;Aisle;No;857;Aisle
215721;End-cap;No;913;End-cap
215722;End-cap;Yes;1350;End-cap
215723;Front of Store;No;948;Front of Store
215724;Aisle;Yes;1395;Aisle
215725;Aisle;Yes;1448;Aisle
215726;Front of Store;Yes;1379;Front of Store
215727;End-cap;Yes;1485;End-cap
215728;Front of Store;No;1005;Front of Store
215729;End-cap;Yes;1263;End-cap
215730;Aisle;No;777;Aisle
215731;Front of Store;No;889;Front of Store
215732;End-cap;No;941;End-cap
215733;End-cap;No;820;End-cap
215734;Aisle;Yes;1384;Aisle
215735;Aisle;No;948;Aisle
215736;Aisle;Yes;1542;Aisle
215737;Front of Store;Yes;1362;Front of Store
215738;Aisle;No;915;Aisle
215739;End-cap;No;955;End-cap
215740;Aisle;Yes;1459;Aisle
215741;Aisle;No;863;Aisle
215742;Front of Store;Yes;1339;Front of Store
215743;Aisle;No;750;Aisle
215744;End-cap;No;789;End-cap
215745;Front of Store;Yes;1423;Front of Store
215746;Front of Store;Yes;1337;Front of Store
215747;End-cap;No;977;End-cap
215748;End-cap;No;823;End-cap
215749;Front of Store;Yes;1411;Front of Store
215750;End-cap;No;879;End-cap
215751;Aisle;No;998;Aisle
215752;Aisle;No;698;Aisle
215753;Front of Store;No;1026;Front of Store
215754;Front of Store;Yes;1286;Front of Store
215755;End-cap;Yes;1355;End-cap
215756;Front of Store;Yes;1391;Front of Store
215757;Aisle;Yes;1514;Aisle
215758;Front of Store;Yes;1167;Front of Store
215759;Aisle;No;865;Aisle
215760;End-cap;No;799;End-cap
215761;Front of Store;No;900;Front of Store
215762;Aisle;Yes;1335;Aisle
215763;End-cap;Yes;1221;End-cap
215764;Aisle;No;954;Aisle
215765;Aisle;No;802;Aisle
215766;Aisle;No;932;Aisle
215767;End-cap;No;814;End-cap
215768;End-cap;Yes;1448;End-cap
215769;Aisle;No;856;Aisle
215770;Front of Store;No;1064;Front of Store
215771;Aisle;Yes;1408;Aisle
215772;End-cap;Yes;1085;End-cap
215773;Aisle;No;901;Aisle
215774;Aisle;No;937;Aisle
215775;Front of Store;No;701;Front of Store
215776;Front of Store;Yes;1280;Front of Store
215777;Aisle;Yes;1445;Aisle
215778;End-cap;No;809;End-cap
215779;Front of Store;No;1005;Front of Store
215780;End-cap;No;645;End-cap
215781;Aisle;No;881;Aisle
215782;Front of Store;No;895;Front of Store
215783;Front of Store;No;877;Front of Store
215784;Aisle;No;971;Aisle
215785;Front of Store;No;843;Front of Store
215786;Front of Store;No;848;Front of Store
215787;End-cap;Yes;1475;End-cap
215788;End-cap;No;833;End-cap
215789;Front of Store;No;800;Front of Store
215790;Aisle;Yes;1437;Aisle
215791;Front of Store;No;839;Front of Store
215792;Aisle;No;845;Aisle
215793;Aisle;Yes;1240;Aisle
215794;Aisle;No;785;Aisle
215795;Aisle;No;926;Aisle
215796;End-cap;No;925;End-cap
215797;End-cap;No;1062;End-cap
215798;Front of Store;Yes;1345;Front of Store
215799;Aisle;Yes;1411;Aisle
215800;End-cap;No;729;End-cap
215801;End-cap;Yes;1590;End-cap
215802;Front of Store;Yes;1438;Front of Store
215803;End-cap;Yes;1464;End-cap
215804;End-cap;No;932;End-cap
215805;Aisle;No;1063;Aisle
215806;End-cap;Yes;1422;End-cap
215807;End-cap;No;970;End-cap
215808;Aisle;Yes;1383;Aisle
215809;End-cap;Yes;1401;End-cap
215810;End-cap;Yes;1358;End-cap
215811;Front of Store;No;778;Front of Store
215812;Aisle;No;825;Aisle
215813;End-cap;No;804;End-cap
215814;Aisle;No;909;Aisle
215815;Aisle;Yes;1466;Aisle
215816;Aisle;Yes;1403;Aisle
215817;Aisle;No;689;Aisle
215818;End-cap;No;779;End-cap
215819;Front of Store;No;846;Front of Store
215820;Front of Store;Yes;1641;Front of Store
215821;Aisle;No;920;Aisle
215822;Front of Store;Yes;1788;Front of Store
215823;Front of Store;Yes;1190;Front of Store
215824;Front of Store;Yes;1582;Front of Store
215825;Aisle;No;839;Aisle
215826;End-cap;Yes;1193;End-cap
215827;Aisle;No;1161;Aisle
215828;Front of Store;No;947;Front of Store
215829;End-cap;No;891;End-cap
215830;Aisle;Yes;1595;Aisle
215831;Aisle;No;982;Aisle
215832;Front of Store;No;1105;Front of Store
215833;Front of Store;No;782;Front of Store
215834;Aisle;No;802;Aisle
215835;Front of Store;Yes;1314;Front of Store
215836;Front of Store;No;955;Front of Store
215837;End-cap;No;963;End-cap
215838;Front of Store;Yes;1174;Front of Store
215839;Aisle;No;789;Aisle
215840;Aisle;No;922;Aisle
215841;Front of Store;Yes;1528;Front of Store
215842;End-cap;No;985;End-cap
215843;Front of Store;Yes;1323;Front of Store
215844;Aisle;No;924;Aisle
215845;End-cap;Yes;1277;End-cap
215846;Aisle;No;539;Aisle
215847;Front of Store;Yes;1208;Front of Store
215848;Front of Store;No;996;Front of Store
215849;Front of Store;Yes;1186;Front of Store
215850;Front of Store;Yes;1266;Front of Store
215851;End-cap;No;794;End-cap
215852;Aisle;No;762;Aisle
215853;Aisle;No;881;Aisle
215854;End-cap;Yes;1440;End-cap
215855;Front of Store;Yes;1542;Front of Store
215856;End-cap;Yes;1404;End-cap
215857;End-cap;Yes;1493;End-cap
215858;Front of Store;No;836;Front of Store
215859;Aisle;Yes;1321;Aisle
215860;Aisle;No;940;Aisle
215861;End-cap;Yes;1163;End-cap
215862;End-cap;Yes;1409;End-cap
215863;End-cap;No;827;End-cap
215864;Aisle;Yes;1214;Aisle
215865;Aisle;No;877;Aisle
215866;Aisle;No;921;Aisle
215867;Front of Store;No;860;Front of Store
215868;Aisle;No;870;Aisle
215869;Front of Store;Yes;1221;Front of Store
215870;Front of Store;No;961;Front of Store
215871;Aisle;No;896;Aisle
215872;Front of Store;No;813;Front of Store
215873;End-cap;No;897;End-cap
215874;End-cap;Yes;1762;End-cap
215875;Aisle;No;838;Aisle
215876;End-cap;No;887;End-cap
215877;Front of Store;Yes;1416;Front of Store
215878;Front of Store;No;713;Front of Store
215879;Front of Store;No;1119;Front of Store
215880;End-cap;No;834;End-cap
215881;End-cap;Yes;1222;End-cap
215882;Front of Store;No;933;Front of Store
215883;End-cap;No;981;End-cap
215884;Front of Store;No;836;Front of Store
215885;Aisle;Yes;1140;Aisle
215886;Aisle;Yes;1266;Aisle
215887;Front of Store;No;988;Front of Store
215888;Front of Store;Yes;1500;Front of Store
215889;End-cap;No;709;End-cap
215890;Aisle;No;900;Aisle
215891;End-cap;No;998;End-cap
215892;End-cap;No;817;End-cap
215893;Aisle;No;796;Aisle
215894;Front of Store;Yes;1293;Front of Store
215895;Aisle;No;1009;Aisle
215896;End-cap;No;761;End-cap
215897;End-cap;Yes;1482;End-cap
215898;End-cap;Yes;1342;End-cap
215899;Front of Store;No;812;Front of Store
215900;Aisle;Yes;1611;Aisle
215901;Aisle;Yes;1693;Aisle
215902;Front of Store;No;924;Front of Store
215903;Aisle;Yes;1816;Aisle
215904;Front of Store;No;810;Front of Store
215905;Front of Store;No;1009;Front of Store
215906;Front of Store;No;818;Front of Store
215907;Aisle;Yes;1506;Aisle
215908;Front of Store;No;1077;Front of Store
215909;Aisle;No;868;Aisle
215910;Aisle;Yes;1158;Aisle
215911;End-cap;No;741;End-cap
215912;Aisle;No;1037;Aisle
215913;Front of Store;Yes;1075;Front of Store
215914;Aisle;Yes;1332;Aisle
215915;Aisle;Yes;1159;Aisle
215916;Aisle;No;984;Aisle
215917;Front of Store;Yes;1162;Front of Store
215918;Front of Store;No;910;Front of Store
215919;Front of Store;No;665;Front of Store
215920;End-cap;No;836;End-cap
215921;Aisle;No;616;Aisle
215922;End-cap;No;951;End-cap
215923;Front of Store;No;929;Front of Store
215924;Front of Store;Yes;1277;Front of Store
215925;Front of Store;No;729;Front of Store
215926;End-cap;Yes;1520;End-cap
215927;End-cap;No;873;End-cap
215928;Aisle;No;925;Aisle
215929;End-cap;No;796;End-cap
215930;Front of Store;No;1000;Front of Store
215931;Aisle;No;836;Aisle
215932;Aisle;No;1008;Aisle
215933;Aisle;No;757;Aisle
215934;End-cap;Yes;1314;End-cap
215935;Front of Store;No;833;Front of Store
215936;Aisle;No;918;Aisle
215937;Aisle;Yes;1551;Aisle
215938;Aisle;Yes;1719;Aisle
215939;Front of Store;Yes;1309;Front of Store
215940;Front of Store;Yes;1354;Front of Store
215941;Aisle;Yes;1338;Aisle
215942;Front of Store;Yes;1123;Front of Store
215943;End-cap;Yes;1380;End-cap
215944;Aisle;Yes;1277;Aisle
215945;End-cap;Yes;1185;End-cap
215946;Aisle;No;911;Aisle
215947;End-cap;Yes;1322;End-cap
215948;Aisle;Yes;1234;Aisle
215949;Aisle;No;925;Aisle
215950;Front of Store;No;1035;Front of Store
215951;End-cap;Yes;1666;End-cap
215952;Aisle;Yes;1467;Aisle
215953;Aisle;Yes;1369;Aisle
215954;End-cap;No;799;End-cap
215955;End-cap;Yes;1714;End-cap
215956;End-cap;Yes;1416;End-cap
215957;Front of Store;Yes;1579;Front of Store
215958;End-cap;No;931;End-cap
215959;Aisle;No;1043;Aisle
215960;Front of Store;No;939;Front of Store
215961;Aisle;No;1012;Aisle
215962;End-cap;Yes;1292;End-cap
215963;Aisle;Yes;1216;Aisle
215964;Front of Store;No;931;Front of Store
215965;Aisle;No;802;Aisle
215966;Aisle;Yes;1454;Aisle
215967;Front of Store;No;877;Front of Store
215968;Aisle;Yes;1278;Aisle
215969;End-cap;No;834;End-cap
215970;Front of Store;Yes;1350;Front of Store
215971;Front of Store;No;823;Front of Store
215972;Aisle;No;805;Aisle
215973;End-cap;No;864;End-cap
215974;Front of Store;No;704;Front of Store
215975;Front of Store;No;772;Front of Store
215976;Aisle;No;850;Aisle
215977;Aisle;No;820;Aisle
215978;End-cap;No;960;End-cap
215979;Front of Store;Yes;1784;Front of Store
215980;End-cap;Yes;1349;End-cap
215981;Front of Store;Yes;1511;Front of Store
215982;Aisle;No;763;Aisle
215983;End-cap;No;809;End-cap
215984;Aisle;No;872;Aisle
215985;Aisle;No;894;Aisle
215986;Aisle;Yes;1563;Aisle
215987;Aisle;No;812;Aisle
215988;Front of Store;No;1089;Front of Store
215989;End-cap;No;1011;End-cap
215990;Aisle;Yes;1484;Aisle
215991;Aisle;No;979;Aisle
215992;Aisle;No;868;Aisle
215993;End-cap;Yes;1404;End-cap
215994;Front of Store;No;987;Front of Store
215995;Aisle;Yes;1273;Aisle
215996;End-cap;Yes;1580;End-cap
215997;Front of Store;No;859;Front of Store
215998;End-cap;Yes;1377;End-cap
215999;Front of Store;No;776;Front of Store
216000;Aisle;Yes;1419;Aisle
216001;End-cap;No;767;End-cap
216002;Front of Store;No;670;Front of Store
216003;Front of Store;No;731;Front of Store
216004;Front of Store;No;802;Front of Store
216005;Aisle;Yes;1182;Aisle
216006;Front of Store;Yes;1121;Front of Store
216007;Front of Store;Yes;1549;Front of Store
216008;Front of Store;Yes;1243;Front of Store
216009;End-cap;No;1013;End-cap
216010;End-cap;No;1017;End-cap
216011;Aisle;Yes;1828;Aisle
216012;Aisle;Yes;1490;Aisle
216013;Front of Store;No;846;Front of Store
216014;Front of Store;Yes;1275;Front of Store
216015;End-cap;No;1085;End-cap
216016;End-cap;Yes;1353;End-cap
216017;Aisle;No;1099;Aisle
216018;Front of Store;No;806;Front of Store
216019;Aisle;No;908;Aisle
216020;Aisle;No;672;Aisle
216021;Front of Store;Yes;1263;Front of Store
216022;End-cap;Yes;1365;End-cap
216023;Front of Store;No;887;Front of Store
216024;Aisle;No;778;Aisle
216025;Front of Store;No;914;Front of Store
216026;Aisle;No;761;Aisle
216027;Front of Store;No;1088;Front of Store
216028;Aisle;No;1058;Aisle
216029;Aisle;Yes;1348;Aisle
216030;Front of Store;No;769;Front of Store
216031;Aisle;Yes;1443;Aisle
216032;Front of Store;Yes;1224;Front of Store
216033;Aisle;Yes;1057;Aisle
216034;Aisle;No;814;Aisle
216035;End-cap;Yes;1090;End-cap
216036;End-cap;Yes;1095;End-cap
216037;Front of Store;No;864;Front of Store
216038;Aisle;Yes;1302;Aisle
216039;Front of Store;No;973;Front of Store
216040;Front of Store;No;850;Front of Store
216041;End-cap;No;775;End-cap
216042;Aisle;Yes;1314;Aisle
216043;Aisle;No;863;Aisle
216044;End-cap;Yes;1412;End-cap
216045;Front of Store;Yes;1137;Front of Store
216046;End-cap;Yes;1316;End-cap
216047;Aisle;Yes;1302;Aisle
216048;Front of Store;Yes;1484;Front of Store
216049;Aisle;No;814;Aisle
216050;Aisle;No;711;Aisle
216051;Aisle;Yes;1290;Aisle
216052;Front of Store;No;715;Front of Store
216053;End-cap;No;921;End-cap
216054;Front of Store;No;851;Front of Store
216055;Aisle;No;829;Aisle
216056;End-cap;No;1107;End-cap
216057;Aisle;No;724;Aisle
216058;Aisle;No;903;Aisle
216059;Aisle;Yes;1458;Aisle
216060;Aisle;Yes;1309;Aisle
216061;Aisle;No;893;Aisle
216062;Front of Store;No;734;Front of Store
216063;Front of Store;Yes;1533;Front of Store
216064;End-cap;No;933;End-cap
216065;End-cap;Yes;1169;End-cap
216066;End-cap;Yes;1447;End-cap
216067;Front of Store;Yes;1407;Front of Store
216068;Aisle;Yes;1325;Aisle
216069;End-cap;No;769;End-cap
216070;End-cap;Yes;1415;End-cap
216071;End-cap;Yes;1370;End-cap
216072;Aisle;Yes;1253;Aisle
216073;Front of Store;Yes;1486;Front of Store
216074;Front of Store;Yes;1261;Front of Store
216075;Aisle;No;863;Aisle
216076;End-cap;No;900;End-cap
216077;Front of Store;Yes;1495;Front of Store
216078;End-cap;No;710;End-cap
216079;End-cap;No;800;End-cap
216080;Aisle;Yes;1310;Aisle
216081;End-cap;No;1009;End-cap
216082;Front of Store;No;880;Front of Store
216083;End-cap;No;844;End-cap
216084;Aisle;Yes;1482;Aisle
216085;End-cap;No;825;End-cap
216086;End-cap;Yes;1627;End-cap
216087;End-cap;Yes;1542;End-cap
216088;Front of Store;No;827;Front of Store
216089;Front of Store;Yes;1677;Front of Store
216090;End-cap;No;566;End-cap
216091;End-cap;Yes;1572;End-cap
216092;End-cap;No;865;End-cap
216093;Aisle;Yes;1664;Aisle
216094;Aisle;Yes;1468;Aisle
216095;End-cap;No;909;End-cap
216096;Front of Store;Yes;1237;Front of Store
216097;Front of Store;No;1160;Front of Store
216098;End-cap;No;848;End-cap
216099;Aisle;No;915;Aisle
216100;End-cap;No;976;End-cap
216101;Aisle;No;912;Aisle
216102;Aisle;No;889;Aisle
216103;Front of Store;Yes;1585;Front of Store
216104;Front of Store;No;896;Front of Store
216105;Aisle;No;775;Aisle
216106;Aisle;No;750;Aisle
216107;End-cap;Yes;1443;End-cap
216108;Aisle;Yes;1331;Aisle
216109;Aisle;No;719;Aisle
216110;Aisle;No;838;Aisle
216111;End-cap;No;849;End-cap
216112;Front of Store;Yes;1323;Front of Store
216113;End-cap;Yes;1585;End-cap
216114;End-cap;Yes;1272;End-cap
216115;Front of Store;Yes;1439;Front of Store
216116;Aisle;No;997;Aisle
216117;Aisle;Yes;1464;Aisle
216118;End-cap;No;747;End-cap
216119;Aisle;No;911;Aisle
216120;Aisle;Yes;1387;Aisle
216121;Front of Store;Yes;1509;Front of Store
216122;Front of Store;No;881;Front of Store
216123;Front of Store;No;715;Front of Store
216124;Aisle;No;935;Aisle
216125;End-cap;No;1059;End-cap
216126;End-cap;Yes;1305;End-cap
216127;End-cap;No;771;End-cap
216128;Aisle;No;880;Aisle
216129;Front of Store;No;755;Front of Store
216130;Aisle;Yes;1434;Aisle
216131;Aisle;No;781;Aisle
216132;Aisle;Yes;1381;Aisle
216133;Front of Store;Yes;1347;Front of Store
216134;Front of Store;Yes;1659;Front of Store
216135;Front of Store;Yes;1336;Front of Store
216136;End-cap;No;720;End-cap
216137;Front of Store;No;929;Front of Store
216138;Front of Store;No;936;Front of Store
216139;Front of Store;No;598;Front of Store
216140;End-cap;No;1067;End-cap
216141;Aisle;No;935;Aisle
216142;Aisle;Yes;1707;Aisle
216143;End-cap;No;1119;End-cap
216144;Aisle;No;979;Aisle
216145;End-cap;Yes;1293;End-cap
216146;End-cap;No;744;End-cap
216147;Aisle;No;776;Aisle
216148;Front of Store;No;1042;Front of Store
216149;Aisle;Yes;1282;Aisle
216150;End-cap;Yes;1433;End-cap
216151;End-cap;No;857;End-cap
216152;Aisle;No;888;Aisle
216153;Front of Store;Yes;1504;Front of Store
216154;End-cap;Yes;1391;End-cap
216155;Front of Store;No;927;Front of Store
216156;Front of Store;Yes;1525;Front of Store
216157;Aisle;No;996;Aisle
216158;Front of Store;No;1046;Front of Store
216159;Front of Store;No;1009;Front of Store
216160;Aisle;Yes;1596;Aisle
216161;Aisle;No;901;Aisle
216162;Front of Store;No;648;Front of Store
216163;Aisle;No;762;Aisle
216164;Front of Store;Yes;1133;Front of Store
216165;Aisle;No;919;Aisle
216166;End-cap;Yes;1247;End-cap
216167;Aisle;No;906;Aisle
216168;Front of Store;Yes;1507;Front of Store
216169;End-cap;No;1117;End-cap
216170;Aisle;Yes;1798;Aisle
216171;Front of Store;No;903;Front of Store
216172;Front of Store;Yes;1158;Front of Store
216173;Front of Store;Yes;1522;Front of Store
216174;Aisle;No;1114;Aisle
216175;Aisle;No;733;Aisle
216176;End-cap;Yes;1522;End-cap
216177;End-cap;No;810;End-cap
216178;Aisle;Yes;1232;Aisle
216179;Aisle;Yes;1425;Aisle
216180;Aisle;No;944;Aisle
216181;Aisle;Yes;1174;Aisle
216182;End-cap;No;1002;End-cap
216183;End-cap;Yes;1401;End-cap
216184;Aisle;No;801;Aisle
216185;End-cap;No;897;End-cap
216186;Front of Store;No;1084;Front of Store
216187;Front of Store;Yes;1188;Front of Store
216188;Aisle;No;962;Aisle
216189;End-cap;Yes;1445;End-cap
216190;Front of Store;Yes;1308;Front of Store
216191;Aisle;No;846;Aisle
216192;Aisle;No;821;Aisle
216193;End-cap;No;1019;End-cap
216194;Aisle;No;796;Aisle
216195;End-cap;No;891;End-cap
216196;End-cap;Yes;1525;End-cap
216197;Aisle;Yes;1179;Aisle
216198;Front of Store;No;764;Front of Store
216199;Aisle;No;924;Aisle
216200;End-cap;Yes;1181;End-cap
216201;Aisle;No;1135;Aisle
216202;Aisle;No;841;Aisle
216203;Aisle;No;1176;Aisle
216204;Aisle;No;980;Aisle
216205;End-cap;Yes;1498;End-cap
216206;Aisle;No;908;Aisle
216207;Aisle;Yes;1243;Aisle
216208;End-cap;Yes;1444;End-cap
216209;Aisle;No;855;Aisle
216210;End-cap;No;1105;End-cap
216211;Aisle;No;762;Aisle
216212;Aisle;Yes;1330;Aisle
216213;Aisle;No;956;Aisle
216214;Aisle;No;998;Aisle
216215;Aisle;No;577;Aisle
216216;Front of Store;No;809;Front of Store
216217;Front of Store;No;884;Front of Store
216218;Front of Store;No;830;Front of Store
216219;End-cap;Yes;1440;End-cap
216220;End-cap;Yes;1338;End-cap
216221;Front of Store;No;856;Front of Store
216222;Front of Store;No;1057;Front of Store
216223;Front of Store;No;945;Front of Store
216224;End-cap;Yes;1278;End-cap
216225;Front of Store;Yes;1370;Front of Store
216226;Front of Store;Yes;1462;Front of Store
216227;End-cap;No;907;End-cap
216228;End-cap;Yes;1202;End-cap
216229;Aisle;No;878;Aisle
216230;Aisle;No;755;Aisle
216231;Aisle;No;1110;Aisle
216232;End-cap;No;807;End-cap
216233;Aisle;Yes;1769;Aisle
216234;Aisle;No;802;Aisle
216235;Front of Store;No;941;Front of Store
216236;Front of Store;Yes;1316;Front of Store
216237;Front of Store;No;575;Front of Store
216238;Aisle;Yes;1101;Aisle
216239;Front of Store;Yes;1314;Front of Store
216240;Front of Store;No;784;Front of Store
216241;End-cap;No;812;End-cap
216242;Aisle;No;798;Aisle
216243;Aisle;No;874;Aisle
216244;End-cap;No;908;End-cap
216245;Front of Store;No;811;Front of Store
216246;Aisle;Yes;1545;Aisle
216247;End-cap;Yes;1604;End-cap
216248;Aisle;No;925;Aisle
216249;Aisle;Yes;1231;Aisle
216250;Front of Store;No;964;Front of Store
216251;Front of Store;Yes;1534;Front of Store
216252;Aisle;No;776;Aisle
216253;End-cap;No;819;End-cap
216254;End-cap;No;699;End-cap
216255;Aisle;Yes;1339;Aisle
216256;End-cap;No;980;End-cap
216257;Aisle;No;1054;Aisle
216258;End-cap;No;927;End-cap
216259;Aisle;No;976;Aisle
216260;End-cap;Yes;1121;End-cap
216261;End-cap;Yes;1268;End-cap
216262;Aisle;No;770;Aisle
216263;Aisle;No;742;Aisle
216264;End-cap;No;761;End-cap
216265;Aisle;Yes;1422;Aisle
216266;Front of Store;Yes;1133;Front of Store
216267;Front of Store;No;1034;Front of Store
216268;Aisle;Yes;1369;Aisle
216269;Aisle;Yes;1411;Aisle
216270;End-cap;Yes;1449;End-cap
216271;Front of Store;No;970;Front of Store
216272;Aisle;No;698;Aisle
216273;End-cap;No;963;End-cap
216274;End-cap;No;1006;End-cap
216275;Aisle;Yes;1331;Aisle
216276;End-cap;Yes;1288;End-cap
216277;Front of Store;Yes;1190;Front of Store
216278;Front of Store;No;546;Front of Store
216279;Aisle;No;929;Aisle
216280;Front of Store;No;837;Front of Store
216281;Aisle;No;766;Aisle
216282;End-cap;Yes;1418;End-cap
216283;Front of Store;Yes;1449;Front of Store
216284;End-cap;Yes;1485;End-cap
216285;Aisle;No;764;Aisle
216286;Aisle;Yes;1216;Aisle
216287;End-cap;No;837;End-cap
216288;End-cap;No;764;End-cap
216289;End-cap;No;835;End-cap
216290;Aisle;Yes;1748;Aisle
216291;Front of Store;Yes;1453;Front of Store
216292;Front of Store;Yes;1209;Front of Store
216293;End-cap;No;863;End-cap
216294;Aisle;Yes;1467;Aisle
216295;Aisle;Yes;1377;Aisle
216296;End-cap;Yes;1290;End-cap
216297;Aisle;Yes;1531;Aisle
216298;Front of Store;No;821;Front of Store
216299;End-cap;Yes;1606;End-cap
216300;Front of Store;Yes;1408;Front of Store
216301;Aisle;No;882;Aisle
216302;Aisle;No;876;Aisle
216303;End-cap;No;751;End-cap
216304;End-cap;No;979;End-cap
216305;Front of Store;Yes;1763;Front of Store
216306;Front of Store;No;815;Front of Store
216307;Front of Store;Yes;1405;Front of Store
216308;Aisle;Yes;1214;Aisle
216309;Aisle;Yes;1219;Aisle
216310;Aisle;Yes;1328;Aisle
216311;Front of Store;No;871;Front of Store
216312;Front of Store;No;908;Front of Store
216313;Aisle;Yes;1442;Aisle
216314;Aisle;No;737;Aisle
216315;Aisle;No;1038;Aisle
216316;Aisle;No;1066;Aisle
216317;Front of Store;No;898;Front of Store
216318;Aisle;No;1084;Aisle
216319;End-cap;Yes;1331;End-cap
216320;End-cap;Yes;1629;End-cap
216321;Aisle;Yes;1455;Aisle
216322;End-cap;No;888;End-cap
216323;End-cap;No;878;End-cap
216324;Aisle;Yes;1348;Aisle
216325;Front of Store;No;836;Front of Store
216326;Front of Store;Yes;1487;Front of Store
216327;End-cap;No;807;End-cap
216328;Aisle;Yes;1139;Aisle
216329;End-cap;Yes;1592;End-cap
216330;Aisle;No;738;Aisle
216331;End-cap;Yes;1162;End-cap
216332;Front of Store;Yes;1386;Front of Store
216333;Aisle;No;783;Aisle
216334;End-cap;Yes;1379;End-cap
216335;Aisle;Yes;915;Aisle
216336;End-cap;No;755;End-cap
216337;End-cap;No;749;End-cap
216338;Aisle;Yes;1563;Aisle
216339;End-cap;Yes;1619;End-cap
216340;Aisle;No;907;Aisle
216341;Aisle;Yes;1046;Aisle
216342;Aisle;No;828;Aisle
216343;Front of Store;No;886;Front of Store
216344;Aisle;No;863;Aisle
216345;Aisle;No;906;Aisle
216346;End-cap;Yes;1712;End-cap
216347;Aisle;No;797;Aisle
216348;Front of Store;No;850;Front of Store
216349;End-cap;No;828;End-cap
216350;End-cap;No;737;End-cap
216351;Aisle;No;884;Aisle
216352;End-cap;Yes;1655;End-cap
216353;End-cap;Yes;1371;End-cap
216354;Aisle;Yes;1447;Aisle
216355;End-cap;No;922;End-cap
216356;Aisle;No;799;Aisle
216357;Front of Store;No;771;Front of Store
216358;Aisle;No;890;Aisle
216359;End-cap;No;832;End-cap
216360;Aisle;Yes;1234;Aisle
216361;End-cap;No;801;End-cap
216362;Aisle;No;774;Aisle
216363;End-cap;No;978;End-cap
216364;End-cap;No;815;End-cap
216365;Aisle;No;632;Aisle
216366;Front of Store;No;858;Front of Store
216367;Aisle;No;815;Aisle
216368;End-cap;Yes;1338;End-cap
216369;Front of Store;Yes;1330;Front of Store
216370;Aisle;No;967;Aisle
216371;Aisle;No;896;Aisle
216372;Front of Store;Yes;1789;Front of Store
216373;Front of Store;No;1003;Front of Store
216374;Aisle;Yes;1532;Aisle
216375;Front of Store;No;837;Front of Store
216376;Aisle;No;1087;Aisle
216377;Aisle;No;971;Aisle
216378;End-cap;No;658;End-cap
216379;Aisle;No;975;Aisle
216380;Front of Store;Yes;1436;Front of Store
216381;End-cap;No;798;End-cap
216382;Aisle;No;827;Aisle
216383;End-cap;No;883;End-cap
216384;End-cap;No;1004;End-cap
216385;Front of Store;Yes;1588;Front of Store
216386;Aisle;Yes;1458;Aisle
216387;Aisle;No;839;Aisle
216388;End-cap;Yes;1262;End-cap
216389;Aisle;No;819;Aisle
216390;End-cap;Yes;1540;End-cap
216391;Aisle;No;790;Aisle
216392;Aisle;Yes;1313;Aisle
216393;Aisle;No;1051;Aisle
216394;Aisle;No;968;Aisle
216395;End-cap;No;883;End-cap
216396;Front of Store;Yes;1357;Front of Store
216397;Aisle;No;1005;Aisle
216398;Front of Store;No;771;Front of Store
216399;End-cap;No;828;End-cap
216400;Aisle;Yes;989;Aisle
216401;Front of Store;Yes;1761;Front of Store
216402;Front of Store;Yes;1496;Front of Store
216403;Front of Store;Yes;1258;Front of Store
216404;End-cap;No;886;End-cap
216405;Front of Store;No;891;Front of Store
216406;End-cap;No;1001;End-cap
216407;Aisle;Yes;1353;Aisle
216408;Front of Store;No;721;Front of Store
216409;Front of Store;No;873;Front of Store
216410;Aisle;Yes;1546;Aisle
216411;Front of Store;No;894;Front of Store
216412;Front of Store;No;932;Front of Store
216413;End-cap;No;1035;End-cap
216414;Aisle;No;878;Aisle
216415;Aisle;No;948;Aisle
216416;Front of Store;No;843;Front of Store
216417;Aisle;No;852;Aisle
216418;Aisle;Yes;1213;Aisle
216419;End-cap;No;773;End-cap
216420;End-cap;No;763;End-cap
216421;End-cap;No;762;End-cap
216422;Front of Store;No;803;Front of Store
216423;Front of Store;No;748;Front of Store
216424;Aisle;Yes;1210;Aisle
216425;Aisle;Yes;1210;Aisle
216426;End-cap;No;1053;End-cap
216427;Front of Store;No;784;Front of Store
216428;End-cap;No;874;End-cap
216429;Front of Store;No;1026;Front of Store
216430;Aisle;No;890;Aisle
216431;Aisle;No;869;Aisle
216432;Front of Store;No;725;Front of Store
216433;Front of Store;Yes;1574;Front of Store
216434;End-cap;No;786;End-cap
216435;Front of Store;Yes;1340;Front of Store
216436;End-cap;Yes;1515;End-cap
216437;End-cap;No;882;End-cap
216438;Front of Store;No;1007;Front of Store
216439;Front of Store;Yes;1181;Front of Store
216440;Front of Store;No;850;Front of Store
216441;End-cap;No;848;End-cap
216442;Aisle;Yes;1079;Aisle
216443;Aisle;No;826;Aisle
216444;Front of Store;No;938;Front of Store
216445;End-cap;No;935;End-cap
216446;End-cap;No;817;End-cap
216447;Aisle;Yes;1354;Aisle
216448;End-cap;No;846;End-cap
216449;Front of Store;No;763;Front of Store
216450;Aisle;Yes;1338;Aisle
216451;Aisle;Yes;1505;Aisle
216452;Front of Store;No;714;Front of Store
216453;End-cap;No;925;End-cap
216454;Aisle;No;837;Aisle
216455;Aisle;Yes;1769;Aisle
216456;End-cap;Yes;1642;End-cap
216457;Front of Store;Yes;1217;Front of Store
216458;Aisle;Yes;1483;Aisle
216459;End-cap;No;714;End-cap
216460;Front of Store;Yes;1205;Front of Store
216461;Front of Store;No;953;Front of Store
216462;Front of Store;No;721;Front of Store
216463;Front of Store;No;854;Front of Store
216464;End-cap;Yes;1291;End-cap
216465;Aisle;No;790;Aisle
216466;Front of Store;Yes;1393;Front of Store
216467;End-cap;No;839;End-cap
216468;Aisle;No;785;Aisle
216469;End-cap;No;779;End-cap
216470;Front of Store;No;763;Front of Store
216471;Front of Store;No;905;Front of Store
216472;Front of Store;No;844;Front of Store
216473;Front of Store;Yes;1384;Front of Store
216474;Aisle;No;1016;Aisle
216475;Front of Store;No;845;Front of Store
216476;End-cap;No;834;End-cap
216477;Front of Store;No;883;Front of Store
216478;End-cap;No;1015;End-cap
216479;Front of Store;No;811;Front of Store
216480;Aisle;Yes;1274;Aisle
216481;Aisle;No;867;Aisle
216482;End-cap;Yes;1678;End-cap
216483;Aisle;No;838;Aisle
216484;End-cap;No;669;End-cap
216485;Front of Store;No;866;Front of Store
216486;End-cap;Yes;1438;End-cap
216487;Aisle;Yes;1619;Aisle
216488;End-cap;No;991;End-cap
216489;Front of Store;No;764;Front of Store
216490;Aisle;Yes;1345;Aisle
216491;Aisle;No;679;Aisle
216492;Front of Store;Yes;1605;Front of Store
216493;Front of Store;Yes;1431;Front of Store
216494;Front of Store;No;740;Front of Store
216495;Front of Store;No;621;Front of Store
216496;Aisle;Yes;1242;Aisle
216497;End-cap;No;1061;End-cap
216498;End-cap;Yes;1142;End-cap
216499;Aisle;No;951;Aisle
216500;Front of Store;No;1057;Front of Store
216501;Aisle;Yes;1329;Aisle
216502;Aisle;No;1004;Aisle
216503;Front of Store;Yes;1566;Front of Store
216504;End-cap;Yes;1483;End-cap
216505;Aisle;No;894;Aisle
216506;End-cap;No;812;End-cap
216507;End-cap;No;811;End-cap
216508;Aisle;No;1004;Aisle
216509;End-cap;Yes;1499;End-cap
216510;Front of Store;Yes;1339;Front of Store
216511;End-cap;No;654;End-cap
216512;Front of Store;No;905;Front of Store
216513;Front of Store;Yes;1316;Front of Store
216514;Aisle;Yes;1294;Aisle
216515;Front of Store;No;867;Front of Store
216516;End-cap;Yes;1343;End-cap
216517;End-cap;No;848;End-cap
216518;Front of Store;No;915;Front of Store
216519;Front of Store;No;895;Front of Store
216520;Front of Store;Yes;1192;Front of Store
216521;Aisle;No;842;Aisle
216522;Front of Store;No;1125;Front of Store
216523;Front of Store;No;710;Front of Store
216524;End-cap;Yes;1512;End-cap
216525;Aisle;No;754;Aisle
216526;Front of Store;No;820;Front of Store
216527;End-cap;No;591;End-cap
216528;End-cap;Yes;1397;End-cap
216529;End-cap;Yes;1420;End-cap
216530;End-cap;No;1008;End-cap
216531;Aisle;No;908;Aisle
216532;End-cap;No;872;End-cap
216533;Front of Store;No;893;Front of Store
216534;Front of Store;No;925;Front of Store
216535;Front of Store;Yes;1442;Front of Store
216536;End-cap;No;877;End-cap
216537;End-cap;No;875;End-cap
216538;Aisle;No;1035;Aisle
216539;End-cap;No;898;End-cap
216540;End-cap;Yes;1200;End-cap
216541;Front of Store;Yes;1671;Front of Store
216542;Aisle;Yes;1565;Aisle
216543;Front of Store;Yes;1545;Front of Store
216544;Front of Store;Yes;1638;Front of Store
216545;Aisle;Yes;1697;Aisle
216546;Aisle;Yes;1416;Aisle
216547;End-cap;No;1042;End-cap
216548;End-cap;Yes;1650;End-cap
216549;End-cap;No;715;End-cap
216550;End-cap;No;973;End-cap
216551;Aisle;No;938;Aisle
216552;End-cap;No;1088;End-cap
216553;Aisle;No;844;Aisle
216554;Aisle;No;910;Aisle
216555;End-cap;Yes;1619;End-cap
216556;End-cap;No;890;End-cap
216557;Front of Store;No;872;Front of Store
216558;End-cap;Yes;1491;End-cap
216559;End-cap;No;1113;End-cap
216560;End-cap;Yes;1526;End-cap
216561;Front of Store;No;927;Front of Store
216562;Aisle;No;960;Aisle
216563;Aisle;No;838;Aisle
216564;Aisle;No;824;Aisle
216565;Aisle;No;948;Aisle
216566;Aisle;Yes;1376;Aisle
216567;Aisle;Yes;1334;Aisle
216568;End-cap;Yes;1286;End-cap
216569;Front of Store;Yes;1419;Front of Store
216570;Front of Store;Yes;1631;Front of Store
216571;Aisle;No;903;Aisle
216572;Front of Store;No;928;Front of Store
216573;End-cap;No;918;End-cap
216574;Aisle;Yes;1360;Aisle
216575;Front of Store;Yes;1650;Front of Store
216576;Front of Store;Yes;1280;Front of Store
216577;End-cap;Yes;1439;End-cap
216578;Aisle;Yes;1651;Aisle
216579;Aisle;No;955;Aisle
216580;End-cap;Yes;1616;End-cap
216581;Aisle;Yes;1330;Aisle
216582;Front of Store;No;1006;Front of Store
216583;End-cap;No;892;End-cap
216584;Aisle;Yes;1533;Aisle
216585;Front of Store;No;888;Front of Store
216586;Aisle;No;968;Aisle
216587;End-cap;Yes;1329;End-cap
216588;Front of Store;No;673;Front of Store
216589;Aisle;No;876;Aisle
216590;End-cap;Yes;1764;End-cap
216591;Aisle;Yes;1419;Aisle
216592;End-cap;Yes;1341;End-cap
216593;Front of Store;No;784;Front of Store
216594;End-cap;Yes;1527;End-cap
216595;Aisle;No;748;Aisle
216596;End-cap;No;969;End-cap
216597;Aisle;No;1016;Aisle
216598;Aisle;No;848;Aisle
216599;Front of Store;No;994;Front of Store
216600;Aisle;No;933;Aisle
216601;Aisle;No;916;Aisle
216602;End-cap;Yes;1374;End-cap
216603;End-cap;No;693;End-cap
216604;Front of Store;No;723;Front of Store
216605;Aisle;No;703;Aisle
216606;End-cap;No;1012;End-cap
216607;Aisle;No;911;Aisle
216608;Aisle;No;919;Aisle
216609;Aisle;No;635;Aisle
216610;Aisle;Yes;1354;Aisle
216611;End-cap;No;915;End-cap
216612;Aisle;No;832;Aisle
216613;Front of Store;Yes;1292;Front of Store
216614;Aisle;Yes;1479;Aisle
216615;Aisle;No;1032;Aisle
216616;Aisle;No;975;Aisle
216617;Aisle;Yes;1061;Aisle
216618;Front of Store;No;787;Front of Store
216619;Aisle;No;1141;Aisle
216620;Front of Store;Yes;1226;Front of Store
216621;Aisle;No;800;Aisle
216622;Aisle;No;744;Aisle
216623;Aisle;No;1082;Aisle
216624;Aisle;No;818;Aisle
216625;End-cap;No;800;End-cap
216626;Front of Store;Yes;1233;Front of Store
216627;End-cap;Yes;1522;End-cap
216628;Aisle;No;898;Aisle
216629;Front of Store;Yes;1572;Front of Store
216630;Front of Store;No;898;Front of Store
216631;End-cap;No;756;End-cap
216632;Aisle;Yes;1541;Aisle
216633;Front of Store;Yes;1318;Front of Store
216634;Front of Store;No;913;Front of Store
216635;Aisle;Yes;1266;Aisle
216636;Front of Store;No;956;Front of Store
216637;End-cap;Yes;1489;End-cap
216638;Aisle;No;944;Aisle
216639;Aisle;No;604;Aisle
216640;End-cap;Yes;1296;End-cap
216641;End-cap;Yes;1022;End-cap
216642;End-cap;No;819;End-cap
216643;End-cap;No;918;End-cap
216644;Aisle;No;782;Aisle
216645;Aisle;No;940;Aisle
216646;End-cap;No;1110;End-cap
216647;Front of Store;No;779;Front of Store
216648;Aisle;Yes;1304;Aisle
216649;Front of Store;No;758;Front of Store
216650;Aisle;No;803;Aisle
216651;End-cap;No;1044;End-cap
216652;End-cap;No;702;End-cap
216653;Aisle;No;857;Aisle
216654;Front of Store;No;816;Front of Store
216655;Aisle;No;951;Aisle
216656;End-cap;Yes;1471;End-cap
216657;Front of Store;Yes;1251;Front of Store
216658;End-cap;No;857;End-cap
216659;Aisle;No;870;Aisle
216660;Aisle;Yes;1202;Aisle
216661;Front of Store;No;958;Front of Store
216662;End-cap;No;953;End-cap
216663;End-cap;No;940;End-cap
216664;Aisle;Yes;1445;Aisle
216665;End-cap;No;839;End-cap
216666;End-cap;No;988;End-cap
216667;Aisle;No;805;Aisle
216668;Front of Store;No;1117;Front of Store
216669;End-cap;Yes;1335;End-cap
216670;Aisle;No;923;Aisle
216671;Aisle;No;732;Aisle
216672;End-cap;No;798;End-cap
216673;End-cap;No;799;End-cap
216674;End-cap;No;667;End-cap
216675;Front of Store;No;911;Front of Store
216676;Aisle;No;887;Aisle
216677;Aisle;No;998;Aisle
216678;Front of Store;No;690;Front of Store
216679;Front of Store;Yes;1785;Front of Store
216680;End-cap;Yes;1408;End-cap
216681;End-cap;No;941;End-cap
216682;End-cap;Yes;1362;End-cap
216683;Aisle;No;892;Aisle
216684;Front of Store;No;779;Front of Store
216685;End-cap;No;849;End-cap
216686;End-cap;Yes;1260;End-cap
216687;End-cap;Yes;1178;End-cap
216688;End-cap;No;829;End-cap
216689;End-cap;No;797;End-cap
216690;Aisle;Yes;1465;Aisle
216691;Aisle;Yes;1288;Aisle
216692;Aisle;No;980;Aisle
216693;Front of Store;No;820;Front of Store
216694;Aisle;No;870;Aisle
216695;Aisle;No;902;Aisle
216696;Aisle;Yes;1294;Aisle
216697;Aisle;Yes;1311;Aisle
216698;Front of Store;No;997;Front of Store
216699;Aisle;No;764;Aisle
216700;End-cap;No;1047;End-cap
216701;End-cap;No;883;End-cap
216702;Front of Store;No;864;Front of Store
216703;Aisle;No;832;Aisle
216704;End-cap;No;1063;End-cap
216705;Aisle;No;786;Aisle
216706;End-cap;No;859;End-cap
216707;End-cap;Yes;1154;End-cap
216708;Aisle;No;973;Aisle
216709;Front of Store;No;761;Front of Store
216710;End-cap;Yes;1183;End-cap
216711;Aisle;Yes;1195;Aisle
216712;Aisle;No;697;Aisle
216713;Aisle;No;1099;Aisle
216714;End-cap;Yes;1313;End-cap
216715;Front of Store;No;1015;Front of Store
216716;Front of Store;Yes;1093;Front of Store
216717;Front of Store;Yes;1428;Front of Store
216718;Aisle;No;856;Aisle
216719;Front of Store;No;887;Front of Store
216720;Front of Store;Yes;1445;Front of Store
216721;Aisle;No;967;Aisle
216722;Front of Store;Yes;1688;Front of Store
216723;Front of Store;No;730;Front of Store
216724;Aisle;Yes;1371;Aisle
216725;Front of Store;Yes;1454;Front of Store
216726;Front of Store;Yes;1200;Front of Store
216727;Aisle;No;611;Aisle
216728;Aisle;Yes;1536;Aisle
216729;Aisle;No;853;Aisle
216730;End-cap;Yes;1199;End-cap
216731;Aisle;No;867;Aisle
216732;Aisle;No;864;Aisle
216733;End-cap;Yes;1260;End-cap
216734;Aisle;Yes;1438;Aisle
216735;Aisle;No;1093;Aisle
216736;Front of Store;No;970;Front of Store
216737;End-cap;No;872;End-cap
216738;Aisle;No;780;Aisle
216739;Front of Store;No;848;Front of Store
216740;Aisle;Yes;1538;Aisle
216741;End-cap;No;901;End-cap
216742;End-cap;No;853;End-cap
216743;End-cap;Yes;1399;End-cap
216744;End-cap;Yes;1353;End-cap
216745;Front of Store;Yes;1513;Front of Store
216746;End-cap;Yes;1532;End-cap
216747;Front of Store;No;1048;Front of Store
216748;Aisle;No;740;Aisle
216749;Front of Store;Yes;1575;Front of Store
216750;End-cap;No;902;End-cap
216751;Front of Store;Yes;1216;Front of Store
216752;Front of Store;No;688;Front of Store
216753;Aisle;Yes;1172;Aisle
216754;End-cap;Yes;1637;End-cap
216755;End-cap;No;789;End-cap
216756;Aisle;No;1150;Aisle
216757;Front of Store;Yes;1188;Front of Store
216758;Front of Store;No;917;Front of Store
216759;Front of Store;No;884;Front of Store
216760;End-cap;No;834;End-cap
216761;Aisle;No;948;Aisle
216762;Aisle;Yes;1118;Aisle
216763;Aisle;No;734;Aisle
216764;Front of Store;No;1015;Front of Store
216765;End-cap;Yes;1269;End-cap
216766;End-cap;Yes;1288;End-cap
216767;Front of Store;No;930;Front of Store
216768;Front of Store;No;977;Front of Store
216769;End-cap;No;884;End-cap
216770;End-cap;No;752;End-cap
216771;Front of Store;Yes;1353;Front of Store
216772;Aisle;No;792;Aisle
216773;Front of Store;No;869;Front of Store
216774;End-cap;Yes;1289;End-cap
216775;End-cap;Yes;1676;End-cap
216776;Aisle;No;895;Aisle
216777;Front of Store;No;901;Front of Store
216778;Aisle;Yes;1343;Aisle
216779;End-cap;No;910;End-cap
216780;End-cap;Yes;1568;End-cap
216781;Aisle;Yes;1445;Aisle
216782;Aisle;Yes;1437;Aisle
216783;Aisle;No;800;Aisle
216784;End-cap;Yes;1730;End-cap
216785;End-cap;No;915;End-cap
216786;Aisle;Yes;1500;Aisle
216787;Aisle;Yes;1306;Aisle
216788;Front of Store;Yes;1431;Front of Store
216789;Aisle;No;953;Aisle
216790;End-cap;No;780;End-cap
216791;End-cap;Yes;1476;End-cap
216792;Aisle;No;889;Aisle
216793;End-cap;Yes;1519;End-cap
216794;Aisle;No;947;Aisle
216795;Aisle;Yes;1414;Aisle
216796;End-cap;No;1113;End-cap
216797;End-cap;No;869;End-cap
216798;Front of Store;No;948;Front of Store
216799;Front of Store;No;960;Front of Store
216800;Aisle;Yes;1400;Aisle
216801;End-cap;Yes;1420;End-cap
216802;Aisle;No;754;Aisle
216803;Aisle;Yes;1380;Aisle
216804;Aisle;No;777;Aisle
216805;Aisle;Yes;1349;Aisle
216806;End-cap;No;827;End-cap
216807;End-cap;Yes;1364;End-cap
216808;Aisle;No;655;Aisle
216809;End-cap;Yes;1610;End-cap
216810;Front of Store;No;885;Front of Store
216811;Aisle;No;801;Aisle
216812;Aisle;No;931;Aisle
216813;End-cap;No;979;End-cap
216814;Front of Store;No;1031;Front of Store
216815;End-cap;No;1151;End-cap
216816;End-cap;No;937;End-cap
216817;Front of Store;Yes;1599;Front of Store
216818;Aisle;No;887;Aisle
216819;End-cap;No;995;End-cap
216820;End-cap;No;736;End-cap
216821;End-cap;No;894;End-cap
216822;End-cap;Yes;1542;End-cap
216823;Aisle;Yes;1370;Aisle
216824;End-cap;Yes;1272;End-cap
216825;End-cap;Yes;1271;End-cap
216826;Aisle;Yes;1635;Aisle
216827;Aisle;Yes;1129;Aisle
216828;Aisle;Yes;1301;Aisle
216829;End-cap;No;994;End-cap
216830;Aisle;No;918;Aisle
216831;Aisle;Yes;1264;Aisle
216832;End-cap;No;748;End-cap
216833;Aisle;No;789;Aisle
216834;Aisle;No;908;Aisle
216835;Aisle;Yes;1732;Aisle
216836;Aisle;Yes;1686;Aisle
216837;Front of Store;Yes;1332;Front of Store
216838;Aisle;Yes;1305;Aisle
216839;End-cap;Yes;1292;End-cap
216840;Aisle;Yes;1542;Aisle
216841;End-cap;No;863;End-cap
216842;End-cap;Yes;1427;End-cap
216843;Front of Store;Yes;1334;Front of Store
216844;End-cap;Yes;1482;End-cap
216845;Aisle;Yes;1541;Aisle
216846;Front of Store;Yes;1523;Front of Store
216847;Front of Store;Yes;1274;Front of Store
216848;End-cap;No;940;End-cap
216849;Aisle;No;694;Aisle
216850;Front of Store;Yes;1285;Front of Store
216851;Front of Store;Yes;1201;Front of Store
216852;Aisle;No;1108;Aisle
216853;Aisle;No;777;Aisle
216854;Aisle;Yes;1393;Aisle
216855;Front of Store;Yes;1414;Front of Store
216856;Front of Store;No;613;Front of Store
216857;Front of Store;No;844;Front of Store
216858;Front of Store;No;1057;Front of Store
216859;End-cap;Yes;1501;End-cap
216860;End-cap;No;1074;End-cap
216861;End-cap;Yes;1066;End-cap
216862;End-cap;No;829;End-cap
216863;Front of Store;Yes;1569;Front of Store
216864;End-cap;No;939;End-cap
216865;End-cap;No;876;End-cap
216866;Aisle;Yes;1280;Aisle
216867;End-cap;No;836;End-cap
216868;Aisle;No;886;Aisle
216869;End-cap;No;879;End-cap
216870;Aisle;No;797;Aisle
216871;End-cap;Yes;1389;End-cap
216872;Front of Store;Yes;1352;Front of Store
216873;End-cap;No;756;End-cap
216874;Front of Store;No;725;Front of Store
216875;Aisle;Yes;1305;Aisle
216876;End-cap;No;881;End-cap
216877;Front of Store;No;752;Front of Store
216878;End-cap;Yes;1445;End-cap
216879;Front of Store;Yes;1258;Front of Store
216880;Front of Store;Yes;1852;Front of Store
216881;Front of Store;Yes;1339;Front of Store
216882;Front of Store;No;880;Front of Store
216883;Front of Store;Yes;1398;Front of Store
216884;Aisle;No;862;Aisle
216885;Aisle;Yes;1403;Aisle
216886;Front of Store;Yes;1375;Front of Store
216887;End-cap;No;858;End-cap
216888;Aisle;Yes;1335;Aisle
216889;Front of Store;No;858;Front of Store
216890;Aisle;Yes;1272;Aisle
216891;Aisle;No;911;Aisle
216892;Aisle;Yes;1680;Aisle
216893;Aisle;Yes;1747;Aisle
216894;End-cap;Yes;1491;End-cap
216895;Aisle;Yes;1256;Aisle
216896;End-cap;Yes;1469;End-cap
216897;Front of Store;No;881;Front of Store
216898;End-cap;Yes;1575;End-cap
216899;Aisle;Yes;1156;Aisle
216900;Aisle;No;743;Aisle
216901;Front of Store;No;873;Front of Store
216902;Front of Store;No;828;Front of Store
216903;Aisle;Yes;1267;Aisle
216904;Aisle;No;902;Aisle
216905;Aisle;Yes;1361;Aisle
216906;Aisle;Yes;1413;Aisle
216907;Front of Store;No;761;Front of Store
216908;Aisle;No;860;Aisle
216909;Front of Store;No;814;Front of Store
216910;Aisle;No;937;Aisle
216911;Aisle;Yes;1481;Aisle
216912;End-cap;Yes;1433;End-cap
216913;Aisle;No;984;Aisle
216914;Aisle;No;872;Aisle
216915;Aisle;Yes;1479;Aisle
216916;End-cap;Yes;1145;End-cap
216917;Front of Store;No;999;Front of Store
216918;Front of Store;Yes;1232;Front of Store
216919;Aisle;No;864;Aisle
216920;Aisle;No;829;Aisle
216921;End-cap;No;807;End-cap
216922;Front of Store;No;947;Front of Store
216923;End-cap;Yes;1393;End-cap
216924;End-cap;Yes;1324;End-cap
216925;Aisle;No;832;Aisle
216926;End-cap;Yes;1461;End-cap
216927;Front of Store;Yes;1603;Front of Store
216928;End-cap;Yes;1262;End-cap
216929;End-cap;No;706;End-cap
216930;Aisle;Yes;1386;Aisle
216931;End-cap;No;854;End-cap
216932;Aisle;Yes;1427;Aisle
216933;Aisle;No;941;Aisle
216934;Aisle;No;927;Aisle
216935;End-cap;No;651;End-cap
216936;Aisle;Yes;1180;Aisle
216937;End-cap;No;1035;End-cap
216938;Aisle;Yes;1490;Aisle
216939;Aisle;No;903;Aisle
216940;Front of Store;No;656;Front of Store
216941;Aisle;Yes;1480;Aisle
216942;Front of Store;Yes;1275;Front of Store
216943;Aisle;No;934;Aisle
216944;Aisle;Yes;1509;Aisle
216945;Front of Store;Yes;1436;Front of Store
216946;End-cap;Yes;1640;End-cap
216947;End-cap;No;714;End-cap
216948;Aisle;No;872;Aisle
216949;Aisle;Yes;1682;Aisle
216950;Front of Store;No;858;Front of Store
216951;End-cap;No;956;End-cap
216952;Front of Store;No;715;Front of Store
216953;End-cap;No;854;End-cap
216954;Aisle;No;753;Aisle
216955;End-cap;Yes;1824;End-cap
216956;End-cap;No;1031;End-cap
216957;Aisle;Yes;1500;Aisle
216958;Front of Store;Yes;1504;Front of Store
216959;End-cap;Yes;1573;End-cap
216960;Front of Store;No;696;Front of Store
216961;Front of Store;No;842;Front of Store
216962;Aisle;No;890;Aisle
216963;End-cap;Yes;1492;End-cap
216964;Aisle;Yes;1385;Aisle
216965;End-cap;No;836;End-cap
216966;Front of Store;No;827;Front of Store
216967;Aisle;No;1016;Aisle
216968;Aisle;Yes;1108;Aisle
216969;End-cap;No;1125;End-cap
216970;End-cap;No;872;End-cap
216971;Front of Store;Yes;1088;Front of Store
216972;End-cap;Yes;1343;End-cap
216973;Front of Store;Yes;1287;Front of Store
216974;Front of Store;No;826;Front of Store
216975;End-cap;Yes;1466;End-cap
216976;Front of Store;No;588;Front of Store
216977;Aisle;No;709;Aisle
216978;Aisle;No;854;Aisle
216979;Front of Store;No;1017;Front of Store
216980;End-cap;No;798;End-cap
216981;Front of Store;No;610;Front of Store
216982;Front of Store;No;780;Front of Store
216983;End-cap;No;1045;End-cap
216984;End-cap;Yes;1699;End-cap
216985;Front of Store;No;851;Front of Store
216986;Aisle;No;765;Aisle
216987;Front of Store;Yes;1234;Front of Store
216988;End-cap;Yes;1276;End-cap
216989;End-cap;Yes;1333;End-cap
216990;Aisle;Yes;1436;Aisle
216991;End-cap;No;821;End-cap
216992;End-cap;Yes;1584;End-cap
216993;Aisle;Yes;1736;Aisle
216994;End-cap;No;974;End-cap
216995;Aisle;No;822;Aisle
216996;End-cap;No;896;End-cap
216997;Aisle;No;831;Aisle
216998;Front of Store;No;923;Front of Store
216999;End-cap;No;888;End-cap
217000;Front of Store;No;824;Front of Store
217001;End-cap;No;728;End-cap
217002;Front of Store;No;778;Front of Store
217003;Aisle;Yes;1468;Aisle
217004;Front of Store;No;837;Front of Store
217005;End-cap;Yes;1037;End-cap
217006;End-cap;No;793;End-cap
217007;Aisle;Yes;1465;Aisle
217008;End-cap;No;749;End-cap
217009;End-cap;Yes;1143;End-cap
217010;End-cap;Yes;1568;End-cap
217011;End-cap;No;921;End-cap
217012;End-cap;Yes;1289;End-cap
217013;Front of Store;Yes;1702;Front of Store
217014;End-cap;Yes;1414;End-cap
217015;Aisle;No;820;Aisle
217016;Aisle;No;842;Aisle
217017;Aisle;Yes;1512;Aisle
217018;End-cap;No;902;End-cap
217019;Aisle;Yes;1581;Aisle
217020;End-cap;No;912;End-cap
217021;Aisle;No;822;Aisle
217022;Aisle;Yes;1459;Aisle
217023;Aisle;Yes;1533;Aisle
217024;Aisle;No;840;Aisle
217025;Front of Store;No;756;Front of Store
217026;Aisle;Yes;1206;Aisle
217027;Aisle;No;965;Aisle
217028;End-cap;Yes;1455;End-cap
217029;Front of Store;Yes;1199;Front of Store
217030;End-cap;No;970;End-cap
217031;Front of Store;Yes;1504;Front of Store
217032;Front of Store;No;955;Front of Store
217033;End-cap;No;792;End-cap
217034;End-cap;No;778;End-cap
217035;Aisle;Yes;1269;Aisle
217036;End-cap;No;861;End-cap
217037;End-cap;Yes;1494;End-cap
217038;Front of Store;Yes;1556;Front of Store
217039;End-cap;Yes;1375;End-cap
217040;Front of Store;No;880;Front of Store
217041;Aisle;Yes;1647;Aisle
217042;End-cap;Yes;1180;End-cap
217043;Aisle;No;1068;Aisle
217044;Aisle;No;1081;Aisle
217045;End-cap;Yes;1277;End-cap
217046;Aisle;No;833;Aisle
217047;Aisle;Yes;1650;Aisle
217048;Aisle;No;825;Aisle
217049;End-cap;No;991;End-cap
217050;End-cap;Yes;1480;End-cap
217051;Aisle;No;887;Aisle
217052;End-cap;Yes;1290;End-cap
217053;Aisle;No;841;Aisle
217054;Front of Store;No;1045;Front of Store
217055;Front of Store;No;942;Front of Store
217056;Aisle;No;795;Aisle
217057;End-cap;No;887;End-cap
217058;Aisle;Yes;1264;Aisle
217059;End-cap;Yes;1260;End-cap
217060;End-cap;Yes;1433;End-cap
217061;Front of Store;No;812;Front of Store
217062;Aisle;No;923;Aisle
217063;Front of Store;No;1081;Front of Store
217064;Aisle;No;925;Aisle
217065;Aisle;No;867;Aisle
217066;Aisle;No;1094;Aisle
217067;Aisle;No;792;Aisle
217068;Front of Store;Yes;1215;Front of Store
217069;Aisle;No;543;Aisle
217070;Front of Store;No;823;Front of Store
217071;Front of Store;No;814;Front of Store
217072;Aisle;No;983;Aisle
217073;Front of Store;Yes;1110;Front of Store
217074;Front of Store;Yes;1549;Front of Store
217075;Aisle;No;770;Aisle
217076;Aisle;Yes;1332;Aisle
217077;Aisle;No;840;Aisle
217078;Aisle;No;810;Aisle
217079;Front of Store;No;1006;Front of Store
217080;End-cap;No;844;End-cap
217081;Aisle;Yes;1634;Aisle
217082;Front of Store;Yes;1347;Front of Store
217083;End-cap;No;869;End-cap
217084;Aisle;Yes;1629;Aisle
217085;End-cap;No;799;End-cap
217086;End-cap;Yes;1321;End-cap
217087;Aisle;No;821;Aisle
217088;Aisle;No;974;Aisle
217089;Front of Store;No;923;Front of Store
217090;Aisle;No;876;Aisle
217091;End-cap;No;988;End-cap
217092;End-cap;Yes;1498;End-cap
217093;Front of Store;No;820;Front of Store
217094;Aisle;No;815;Aisle
217095;End-cap;Yes;1103;End-cap
217096;Aisle;Yes;1379;Aisle
217097;Front of Store;No;1105;Front of Store
217098;End-cap;Yes;1204;End-cap
217099;Front of Store;No;1029;Front of Store
217100;Aisle;Yes;1213;Aisle
217101;Front of Store;Yes;1278;Front of Store
217102;End-cap;Yes;1484;End-cap
217103;Front of Store;No;1020;Front of Store
217104;Aisle;No;1066;Aisle
217105;End-cap;Yes;1300;End-cap
217106;Aisle;No;761;Aisle
217107;Front of Store;Yes;1140;Front of Store
217108;End-cap;No;872;End-cap
217109;Front of Store;Yes;1343;Front of Store
217110;End-cap;Yes;1275;End-cap
217111;Front of Store;No;709;Front of Store
217112;Front of Store;No;989;Front of Store
217113;Aisle;No;895;Aisle
217114;Front of Store;No;947;Front of Store
217115;Aisle;No;904;Aisle
217116;Front of Store;No;763;Front of Store
217117;Front of Store;No;767;Front of Store
217118;Aisle;No;1067;Aisle
217119;End-cap;No;868;End-cap
217120;End-cap;No;1102;End-cap
217121;Front of Store;Yes;1224;Front of Store
217122;End-cap;No;789;End-cap
217123;Front of Store;No;954;Front of Store
217124;Front of Store;Yes;1520;Front of Store
217125;Aisle;No;803;Aisle
217126;End-cap;Yes;1366;End-cap
217127;End-cap;No;983;End-cap
217128;Aisle;No;821;Aisle
217129;Aisle;Yes;1455;Aisle
217130;Aisle;Yes;1410;Aisle
217131;Aisle;No;803;Aisle
217132;Aisle;Yes;1387;Aisle
217133;Aisle;Yes;1529;Aisle
217134;Front of Store;No;985;Front of Store
217135;End-cap;No;722;End-cap
217136;End-cap;No;841;End-cap
217137;Front of Store;Yes;1371;Front of Store
217138;Front of Store;Yes;1279;Front of Store
217139;Aisle;No;1004;Aisle
217140;Aisle;Yes;1678;Aisle
217141;Aisle;No;743;Aisle
217142;Aisle;No;704;Aisle
217143;Aisle;No;883;Aisle
217144;Front of Store;No;596;Front of Store
217145;Front of Store;Yes;1189;Front of Store
217146;Front of Store;No;941;Front of Store
217147;Aisle;No;840;Aisle
217148;Aisle;No;770;Aisle
217149;Aisle;Yes;1438;Aisle
217150;Aisle;No;826;Aisle
217151;End-cap;No;878;End-cap
217152;Aisle;Yes;1530;Aisle
217153;End-cap;No;875;End-cap
217154;Aisle;No;801;Aisle
217155;End-cap;No;870;End-cap
217156;End-cap;Yes;1370;End-cap
217157;Aisle;Yes;1780;Aisle
217158;Aisle;No;783;Aisle
217159;Aisle;No;938;Aisle
217160;Aisle;No;1046;Aisle
217161;End-cap;No;1045;End-cap
217162;End-cap;No;775;End-cap
217163;Aisle;No;1047;Aisle
217164;Front of Store;Yes;1737;Front of Store
217165;End-cap;No;1018;End-cap
217166;Aisle;No;985;Aisle
217167;End-cap;Yes;1422;End-cap
217168;End-cap;No;829;End-cap
217169;End-cap;No;701;End-cap
217170;End-cap;No;806;End-cap
217171;Aisle;Yes;1648;Aisle
217172;End-cap;No;804;End-cap
217173;Front of Store;No;846;Front of Store
217174;End-cap;No;983;End-cap
217175;Aisle;Yes;1261;Aisle
217176;Front of Store;Yes;1250;Front of Store
217177;Aisle;Yes;1008;Aisle
217178;Aisle;Yes;1483;Aisle
217179;Aisle;Yes;1444;Aisle
217180;Aisle;Yes;1371;Aisle
217181;Aisle;No;899;Aisle
217182;End-cap;No;850;End-cap
217183;Aisle;Yes;1055;Aisle
217184;End-cap;Yes;1228;End-cap
217185;End-cap;No;859;End-cap
217186;Front of Store;Yes;1493;Front of Store
217187;Front of Store;No;799;Front of Store
217188;End-cap;Yes;1220;End-cap
217189;End-cap;Yes;1306;End-cap
217190;Front of Store;Yes;1329;Front of Store
217191;Aisle;Yes;1833;Aisle
217192;Front of Store;No;727;Front of Store
217193;End-cap;Yes;1320;End-cap
217194;Front of Store;No;829;Front of Store
217195;End-cap;Yes;1347;End-cap
217196;Aisle;No;874;Aisle
217197;Aisle;Yes;1461;Aisle
217198;End-cap;Yes;1602;End-cap
217199;Front of Store;No;754;Front of Store
217200;Aisle;No;1044;Aisle
217201;Aisle;No;814;Aisle
217202;End-cap;Yes;1279;End-cap
217203;Aisle;No;851;Aisle
217204;Front of Store;No;852;Front of Store
217205;Front of Store;No;846;Front of Store
217206;Front of Store;Yes;1291;Front of Store
217207;End-cap;No;860;End-cap
217208;End-cap;Yes;1341;End-cap
217209;Aisle;Yes;1691;Aisle
217210;Aisle;No;960;Aisle
217211;Front of Store;Yes;1500;Front of Store
217212;End-cap;No;1117;End-cap
217213;Aisle;Yes;1553;Aisle
217214;Front of Store;Yes;1685;Front of Store
217215;Front of Store;No;926;Front of Store
217216;Aisle;Yes;1444;Aisle
217217;End-cap;No;1064;End-cap
217218;Aisle;No;662;Aisle
217219;Aisle;No;839;Aisle
217220;Front of Store;Yes;1507;Front of Store
217221;Aisle;No;728;Aisle
217222;Aisle;No;814;Aisle
217223;Aisle;Yes;1279;Aisle
217224;End-cap;Yes;1148;End-cap
217225;End-cap;No;843;End-cap
217226;End-cap;No;761;End-cap
217227;Aisle;No;884;Aisle
217228;End-cap;Yes;1355;End-cap
217229;End-cap;Yes;1341;End-cap
217230;Aisle;No;757;Aisle
217231;End-cap;Yes;1486;End-cap
217232;Aisle;No;876;Aisle
217233;Front of Store;No;930;Front of Store
217234;Front of Store;Yes;1432;Front of Store
217235;Aisle;Yes;1333;Aisle
217236;Aisle;No;870;Aisle
217237;End-cap;Yes;1564;End-cap
217238;Front of Store;No;822;Front of Store
217239;Aisle;No;781;Aisle
217240;Aisle;Yes;1425;Aisle
217241;Aisle;Yes;1473;Aisle
217242;Aisle;No;726;Aisle
217243;End-cap;No;936;End-cap
217244;Aisle;Yes;1625;Aisle
217245;End-cap;No;728;End-cap
217246;Aisle;No;746;Aisle
217247;End-cap;No;726;End-cap
217248;Front of Store;No;887;Front of Store
217249;Aisle;No;860;Aisle
217250;Aisle;No;971;Aisle
217251;Aisle;No;752;Aisle
217252;Front of Store;Yes;1468;Front of Store
217253;Aisle;Yes;1394;Aisle
217254;Aisle;Yes;1480;Aisle
217255;End-cap;Yes;1162;End-cap
217256;End-cap;Yes;1424;End-cap
217257;Front of Store;No;844;Front of Store
217258;End-cap;Yes;1618;End-cap
217259;End-cap;Yes;1491;End-cap
217260;End-cap;No;866;End-cap
217261;Aisle;No;1050;Aisle
217262;Aisle;No;785;Aisle
217263;Front of Store;No;817;Front of Store
217264;Aisle;No;656;Aisle
217265;Front of Store;Yes;1413;Front of Store
217266;Front of Store;Yes;1448;Front of Store
217267;Aisle;No;865;Aisle
217268;End-cap;No;887;End-cap
217269;End-cap;No;883;End-cap
217270;Front of Store;No;792;Front of Store
217271;Front of Store;Yes;1412;Front of Store
217272;Aisle;Yes;1291;Aisle
217273;Aisle;No;1013;Aisle
217274;Front of Store;No;808;Front of Store
217275;Front of Store;No;710;Front of Store
217276;Front of Store;No;849;Front of Store
217277;Aisle;No;840;Aisle
217278;Aisle;No;920;Aisle
217279;Aisle;No;946;Aisle
217280;Aisle;No;711;Aisle
217281;End-cap;No;888;End-cap
217282;Aisle;Yes;1285;Aisle
217283;Aisle;Yes;1560;Aisle
217284;Front of Store;No;695;Front of Store
217285;Aisle;No;831;Aisle
217286;End-cap;Yes;1729;End-cap
217287;End-cap;No;893;End-cap
217288;Front of Store;No;1022;Front of Store
217289;End-cap;Yes;1271;End-cap
217290;End-cap;Yes;1388;End-cap
217291;End-cap;Yes;1165;End-cap
217292;Front of Store;No;869;Front of Store
217293;Aisle;No;650;Aisle
217294;End-cap;Yes;1536;End-cap
217295;End-cap;Yes;1273;End-cap
217296;End-cap;Yes;1331;End-cap
217297;End-cap;No;980;End-cap
217298;Aisle;No;906;Aisle
217299;Aisle;No;932;Aisle
217300;End-cap;No;989;End-cap
217301;End-cap;Yes;1479;End-cap
217302;Aisle;Yes;1513;Aisle
217303;Aisle;No;750;Aisle
217304;End-cap;Yes;1261;End-cap
217305;Aisle;No;766;Aisle
217306;End-cap;Yes;1352;End-cap
217307;Aisle;No;754;Aisle
217308;Aisle;No;1062;Aisle
217309;End-cap;No;968;End-cap
217310;End-cap;No;806;End-cap
217311;Aisle;No;802;Aisle
217312;Aisle;Yes;1374;Aisle
217313;End-cap;No;860;End-cap
217314;End-cap;No;983;End-cap
217315;Front of Store;No;815;Front of Store
217316;End-cap;Yes;1469;End-cap
217317;End-cap;Yes;1536;End-cap
217318;Aisle;No;815;Aisle
217319;Aisle;No;1023;Aisle
217320;End-cap;No;744;End-cap
217321;Aisle;No;706;Aisle
217322;Front of Store;No;931;Front of Store
217323;Aisle;Yes;1420;Aisle
217324;Front of Store;Yes;1688;Front of Store
217325;End-cap;No;754;End-cap
217326;Front of Store;Yes;1473;Front of Store
217327;Aisle;No;1049;Aisle
217328;Aisle;No;959;Aisle
217329;Aisle;No;931;Aisle
217330;End-cap;Yes;1451;End-cap
217331;End-cap;No;911;End-cap
217332;End-cap;Yes;1326;End-cap
217333;End-cap;Yes;1588;End-cap
217334;Front of Store;No;891;Front of Store
217335;Front of Store;Yes;1086;Front of Store
217336;Aisle;Yes;1448;Aisle
217337;End-cap;Yes;1382;End-cap
217338;Aisle;Yes;1421;Aisle
217339;Front of Store;No;803;Front of Store
217340;End-cap;No;859;End-cap
217341;Aisle;No;872;Aisle
217342;Aisle;No;773;Aisle
217343;End-cap;No;805;End-cap
217344;Front of Store;Yes;1540;Front of Store
217345;Aisle;No;933;Aisle
217346;Front of Store;No;905;Front of Store
217347;Front of Store;No;612;Front of Store
217348;Aisle;No;783;Aisle
217349;Aisle;Yes;1308;Aisle
217350;End-cap;Yes;985;End-cap
217351;End-cap;No;855;End-cap
217352;Aisle;No;830;Aisle
217353;End-cap;No;841;End-cap
217354;Front of Store;No;786;Front of Store
217355;Aisle;No;888;Aisle
217356;Aisle;Yes;1252;Aisle
217357;Front of Store;No;720;Front of Store
217358;Aisle;No;896;Aisle
217359;Front of Store;Yes;1552;Front of Store
217360;End-cap;Yes;1536;End-cap
217361;Aisle;Yes;1261;Aisle
217362;End-cap;Yes;1350;End-cap
217363;Aisle;No;787;Aisle
217364;Aisle;Yes;1364;Aisle
217365;Aisle;No;918;Aisle
217366;Aisle;No;882;Aisle
217367;Aisle;No;720;Aisle
217368;Front of Store;No;867;Front of Store
217369;Front of Store;Yes;1153;Front of Store
217370;Aisle;No;929;Aisle
217371;Aisle;No;772;Aisle
217372;Front of Store;No;832;Front of Store
217373;Aisle;Yes;1552;Aisle
217374;End-cap;No;1008;End-cap
217375;Aisle;No;793;Aisle
217376;Aisle;No;1122;Aisle
217377;Front of Store;Yes;1188;Front of Store
217378;End-cap;Yes;1567;End-cap
217379;End-cap;No;794;End-cap
217380;Aisle;No;682;Aisle
217381;Front of Store;Yes;1553;Front of Store
217382;End-cap;Yes;1455;End-cap
217383;End-cap;No;747;End-cap
217384;Aisle;No;1140;Aisle
217385;Front of Store;Yes;1716;Front of Store
217386;End-cap;No;881;End-cap
217387;Aisle;Yes;1542;Aisle
217388;End-cap;No;838;End-cap
217389;End-cap;Yes;1564;End-cap
217390;Aisle;No;930;Aisle
217391;End-cap;No;1036;End-cap
217392;Aisle;No;776;Aisle
217393;Front of Store;Yes;1444;Front of Store
217394;End-cap;No;1115;End-cap
217395;End-cap;No;885;End-cap
217396;Front of Store;Yes;1277;Front of Store
217397;Aisle;Yes;1213;Aisle
217398;End-cap;No;1079;End-cap
217399;Front of Store;Yes;1407;Front of Store
217400;Aisle;No;918;Aisle
217401;End-cap;No;962;End-cap
217402;Front of Store;Yes;1305;Front of Store
217403;Front of Store;No;757;Front of Store
217404;End-cap;No;1048;End-cap
217405;Aisle;No;821;Aisle
217406;End-cap;Yes;1494;End-cap
217407;Front of Store;No;845;Front of Store
217408;Aisle;No;1037;Aisle
217409;End-cap;Yes;1329;End-cap
217410;Aisle;No;890;Aisle
217411;End-cap;Yes;1144;End-cap
217412;End-cap;Yes;1092;End-cap
217413;End-cap;No;868;End-cap
217414;Aisle;No;952;Aisle
217415;End-cap;No;943;End-cap
217416;End-cap;Yes;1741;End-cap
217417;End-cap;No;809;End-cap
217418;Aisle;No;904;Aisle
217419;End-cap;Yes;1114;End-cap
217420;Aisle;Yes;1192;Aisle
217421;Aisle;Yes;1422;Aisle
217422;Aisle;No;617;Aisle
217423;Front of Store;No;981;Front of Store
217424;Front of Store;No;752;Front of Store
217425;Front of Store;No;912;Front of Store
217426;Aisle;Yes;1463;Aisle
217427;Front of Store;No;949;Front of Store
217428;Aisle;No;743;Aisle
217429;Aisle;No;708;Aisle
217430;Aisle;Yes;1493;Aisle
217431;Front of Store;Yes;1591;Front of Store
217432;Aisle;No;836;Aisle
217433;Aisle;No;992;Aisle
217434;Aisle;Yes;1270;Aisle
217435;Front of Store;No;876;Front of Store
217436;Front of Store;No;899;Front of Store
217437;Aisle;No;1125;Aisle
217438;Aisle;Yes;1364;Aisle
217439;Aisle;Yes;1487;Aisle
217440;Front of Store;No;722;Front of Store
217441;Front of Store;Yes;1367;Front of Store
217442;Aisle;No;934;Aisle
217443;End-cap;No;894;End-cap
217444;End-cap;Yes;1531;End-cap
217445;Aisle;No;645;Aisle
217446;End-cap;No;730;End-cap
217447;Front of Store;No;868;Front of Store
217448;End-cap;Yes;1498;End-cap
217449;End-cap;Yes;1628;End-cap
217450;End-cap;No;878;End-cap
217451;End-cap;Yes;1303;End-cap
217452;Front of Store;Yes;1676;Front of Store
217453;Front of Store;Yes;1174;Front of Store
217454;End-cap;No;872;End-cap
217455;End-cap;No;832;End-cap
217456;End-cap;Yes;1356;End-cap
217457;Aisle;No;824;Aisle
217458;Front of Store;No;923;Front of Store
217459;Front of Store;Yes;1363;Front of Store
217460;End-cap;Yes;1317;End-cap
217461;Front of Store;No;911;Front of Store
217462;Front of Store;No;738;Front of Store
217463;End-cap;No;621;End-cap
217464;Front of Store;No;932;Front of Store
217465;Aisle;Yes;1425;Aisle
217466;Front of Store;Yes;1327;Front of Store
217467;Front of Store;No;911;Front of Store
217468;Aisle;No;675;Aisle
217469;End-cap;Yes;1237;End-cap
217470;End-cap;Yes;1464;End-cap
217471;Aisle;Yes;1719;Aisle
217472;Aisle;No;923;Aisle
217473;Front of Store;No;639;Front of Store
217474;End-cap;No;969;End-cap
217475;Aisle;Yes;1261;Aisle
217476;End-cap;No;769;End-cap
217477;Aisle;Yes;1315;Aisle
217478;Front of Store;No;986;Front of Store
217479;Aisle;No;761;Aisle
217480;Aisle;No;1093;Aisle
217481;Aisle;No;892;Aisle
217482;End-cap;Yes;1325;End-cap
217483;Front of Store;No;754;Front of Store
217484;End-cap;No;847;End-cap
217485;Aisle;No;902;Aisle
217486;Front of Store;No;1035;Front of Store
217487;Front of Store;No;978;Front of Store
217488;End-cap;No;733;End-cap
217489;Aisle;No;915;Aisle
217490;Front of Store;Yes;1413;Front of Store
217491;Aisle;Yes;1588;Aisle
217492;Front of Store;No;873;Front of Store
217493;End-cap;No;888;End-cap
217494;Aisle;No;756;Aisle
217495;Aisle;No;877;Aisle
217496;End-cap;Yes;1584;End-cap
217497;End-cap;No;817;End-cap
217498;End-cap;Yes;1308;End-cap
217499;Front of Store;No;1011;Front of Store
217500;Front of Store;No;716;Front of Store
217501;Front of Store;No;834;Front of Store
217502;Aisle;No;838;Aisle
217503;End-cap;No;850;End-cap
217504;Aisle;Yes;1409;Aisle
217505;Aisle;No;779;Aisle
217506;Aisle;No;796;Aisle
217507;End-cap;No;858;End-cap
217508;Front of Store;No;796;Front of Store
217509;Aisle;Yes;1181;Aisle
217510;End-cap;No;901;End-cap
217511;End-cap;Yes;1849;End-cap
217512;Aisle;No;639;Aisle
217513;Aisle;No;813;Aisle
217514;End-cap;No;771;End-cap
217515;End-cap;No;942;End-cap
217516;Front of Store;No;824;Front of Store
217517;Aisle;Yes;1192;Aisle
217518;Front of Store;No;928;Front of Store
217519;End-cap;No;918;End-cap
217520;Front of Store;No;885;Front of Store
217521;Aisle;Yes;1651;Aisle
217522;Front of Store;No;836;Front of Store
217523;Aisle;Yes;1305;Aisle
217524;Aisle;Yes;1449;Aisle
217525;Front of Store;Yes;1503;Front of Store
217526;Front of Store;Yes;1441;Front of Store
217527;End-cap;No;801;End-cap
217528;End-cap;No;970;End-cap
217529;Aisle;No;759;Aisle
217530;End-cap;Yes;1284;End-cap
217531;Front of Store;Yes;1457;Front of Store
217532;Aisle;Yes;1546;Aisle
217533;Front of Store;Yes;1566;Front of Store
217534;End-cap;Yes;1572;End-cap
217535;Front of Store;No;1048;Front of Store
217536;Front of Store;Yes;1177;Front of Store
217537;Front of Store;No;766;Front of Store
217538;End-cap;Yes;1617;End-cap
217539;Aisle;No;640;Aisle
217540;Aisle;No;1004;Aisle
217541;End-cap;No;587;End-cap
217542;Front of Store;No;1022;Front of Store
217543;Aisle;Yes;1643;Aisle
217544;Front of Store;Yes;1285;Front of Store
217545;End-cap;Yes;1198;End-cap
217546;Aisle;No;826;Aisle
217547;Aisle;Yes;1577;Aisle
217548;Aisle;No;932;Aisle
217549;Front of Store;Yes;1467;Front of Store
217550;Front of Store;Yes;1403;Front of Store
217551;End-cap;No;910;End-cap
217552;End-cap;Yes;1329;End-cap
217553;Front of Store;Yes;1334;Front of Store
217554;End-cap;No;893;End-cap
217555;Front of Store;No;916;Front of Store
217556;End-cap;No;993;End-cap
217557;Front of Store;No;884;Front of Store
217558;End-cap;Yes;1406;End-cap
217559;Front of Store;Yes;1354;Front of Store
217560;Aisle;Yes;1260;Aisle
217561;Aisle;Yes;1054;Aisle
217562;End-cap;No;1017;End-cap
217563;Aisle;No;921;Aisle
217564;Front of Store;No;817;Front of Store
217565;Aisle;No;799;Aisle
217566;End-cap;Yes;1429;End-cap
217567;Aisle;No;1042;Aisle
217568;End-cap;Yes;1597;End-cap
217569;Aisle;No;983;Aisle
217570;End-cap;Yes;1606;End-cap
217571;End-cap;Yes;1336;End-cap
217572;Front of Store;Yes;1394;Front of Store
217573;Front of Store;Yes;1518;Front of Store
217574;Aisle;No;819;Aisle
217575;Aisle;No;890;Aisle
217576;Front of Store;No;1018;Front of Store
217577;Aisle;No;741;Aisle
217578;Front of Store;No;933;Front of Store
217579;End-cap;Yes;1053;End-cap
217580;Aisle;Yes;1416;Aisle
217581;Front of Store;Yes;1599;Front of Store
217582;Aisle;No;1020;Aisle
217583;End-cap;No;845;End-cap
217584;Front of Store;No;962;Front of Store
217585;Aisle;Yes;1580;Aisle
217586;End-cap;Yes;1625;End-cap
217587;Aisle;Yes;1369;Aisle
217588;Aisle;No;914;Aisle
217589;Aisle;No;807;Aisle
217590;Front of Store;No;955;Front of Store
217591;Front of Store;No;736;Front of Store
217592;End-cap;No;864;End-cap
217593;End-cap;No;933;End-cap
217594;End-cap;No;848;End-cap
217595;Aisle;Yes;1254;Aisle
217596;End-cap;No;914;End-cap
217597;End-cap;Yes;1206;End-cap
217598;Front of Store;Yes;1182;Front of Store
217599;Aisle;No;980;Aisle
217600;End-cap;No;901;End-cap
217601;Aisle;Yes;1321;Aisle
217602;Front of Store;No;658;Front of Store
217603;Front of Store;Yes;1235;Front of Store
217604;Aisle;No;891;Aisle
217605;Front of Store;Yes;1587;Front of Store
217606;End-cap;Yes;1671;End-cap
217607;Aisle;No;844;Aisle
217608;Front of Store;Yes;1216;Front of Store
217609;Aisle;No;1002;Aisle
217610;Front of Store;Yes;1331;Front of Store
217611;Aisle;No;843;Aisle
217612;End-cap;No;575;End-cap
217613;Front of Store;No;868;Front of Store
217614;Aisle;No;809;Aisle
217615;End-cap;Yes;1304;End-cap
217616;End-cap;No;856;End-cap
217617;End-cap;No;971;End-cap
217618;End-cap;No;816;End-cap
217619;End-cap;Yes;1528;End-cap
217620;Front of Store;No;851;Front of Store
217621;Front of Store;Yes;1245;Front of Store
217622;End-cap;No;771;End-cap
217623;End-cap;Yes;1596;End-cap
217624;Front of Store;Yes;1564;Front of Store
217625;Front of Store;Yes;1589;Front of Store
217626;Front of Store;Yes;1092;Front of Store
217627;End-cap;Yes;1343;End-cap
217628;End-cap;No;932;End-cap
217629;Aisle;No;859;Aisle
217630;Aisle;No;806;Aisle
217631;End-cap;No;896;End-cap
217632;Aisle;No;995;Aisle
217633;Aisle;No;868;Aisle
217634;Front of Store;Yes;1434;Front of Store
217635;End-cap;Yes;1384;End-cap
217636;Front of Store;Yes;1747;Front of Store
217637;Aisle;No;888;Aisle
217638;End-cap;No;867;End-cap
217639;End-cap;No;971;End-cap
217640;Aisle;No;1014;Aisle
217641;Front of Store;No;793;Front of Store
217642;Aisle;No;951;Aisle
217643;End-cap;No;725;End-cap
217644;Aisle;Yes;1179;Aisle
217645;End-cap;No;862;End-cap
217646;Front of Store;No;813;Front of Store
217647;Aisle;No;580;Aisle
217648;End-cap;No;812;End-cap
217649;End-cap;Yes;1251;End-cap
217650;End-cap;No;995;End-cap
217651;Front of Store;No;804;Front of Store
217652;End-cap;No;850;End-cap
217653;Aisle;Yes;1114;Aisle
217654;End-cap;No;1023;End-cap
217655;Aisle;No;728;Aisle
217656;Front of Store;No;1070;Front of Store
217657;End-cap;Yes;1541;End-cap
217658;End-cap;Yes;1214;End-cap
217659;Aisle;Yes;1363;Aisle
217660;Aisle;No;921;Aisle
217661;Aisle;Yes;1231;Aisle
217662;End-cap;No;703;End-cap
217663;Front of Store;No;892;Front of Store
217664;Front of Store;No;614;Front of Store
217665;End-cap;No;695;End-cap
217666;Front of Store;Yes;1535;Front of Store
217667;Aisle;No;672;Aisle
217668;Front of Store;Yes;1741;Front of Store
217669;Aisle;Yes;1532;Aisle
217670;Aisle;Yes;1129;Aisle
217671;End-cap;No;979;End-cap
217672;End-cap;No;821;End-cap
217673;End-cap;No;779;End-cap
217674;Aisle;Yes;1580;Aisle
217675;End-cap;Yes;1497;End-cap
217676;Aisle;No;771;Aisle
217677;Aisle;Yes;1489;Aisle
217678;Front of Store;No;775;Front of Store
217679;Front of Store;No;979;Front of Store
217680;End-cap;Yes;1300;End-cap
217681;End-cap;Yes;1242;End-cap
217682;Front of Store;No;925;Front of Store
217683;End-cap;No;987;End-cap
217684;Aisle;Yes;1541;Aisle
217685;End-cap;Yes;1450;End-cap
217686;Front of Store;Yes;1604;Front of Store
217687;Aisle;No;829;Aisle
217688;Front of Store;Yes;1664;Front of Store
217689;End-cap;No;989;End-cap
217690;End-cap;No;672;End-cap
217691;End-cap;Yes;1496;End-cap
217692;End-cap;No;953;End-cap
217693;Aisle;No;876;Aisle
217694;Front of Store;Yes;1440;Front of Store
217695;End-cap;No;757;End-cap
217696;Aisle;Yes;1191;Aisle
217697;Aisle;No;742;Aisle
217698;End-cap;Yes;1429;End-cap
217699;Aisle;No;982;Aisle
217700;End-cap;No;891;End-cap
217701;Aisle;No;1118;Aisle
217702;Aisle;Yes;1250;Aisle
217703;Aisle;No;997;Aisle
217704;Aisle;Yes;1161;Aisle
217705;Aisle;No;749;Aisle
217706;Aisle;No;811;Aisle
217707;Aisle;No;854;Aisle
217708;End-cap;No;1116;End-cap
217709;Front of Store;No;909;Front of Store
217710;Aisle;No;780;Aisle
217711;Front of Store;No;936;Front of Store
217712;Front of Store;Yes;1558;Front of Store
217713;End-cap;No;905;End-cap
217714;Front of Store;No;1057;Front of Store
217715;Front of Store;No;1077;Front of Store
217716;End-cap;No;841;End-cap
217717;End-cap;No;920;End-cap
217718;Aisle;Yes;1102;Aisle
217719;End-cap;Yes;1500;End-cap
217720;End-cap;Yes;1465;End-cap
217721;End-cap;No;943;End-cap
217722;End-cap;No;820;End-cap
217723;Aisle;No;803;Aisle
217724;End-cap;No;869;End-cap
217725;Front of Store;Yes;1463;Front of Store
217726;Aisle;No;827;Aisle
217727;Aisle;No;867;Aisle
217728;Front of Store;Yes;1294;Front of Store
217729;Front of Store;Yes;1332;Front of Store
217730;Aisle;No;680;Aisle
217731;Front of Store;No;841;Front of Store
217732;End-cap;No;1005;End-cap
217733;End-cap;Yes;1564;End-cap
217734;Aisle;No;956;Aisle
217735;Aisle;No;866;Aisle
217736;Aisle;No;733;Aisle
217737;Front of Store;No;899;Front of Store
217738;Front of Store;Yes;1152;Front of Store
217739;Aisle;Yes;1303;Aisle
217740;Front of Store;Yes;1221;Front of Store
217741;Front of Store;No;806;Front of Store
217742;Aisle;No;878;Aisle
217743;End-cap;No;905;End-cap
217744;Aisle;Yes;1575;Aisle
217745;Aisle;No;841;Aisle
217746;Front of Store;Yes;1563;Front of Store
217747;Aisle;No;770;Aisle
217748;Front of Store;Yes;1531;Front of Store
217749;Aisle;Yes;1353;Aisle
217750;Aisle;No;791;Aisle
217751;Aisle;Yes;1707;Aisle
217752;Aisle;Yes;1778;Aisle
217753;Aisle;Yes;1368;Aisle
217754;Aisle;No;966;Aisle
217755;End-cap;No;894;End-cap
217756;End-cap;No;872;End-cap
217757;Aisle;No;894;Aisle
217758;End-cap;Yes;1394;End-cap
217759;Aisle;Yes;1199;Aisle
217760;Aisle;Yes;1543;Aisle
217761;Front of Store;No;1033;Front of Store
217762;End-cap;No;852;End-cap
217763;Front of Store;Yes;1354;Front of Store
217764;Front of Store;No;718;Front of Store
217765;Front of Store;No;788;Front of Store
217766;Aisle;No;685;Aisle
217767;Front of Store;Yes;1328;Front of Store
217768;Front of Store;Yes;1303;Front of Store
217769;End-cap;Yes;1230;End-cap
217770;End-cap;No;919;End-cap
217771;End-cap;No;692;End-cap
217772;End-cap;No;993;End-cap
217773;Aisle;No;953;Aisle
217774;Aisle;Yes;1030;Aisle
217775;Aisle;Yes;1284;Aisle
217776;Front of Store;No;732;Front of Store
217777;Aisle;No;794;Aisle
217778;End-cap;No;964;End-cap
217779;Front of Store;Yes;1660;Front of Store
217780;End-cap;Yes;1371;End-cap
217781;Aisle;No;793;Aisle
217782;Aisle;Yes;1127;Aisle
217783;Aisle;Yes;1208;Aisle
217784;Aisle;No;849;Aisle
217785;End-cap;No;756;End-cap
217786;Front of Store;Yes;1355;Front of Store
217787;Aisle;No;1093;Aisle
217788;Front of Store;No;883;Front of Store
217789;Aisle;Yes;1467;Aisle
217790;Aisle;No;930;Aisle
217791;Aisle;Yes;1411;Aisle
217792;Front of Store;No;858;Front of Store
217793;Front of Store;No;1035;Front of Store
217794;Aisle;No;845;Aisle
217795;End-cap;Yes;1289;End-cap
217796;End-cap;No;893;End-cap
217797;Front of Store;No;942;Front of Store
217798;Aisle;Yes;1381;Aisle
217799;Aisle;Yes;1273;Aisle
217800;Aisle;Yes;1469;Aisle
217801;Front of Store;Yes;1753;Front of Store
217802;End-cap;No;889;End-cap
217803;End-cap;No;939;End-cap
217804;Front of Store;No;965;Front of Store
217805;End-cap;No;734;End-cap
217806;Front of Store;No;879;Front of Store
217807;Aisle;Yes;1364;Aisle
217808;End-cap;No;968;End-cap
217809;Aisle;No;951;Aisle
217810;Aisle;Yes;1513;Aisle
217811;End-cap;No;873;End-cap
217812;End-cap;No;951;End-cap
217813;End-cap;No;678;End-cap
217814;Aisle;No;770;Aisle
217815;Aisle;No;796;Aisle
217816;Front of Store;Yes;1432;Front of Store
217817;End-cap;No;901;End-cap
217818;Front of Store;No;629;Front of Store
217819;End-cap;Yes;1261;End-cap
217820;End-cap;No;909;End-cap
217821;Aisle;Yes;1357;Aisle
217822;End-cap;Yes;1226;End-cap
217823;Aisle;Yes;1235;Aisle
217824;End-cap;No;890;End-cap
217825;End-cap;Yes;1285;End-cap
217826;Aisle;No;960;Aisle
217827;Front of Store;Yes;1564;Front of Store
217828;Aisle;No;900;Aisle
217829;Aisle;No;1012;Aisle
217830;Front of Store;Yes;1682;Front of Store
217831;Aisle;No;949;Aisle
217832;Aisle;Yes;1162;Aisle
217833;Aisle;No;893;Aisle
217834;Aisle;No;881;Aisle
217835;Front of Store;No;869;Front of Store
217836;End-cap;No;856;End-cap
217837;Front of Store;Yes;1429;Front of Store
217838;Aisle;Yes;1192;Aisle
217839;Front of Store;No;899;Front of Store
217840;Aisle;Yes;1387;Aisle
217841;End-cap;No;777;End-cap
217842;Front of Store;No;880;Front of Store
217843;Front of Store;No;854;Front of Store
217844;Aisle;No;955;Aisle
217845;End-cap;No;914;End-cap
217846;Aisle;Yes;1540;Aisle
217847;Front of Store;No;913;Front of Store
217848;Aisle;No;1024;Aisle
217849;End-cap;Yes;1477;End-cap
217850;Aisle;No;923;Aisle
217851;Aisle;No;1017;Aisle
217852;Aisle;No;726;Aisle
217853;Aisle;No;852;Aisle
217854;Front of Store;No;845;Front of Store
217855;End-cap;Yes;1262;End-cap
217856;End-cap;Yes;1129;End-cap
217857;Aisle;Yes;1440;Aisle
217858;Aisle;No;905;Aisle
217859;Front of Store;No;610;Front of Store
217860;Aisle;Yes;1312;Aisle
217861;Front of Store;Yes;1302;Front of Store
217862;Front of Store;Yes;1445;Front of Store
217863;Front of Store;Yes;1349;Front of Store
217864;Front of Store;Yes;1321;Front of Store
217865;Aisle;No;900;Aisle
217866;Aisle;No;791;Aisle
217867;Front of Store;No;1011;Front of Store
217868;End-cap;No;928;End-cap
217869;Aisle;Yes;1351;Aisle
217870;End-cap;No;805;End-cap
217871;Aisle;Yes;1631;Aisle
217872;Front of Store;Yes;1673;Front of Store
217873;Front of Store;No;776;Front of Store
217874;Aisle;Yes;1343;Aisle
217875;Front of Store;No;810;Front of Store
217876;End-cap;Yes;1364;End-cap
217877;Aisle;Yes;1217;Aisle
217878;End-cap;Yes;1247;End-cap
217879;Aisle;Yes;1353;Aisle
217880;Aisle;No;682;Aisle
217881;Aisle;Yes;894;Aisle
217882;Aisle;No;685;Aisle
217883;End-cap;Yes;1452;End-cap
217884;Aisle;No;814;Aisle
217885;Aisle;Yes;1468;Aisle
217886;Aisle;Yes;1266;Aisle
217887;End-cap;Yes;1223;End-cap
217888;End-cap;No;913;End-cap
217889;Front of Store;Yes;1348;Front of Store
217890;End-cap;No;853;End-cap
217891;Aisle;No;759;Aisle
217892;End-cap;Yes;1463;End-cap
217893;End-cap;No;955;End-cap
217894;Aisle;No;894;Aisle
217895;End-cap;Yes;1258;End-cap
217896;Aisle;No;842;Aisle
217897;Front of Store;Yes;1340;Front of Store
217898;End-cap;Yes;1629;End-cap
217899;End-cap;No;960;End-cap
217900;End-cap;No;971;End-cap
217901;End-cap;No;794;End-cap
217902;Aisle;No;889;Aisle
217903;End-cap;No;1034;End-cap
217904;End-cap;No;897;End-cap
217905;Front of Store;Yes;1276;Front of Store
217906;Aisle;No;942;Aisle
217907;Front of Store;No;733;Front of Store
217908;Aisle;No;1107;Aisle
217909;Front of Store;No;937;Front of Store
217910;End-cap;No;963;End-cap
217911;Front of Store;Yes;1614;Front of Store
217912;End-cap;No;1020;End-cap
217913;Front of Store;No;994;Front of Store
217914;Aisle;Yes;1521;Aisle
217915;Aisle;Yes;1431;Aisle
217916;Front of Store;No;956;Front of Store
217917;Aisle;No;909;Aisle
217918;Front of Store;Yes;1520;Front of Store
217919;Front of Store;No;745;Front of Store
217920;End-cap;Yes;1336;End-cap
217921;Aisle;No;1000;Aisle
217922;Front of Store;Yes;1479;Front of Store
217923;Aisle;No;770;Aisle
217924;Aisle;Yes;1596;Aisle
217925;Aisle;Yes;1170;Aisle
217926;End-cap;No;716;End-cap
217927;Front of Store;No;802;Front of Store
217928;Aisle;No;981;Aisle
217929;End-cap;Yes;1637;End-cap
217930;End-cap;No;920;End-cap
217931;Front of Store;No;871;Front of Store
217932;Front of Store;No;770;Front of Store
217933;Aisle;No;820;Aisle
217934;Aisle;No;919;Aisle
217935;End-cap;Yes;1245;End-cap
217936;End-cap;No;725;End-cap
217937;Front of Store;Yes;1433;Front of Store
217938;Front of Store;Yes;1376;Front of Store
217939;End-cap;No;1109;End-cap
217940;End-cap;No;1018;End-cap
217941;End-cap;No;1108;End-cap
217942;Aisle;Yes;1098;Aisle
217943;End-cap;Yes;1550;End-cap
217944;End-cap;No;806;End-cap
217945;Front of Store;No;707;Front of Store
217946;Front of Store;Yes;1362;Front of Store
217947;Aisle;Yes;1264;Aisle
217948;End-cap;No;819;End-cap
217949;Aisle;Yes;1332;Aisle
217950;End-cap;No;992;End-cap
217951;Front of Store;Yes;1245;Front of Store
217952;Aisle;Yes;1572;Aisle
217953;Front of Store;No;740;Front of Store
217954;Aisle;No;699;Aisle
217955;Front of Store;No;841;Front of Store
217956;Aisle;No;1097;Aisle
217957;Aisle;Yes;1338;Aisle
217958;Front of Store;No;934;Front of Store
217959;Front of Store;No;938;Front of Store
217960;Aisle;Yes;1204;Aisle
217961;Aisle;No;1093;Aisle
217962;End-cap;No;1119;End-cap
217963;Front of Store;No;942;Front of Store
217964;Aisle;No;851;Aisle
217965;Front of Store;No;889;Front of Store
217966;Aisle;No;686;Aisle
217967;Aisle;No;760;Aisle
217968;End-cap;Yes;1340;End-cap
217969;End-cap;No;882;End-cap
217970;End-cap;No;902;End-cap
217971;Aisle;No;806;Aisle
217972;Aisle;No;807;Aisle
217973;Front of Store;No;812;Front of Store
217974;Front of Store;No;781;Front of Store
217975;Aisle;No;815;Aisle
217976;End-cap;No;560;End-cap
217977;Aisle;Yes;1467;Aisle
217978;Aisle;No;926;Aisle
217979;Aisle;No;986;Aisle
217980;Aisle;No;928;Aisle
217981;End-cap;No;966;End-cap
217982;Aisle;Yes;1370;Aisle
217983;Aisle;No;816;Aisle
217984;Aisle;Yes;1285;Aisle
217985;Front of Store;Yes;1273;Front of Store
217986;Front of Store;No;896;Front of Store
217987;Aisle;Yes;1465;Aisle
217988;Front of Store;Yes;1198;Front of Store
217989;Front of Store;Yes;1583;Front of Store
217990;Aisle;No;1014;Aisle
217991;Aisle;Yes;1713;Aisle
217992;End-cap;Yes;1351;End-cap
217993;Aisle;Yes;1367;Aisle
217994;Front of Store;Yes;1446;Front of Store
217995;Aisle;Yes;1532;Aisle
217996;Front of Store;No;823;Front of Store
217997;End-cap;No;844;End-cap
217998;Aisle;No;811;Aisle
217999;End-cap;No;917;End-cap
218000;End-cap;Yes;1488;End-cap
218001;Aisle;No;994;Aisle
218002;Aisle;No;924;Aisle
218003;Aisle;Yes;1101;Aisle
218004;Aisle;Yes;1370;Aisle
218005;Aisle;Yes;1350;Aisle
218006;Aisle;Yes;1437;Aisle
218007;Aisle;No;851;Aisle
218008;End-cap;No;749;End-cap
218009;End-cap;Yes;1296;End-cap
218010;Aisle;No;1003;Aisle
218011;Aisle;No;884;Aisle
218012;End-cap;Yes;1772;End-cap
218013;Aisle;No;953;Aisle
218014;Front of Store;No;627;Front of Store
218015;Front of Store;No;872;Front of Store
218016;Front of Store;Yes;1350;Front of Store
218017;Front of Store;Yes;1606;Front of Store
218018;End-cap;No;697;End-cap
218019;End-cap;No;1126;End-cap
218020;Front of Store;Yes;1477;Front of Store
218021;Aisle;No;862;Aisle
218022;End-cap;No;869;End-cap
218023;End-cap;No;818;End-cap
218024;Front of Store;Yes;1332;Front of Store
218025;Aisle;Yes;1225;Aisle
218026;End-cap;Yes;1372;End-cap
218027;End-cap;No;795;End-cap
218028;End-cap;Yes;1451;End-cap
218029;End-cap;No;886;End-cap
218030;End-cap;No;700;End-cap
218031;End-cap;No;680;End-cap
218032;End-cap;No;885;End-cap
218033;Aisle;Yes;1304;Aisle
218034;End-cap;Yes;1606;End-cap
218035;Aisle;Yes;1623;Aisle
218036;End-cap;Yes;1503;End-cap
218037;Front of Store;Yes;1197;Front of Store
218038;Aisle;No;881;Aisle
218039;End-cap;No;797;End-cap
218040;End-cap;No;911;End-cap
218041;Front of Store;No;860;Front of Store
218042;Aisle;Yes;1277;Aisle
218043;End-cap;Yes;1373;End-cap
218044;Aisle;Yes;1337;Aisle
218045;End-cap;No;819;End-cap
218046;Aisle;Yes;1504;Aisle
218047;End-cap;Yes;1361;End-cap
218048;End-cap;No;949;End-cap
218049;Front of Store;No;1017;Front of Store
218050;Aisle;Yes;1382;Aisle
218051;Aisle;Yes;1447;Aisle
218052;Front of Store;Yes;1680;Front of Store
218053;End-cap;No;886;End-cap
218054;Front of Store;Yes;1392;Front of Store
218055;End-cap;No;774;End-cap
218056;End-cap;No;806;End-cap
218057;Aisle;No;821;Aisle
218058;Aisle;Yes;1171;Aisle
218059;Front of Store;No;805;Front of Store
218060;Aisle;No;819;Aisle
218061;Aisle;No;757;Aisle
218062;Front of Store;No;852;Front of Store
218063;Aisle;Yes;1547;Aisle
218064;Front of Store;Yes;1578;Front of Store
218065;Aisle;Yes;1455;Aisle
218066;Aisle;No;636;Aisle
218067;End-cap;Yes;1323;End-cap
218068;Aisle;Yes;1818;Aisle
218069;Aisle;No;704;Aisle
218070;Front of Store;Yes;1597;Front of Store
218071;End-cap;Yes;1366;End-cap
218072;Aisle;Yes;1634;Aisle
218073;Aisle;Yes;1276;Aisle
218074;Aisle;Yes;1458;Aisle
218075;Front of Store;Yes;1225;Front of Store
218076;Front of Store;Yes;1108;Front of Store
218077;Front of Store;No;755;Front of Store
218078;Front of Store;Yes;1609;Front of Store
218079;End-cap;Yes;1846;End-cap
218080;End-cap;No;894;End-cap
218081;Front of Store;Yes;1301;Front of Store
218082;Front of Store;No;771;Front of Store
218083;Aisle;Yes;1510;Aisle
218084;End-cap;No;974;End-cap
218085;End-cap;No;804;End-cap
218086;Front of Store;No;580;Front of Store
218087;Aisle;Yes;965;Aisle
218088;Aisle;Yes;1142;Aisle
218089;End-cap;No;816;End-cap
218090;Aisle;No;866;Aisle
218091;Aisle;Yes;1450;Aisle
218092;Front of Store;No;782;Front of Store
218093;Aisle;Yes;1714;Aisle
218094;Front of Store;No;995;Front of Store
218095;Aisle;No;887;Aisle
218096;Front of Store;Yes;1305;Front of Store
218097;End-cap;Yes;1470;End-cap
218098;Aisle;Yes;1483;Aisle
218099;End-cap;No;777;End-cap
218100;End-cap;No;933;End-cap
218101;Front of Store;Yes;1649;Front of Store
218102;Aisle;No;868;Aisle
218103;End-cap;No;796;End-cap
218104;End-cap;No;1130;End-cap
218105;Front of Store;No;766;Front of Store
218106;End-cap;No;725;End-cap
218107;End-cap;No;676;End-cap
218108;End-cap;Yes;1417;End-cap
218109;End-cap;No;913;End-cap
218110;Aisle;Yes;1341;Aisle
218111;Front of Store;No;837;Front of Store
218112;Aisle;No;998;Aisle
218113;Aisle;Yes;1556;Aisle
218114;Front of Store;No;864;Front of Store
218115;Front of Store;Yes;1485;Front of Store
218116;Aisle;Yes;1514;Aisle
218117;End-cap;No;762;End-cap
218118;End-cap;Yes;1442;End-cap
218119;End-cap;Yes;1404;End-cap
218120;Aisle;No;874;Aisle
218121;End-cap;No;782;End-cap
218122;Aisle;No;656;Aisle
218123;End-cap;Yes;1420;End-cap
218124;Aisle;No;985;Aisle
218125;Front of Store;Yes;1788;Front of Store
218126;End-cap;Yes;1305;End-cap
218127;Aisle;Yes;1348;Aisle
218128;Front of Store;No;841;Front of Store
218129;End-cap;Yes;1229;End-cap
218130;Front of Store;No;862;Front of Store
218131;Aisle;Yes;1345;Aisle
218132;Aisle;No;837;Aisle
218133;Aisle;Yes;1404;Aisle
218134;Aisle;Yes;1197;Aisle
218135;End-cap;Yes;1282;End-cap
218136;End-cap;No;845;End-cap
218137;End-cap;No;732;End-cap
218138;Front of Store;No;1087;Front of Store
218139;End-cap;No;819;End-cap
218140;End-cap;Yes;1239;End-cap
218141;Front of Store;No;902;Front of Store
218142;Front of Store;No;760;Front of Store
218143;End-cap;No;924;End-cap
218144;Front of Store;Yes;1342;Front of Store
218145;End-cap;No;693;End-cap
218146;Aisle;Yes;1296;Aisle
218147;Aisle;No;706;Aisle
218148;End-cap;Yes;1231;End-cap
218149;Front of Store;No;859;Front of Store
218150;Aisle;No;1011;Aisle
218151;Aisle;No;772;Aisle
218152;Aisle;Yes;1446;Aisle
218153;Aisle;No;858;Aisle
218154;Aisle;Yes;1240;Aisle
218155;Front of Store;No;1076;Front of Store
218156;Front of Store;Yes;1314;Front of Store
218157;Front of Store;Yes;1400;Front of Store
218158;End-cap;No;775;End-cap
218159;End-cap;No;769;End-cap
218160;Aisle;No;817;Aisle
218161;End-cap;No;838;End-cap
218162;End-cap;No;1001;End-cap
218163;End-cap;No;823;End-cap
218164;Front of Store;Yes;1378;Front of Store
218165;End-cap;Yes;1726;End-cap
218166;End-cap;No;922;End-cap
218167;Front of Store;Yes;1443;Front of Store
218168;Front of Store;Yes;1874;Front of Store
218169;Aisle;No;786;Aisle
218170;Aisle;Yes;1159;Aisle
218171;End-cap;No;816;End-cap
218172;End-cap;Yes;1596;End-cap
218173;Aisle;Yes;1459;Aisle
218174;Front of Store;No;774;Front of Store
218175;End-cap;Yes;1841;End-cap
218176;End-cap;No;955;End-cap
218177;Front of Store;Yes;1344;Front of Store
218178;Aisle;Yes;1597;Aisle
218179;End-cap;Yes;1452;End-cap
218180;Aisle;No;1025;Aisle
218181;Front of Store;No;924;Front of Store
218182;Front of Store;Yes;1529;Front of Store
218183;Aisle;Yes;1418;Aisle
218184;Front of Store;No;942;Front of Store
218185;Aisle;No;814;Aisle
218186;Aisle;No;825;Aisle
218187;End-cap;Yes;1291;End-cap
218188;Aisle;Yes;1357;Aisle
218189;Aisle;No;789;Aisle
218190;End-cap;No;783;End-cap
218191;End-cap;No;745;End-cap
218192;Front of Store;No;1014;Front of Store
218193;Front of Store;No;794;Front of Store
218194;Front of Store;Yes;1492;Front of Store
218195;End-cap;No;746;End-cap
218196;Front of Store;No;771;Front of Store
218197;Aisle;Yes;1243;Aisle
218198;Aisle;Yes;1550;Aisle
218199;Front of Store;No;886;Front of Store
218200;Front of Store;Yes;1186;Front of Store
218201;Front of Store;Yes;1426;Front of Store
218202;Front of Store;No;859;Front of Store
218203;Front of Store;Yes;1353;Front of Store
218204;Aisle;Yes;1646;Aisle
218205;Aisle;No;1002;Aisle
218206;Front of Store;Yes;1305;Front of Store
218207;Front of Store;Yes;1412;Front of Store
218208;Aisle;Yes;1238;Aisle
218209;Aisle;No;899;Aisle
218210;End-cap;Yes;1478;End-cap
218211;Front of Store;Yes;1537;Front of Store
218212;End-cap;No;969;End-cap
218213;End-cap;Yes;1486;End-cap
218214;Aisle;Yes;1365;Aisle
218215;End-cap;Yes;1354;End-cap
218216;Aisle;Yes;987;Aisle
218217;Front of Store;Yes;1519;Front of Store
218218;Aisle;No;907;Aisle
218219;End-cap;Yes;1558;End-cap
218220;End-cap;Yes;1198;End-cap
218221;Aisle;Yes;1029;Aisle
218222;End-cap;No;941;End-cap
218223;Front of Store;Yes;1373;Front of Store
218224;Aisle;No;800;Aisle
218225;Front of Store;No;935;Front of Store
218226;Aisle;Yes;1654;Aisle
218227;Aisle;No;914;Aisle
218228;Front of Store;No;936;Front of Store
218229;End-cap;Yes;1219;End-cap
218230;Front of Store;No;1095;Front of Store
218231;Aisle;No;792;Aisle
218232;Front of Store;No;911;Front of Store
218233;End-cap;No;803;End-cap
218234;Front of Store;Yes;1433;Front of Store
218235;Front of Store;No;1159;Front of Store
218236;Aisle;No;847;Aisle
218237;Aisle;No;1095;Aisle
218238;End-cap;Yes;1370;End-cap
218239;End-cap;No;980;End-cap
218240;Aisle;No;753;Aisle
218241;Front of Store;No;982;Front of Store
218242;Front of Store;No;987;Front of Store
218243;Front of Store;No;788;Front of Store
218244;Aisle;Yes;1646;Aisle
218245;End-cap;Yes;1149;End-cap
218246;End-cap;Yes;1247;End-cap
218247;Front of Store;Yes;1424;Front of Store
218248;End-cap;No;840;End-cap
218249;End-cap;No;751;End-cap
218250;End-cap;Yes;1583;End-cap
218251;Aisle;Yes;1331;Aisle
218252;Front of Store;Yes;1549;Front of Store
218253;End-cap;Yes;1117;End-cap
218254;Front of Store;Yes;1143;Front of Store
218255;Aisle;Yes;1599;Aisle
218256;Front of Store;No;907;Front of Store
218257;Aisle;No;946;Aisle
218258;Front of Store;Yes;1430;Front of Store
218259;Front of Store;No;793;Front of Store
218260;Aisle;Yes;1754;Aisle
218261;Aisle;Yes;1349;Aisle
218262;End-cap;Yes;1075;End-cap
218263;Aisle;No;817;Aisle
218264;Aisle;No;960;Aisle
218265;Front of Store;No;814;Front of Store
218266;End-cap;No;679;End-cap
218267;Aisle;No;925;Aisle
218268;Aisle;No;949;Aisle
218269;Aisle;No;1092;Aisle
218270;Front of Store;Yes;1323;Front of Store
218271;Aisle;No;1007;Aisle
218272;Aisle;No;772;Aisle
218273;Aisle;No;995;Aisle
218274;End-cap;Yes;1444;End-cap
218275;Aisle;No;888;Aisle
218276;Front of Store;Yes;1588;Front of Store
218277;Aisle;No;912;Aisle
218278;Aisle;No;834;Aisle
218279;End-cap;No;784;End-cap
218280;Front of Store;Yes;1208;Front of Store
218281;End-cap;No;786;End-cap
218282;Aisle;No;774;Aisle
218283;End-cap;No;753;End-cap
218284;Front of Store;Yes;1269;Front of Store
218285;Aisle;Yes;1352;Aisle
218286;End-cap;Yes;1387;End-cap
218287;Front of Store;No;774;Front of Store
218288;Aisle;No;835;Aisle
218289;End-cap;Yes;1148;End-cap
218290;Aisle;Yes;1359;Aisle
218291;Aisle;Yes;1402;Aisle
218292;Aisle;No;956;Aisle
218293;Aisle;No;905;Aisle
218294;Front of Store;No;738;Front of Store
218295;Aisle;No;879;Aisle
218296;End-cap;No;823;End-cap
218297;Aisle;Yes;1255;Aisle
218298;Aisle;No;952;Aisle
218299;Aisle;No;753;Aisle
218300;Aisle;No;855;Aisle
218301;Aisle;Yes;1562;Aisle
218302;End-cap;Yes;1479;End-cap
218303;Aisle;No;1046;Aisle
218304;Front of Store;No;692;Front of Store
218305;End-cap;Yes;1418;End-cap
218306;Front of Store;No;732;Front of Store
218307;End-cap;No;947;End-cap
218308;Aisle;Yes;1377;Aisle
218309;End-cap;Yes;1466;End-cap
218310;End-cap;Yes;1374;End-cap
218311;End-cap;No;858;End-cap
218312;End-cap;Yes;1466;End-cap
218313;Front of Store;Yes;1589;Front of Store
218314;Aisle;No;800;Aisle
218315;Front of Store;No;732;Front of Store
218316;Aisle;No;895;Aisle
218317;Front of Store;No;829;Front of Store
218318;Front of Store;Yes;1322;Front of Store
218319;End-cap;No;814;End-cap
218320;Front of Store;Yes;1331;Front of Store
218321;End-cap;Yes;1480;End-cap
218322;End-cap;No;819;End-cap
218323;Aisle;Yes;1491;Aisle
218324;End-cap;No;739;End-cap
218325;Aisle;Yes;1333;Aisle
218326;Front of Store;Yes;1604;Front of Store
218327;End-cap;Yes;1214;End-cap
218328;End-cap;Yes;1466;End-cap
218329;End-cap;Yes;1607;End-cap
218330;Aisle;Yes;1470;Aisle
218331;End-cap;No;829;End-cap
218332;Front of Store;Yes;1446;Front of Store
218333;End-cap;No;574;End-cap
218334;End-cap;No;1073;End-cap
218335;Front of Store;No;897;Front of Store
218336;End-cap;Yes;1462;End-cap
218337;Aisle;No;910;Aisle
218338;Aisle;No;759;Aisle
218339;Front of Store;Yes;1472;Front of Store
218340;Aisle;Yes;1622;Aisle
218341;End-cap;No;916;End-cap
218342;Front of Store;Yes;1295;Front of Store
218343;Front of Store;No;886;Front of Store
218344;End-cap;No;1010;End-cap
218345;Front of Store;Yes;1382;Front of Store
218346;Aisle;Yes;1344;Aisle
218347;End-cap;Yes;1400;End-cap
218348;End-cap;No;906;End-cap
218349;Aisle;No;783;Aisle
218350;Aisle;No;804;Aisle
218351;End-cap;No;857;End-cap
218352;Aisle;No;898;Aisle
218353;End-cap;No;993;End-cap
218354;End-cap;No;874;End-cap
218355;Aisle;No;779;Aisle
218356;Aisle;Yes;1330;Aisle
218357;End-cap;No;845;End-cap
218358;Aisle;No;687;Aisle
218359;End-cap;Yes;1233;End-cap
218360;Aisle;No;864;Aisle
218361;Aisle;Yes;1392;Aisle
218362;Aisle;No;904;Aisle
218363;Aisle;Yes;1553;Aisle
218364;End-cap;No;854;End-cap
218365;Front of Store;No;993;Front of Store
218366;Aisle;Yes;1283;Aisle
218367;Front of Store;No;926;Front of Store
218368;End-cap;No;774;End-cap
218369;End-cap;Yes;1513;End-cap
218370;Front of Store;No;951;Front of Store
218371;End-cap;No;829;End-cap
218372;Front of Store;Yes;1640;Front of Store
218373;Front of Store;No;1152;Front of Store
218374;Front of Store;No;997;Front of Store
218375;Front of Store;No;825;Front of Store
218376;Front of Store;No;794;Front of Store
218377;End-cap;No;927;End-cap
218378;End-cap;No;783;End-cap
218379;End-cap;No;777;End-cap
218380;End-cap;No;898;End-cap
218381;Front of Store;No;937;Front of Store
218382;End-cap;No;907;End-cap
218383;Front of Store;Yes;1297;Front of Store
218384;Aisle;Yes;1128;Aisle
218385;End-cap;Yes;1631;End-cap
218386;Front of Store;No;891;Front of Store
218387;Aisle;No;754;Aisle
218388;Front of Store;No;900;Front of Store
218389;End-cap;Yes;1424;End-cap
218390;End-cap;Yes;1656;End-cap
218391;Front of Store;No;806;Front of Store
218392;Front of Store;Yes;1583;Front of Store
218393;Aisle;No;921;Aisle
218394;Aisle;No;872;Aisle
218395;Front of Store;No;970;Front of Store
218396;End-cap;No;963;End-cap
218397;Aisle;No;1061;Aisle
218398;End-cap;Yes;1415;End-cap
218399;End-cap;No;879;End-cap
218400;Aisle;Yes;1407;Aisle
218401;End-cap;Yes;1218;End-cap
218402;Aisle;No;829;Aisle
218403;Aisle;No;886;Aisle
218404;Aisle;Yes;1406;Aisle
218405;End-cap;Yes;1593;End-cap
218406;Front of Store;No;1004;Front of Store
218407;Front of Store;Yes;1262;Front of Store
218408;Aisle;No;979;Aisle
218409;Aisle;Yes;1421;Aisle
218410;Front of Store;Yes;1373;Front of Store
218411;End-cap;No;900;End-cap
218412;End-cap;No;910;End-cap
218413;End-cap;Yes;1456;End-cap
218414;Front of Store;No;869;Front of Store
218415;Aisle;No;922;Aisle
218416;End-cap;Yes;1375;End-cap
218417;Aisle;Yes;1331;Aisle
218418;End-cap;No;1015;End-cap
218419;Aisle;No;995;Aisle
218420;Aisle;No;871;Aisle
218421;Aisle;Yes;1209;Aisle
218422;Aisle;Yes;1396;Aisle
218423;Aisle;Yes;1480;Aisle
218424;Aisle;No;802;Aisle
218425;Aisle;No;804;Aisle
218426;End-cap;No;925;End-cap
218427;End-cap;Yes;1384;End-cap
218428;End-cap;No;1056;End-cap
218429;Front of Store;No;862;Front of Store
218430;Aisle;Yes;1466;Aisle
218431;Front of Store;Yes;1435;Front of Store
218432;Front of Store;Yes;1561;Front of Store
218433;Front of Store;No;812;Front of Store
218434;Aisle;No;933;Aisle
218435;End-cap;Yes;1398;End-cap
218436;Front of Store;No;949;Front of Store
218437;Front of Store;No;893;Front of Store
218438;End-cap;No;785;End-cap
218439;Front of Store;Yes;1391;Front of Store
218440;Front of Store;No;771;Front of Store
218441;End-cap;Yes;1469;End-cap
218442;Aisle;No;890;Aisle
218443;End-cap;No;906;End-cap
218444;Aisle;No;947;Aisle
218445;End-cap;No;912;End-cap
218446;Front of Store;No;1058;Front of Store
218447;End-cap;Yes;1409;End-cap
218448;Aisle;No;1103;Aisle
218449;Aisle;No;1005;Aisle
218450;Front of Store;Yes;1224;Front of Store
218451;Front of Store;Yes;1703;Front of Store
218452;Aisle;No;862;Aisle
218453;Front of Store;Yes;1651;Front of Store
218454;Aisle;No;866;Aisle
218455;Aisle;No;755;Aisle
218456;End-cap;Yes;1405;End-cap
218457;Front of Store;No;960;Front of Store
218458;Aisle;No;992;Aisle
218459;Aisle;No;861;Aisle
218460;Aisle;No;835;Aisle
218461;End-cap;No;1034;End-cap
218462;Front of Store;No;821;Front of Store
218463;Front of Store;Yes;1352;Front of Store
218464;End-cap;Yes;1683;End-cap
218465;Front of Store;Yes;1395;Front of Store
218466;Front of Store;No;961;Front of Store
218467;Front of Store;Yes;1591;Front of Store
218468;End-cap;No;744;End-cap
218469;End-cap;Yes;1701;End-cap
218470;End-cap;Yes;1293;End-cap
218471;End-cap;No;934;End-cap
218472;End-cap;Yes;1543;End-cap
218473;Aisle;No;944;Aisle
218474;Front of Store;No;802;Front of Store
218475;Aisle;No;813;Aisle
218476;Front of Store;No;955;Front of Store
218477;Front of Store;Yes;1100;Front of Store
218478;End-cap;Yes;1657;End-cap
218479;Front of Store;Yes;1358;Front of Store
218480;Aisle;Yes;1425;Aisle
218481;End-cap;No;862;End-cap
218482;Aisle;No;811;Aisle
218483;End-cap;Yes;1335;End-cap
218484;End-cap;No;695;End-cap
218485;Front of Store;No;935;Front of Store
218486;End-cap;Yes;1414;End-cap
218487;End-cap;Yes;1460;End-cap
218488;End-cap;Yes;1153;End-cap
218489;Aisle;Yes;1276;Aisle
218490;End-cap;No;907;End-cap
218491;End-cap;Yes;1375;End-cap
218492;Front of Store;Yes;1402;Front of Store
218493;Aisle;No;806;Aisle
218494;End-cap;No;763;End-cap
218495;Aisle;No;904;Aisle
218496;Front of Store;No;886;Front of Store
218497;Aisle;No;762;Aisle
218498;Front of Store;No;876;Front of Store
218499;Aisle;No;930;Aisle
218500;End-cap;Yes;1171;End-cap
218501;Aisle;Yes;1335;Aisle
218502;End-cap;No;828;End-cap
218503;Aisle;No;898;Aisle
218504;End-cap;No;945;End-cap
218505;Aisle;No;842;Aisle
218506;Aisle;Yes;1260;Aisle
218507;Aisle;Yes;1217;Aisle
218508;End-cap;Yes;1381;End-cap
218509;Aisle;No;1011;Aisle
218510;Aisle;No;936;Aisle
218511;End-cap;No;777;End-cap
218512;End-cap;No;585;End-cap
218513;Front of Store;No;695;Front of Store
218514;End-cap;Yes;1383;End-cap
218515;Aisle;No;1125;Aisle
218516;Front of Store;No;993;Front of Store
218517;Front of Store;No;826;Front of Store
218518;Aisle;No;954;Aisle
218519;Aisle;Yes;1528;Aisle
218520;Front of Store;Yes;1481;Front of Store
218521;End-cap;No;1067;End-cap
218522;Aisle;No;780;Aisle
218523;Aisle;Yes;1348;Aisle
218524;Aisle;Yes;1446;Aisle
218525;Aisle;No;871;Aisle
218526;End-cap;No;919;End-cap
218527;Aisle;No;759;Aisle
218528;Aisle;No;692;Aisle
218529;End-cap;No;713;End-cap
218530;Aisle;No;774;Aisle
218531;Front of Store;Yes;1144;Front of Store
218532;Front of Store;No;774;Front of Store
218533;Aisle;No;960;Aisle
218534;End-cap;Yes;1286;End-cap
218535;End-cap;No;797;End-cap
218536;Front of Store;Yes;1541;Front of Store
218537;End-cap;Yes;1170;End-cap
218538;Aisle;No;988;Aisle
218539;Aisle;Yes;1361;Aisle
218540;Aisle;Yes;1491;Aisle
218541;End-cap;Yes;1352;End-cap
218542;Aisle;No;821;Aisle
218543;End-cap;Yes;1550;End-cap
218544;End-cap;No;741;End-cap
218545;Aisle;No;1018;Aisle
218546;Aisle;No;1017;Aisle
218547;End-cap;No;716;End-cap
218548;Aisle;No;790;Aisle
218549;End-cap;Yes;1291;End-cap
218550;Front of Store;Yes;1314;Front of Store
218551;Aisle;Yes;1167;Aisle
218552;End-cap;No;707;End-cap
218553;Front of Store;No;1031;Front of Store
218554;End-cap;Yes;1331;End-cap
218555;Aisle;Yes;1239;Aisle
218556;End-cap;No;904;End-cap
218557;Front of Store;Yes;1250;Front of Store
218558;End-cap;Yes;1448;End-cap
218559;Aisle;Yes;1372;Aisle
218560;Front of Store;Yes;1476;Front of Store
218561;Aisle;No;897;Aisle
218562;Front of Store;Yes;1426;Front of Store
218563;End-cap;Yes;1339;End-cap
218564;Front of Store;Yes;1449;Front of Store
218565;Aisle;No;901;Aisle
218566;Front of Store;No;936;Front of Store
218567;Front of Store;No;573;Front of Store
218568;Front of Store;Yes;1399;Front of Store
218569;Front of Store;Yes;1273;Front of Store
218570;Front of Store;No;743;Front of Store
218571;End-cap;Yes;1397;End-cap
218572;Aisle;Yes;1424;Aisle
218573;End-cap;No;815;End-cap
218574;Front of Store;No;902;Front of Store
218575;Aisle;Yes;1464;Aisle
218576;Front of Store;Yes;1686;Front of Store
218577;End-cap;Yes;1634;End-cap
218578;Aisle;Yes;1313;Aisle
218579;Front of Store;No;958;Front of Store
218580;Aisle;No;965;Aisle
218581;End-cap;Yes;1341;End-cap
218582;End-cap;No;887;End-cap
218583;Aisle;No;913;Aisle
218584;End-cap;No;841;End-cap
218585;End-cap;No;793;End-cap
218586;Front of Store;No;1021;Front of Store
218587;End-cap;No;963;End-cap
218588;End-cap;Yes;1362;End-cap
218589;Aisle;Yes;1599;Aisle
218590;Aisle;No;823;Aisle
218591;Aisle;No;780;Aisle
218592;End-cap;No;798;End-cap
218593;Front of Store;No;996;Front of Store
218594;Aisle;Yes;1171;Aisle
218595;Aisle;No;921;Aisle
218596;End-cap;Yes;1270;End-cap
218597;End-cap;Yes;1640;End-cap
218598;End-cap;Yes;1672;End-cap
218599;Aisle;Yes;1500;Aisle
218600;Aisle;No;763;Aisle
218601;End-cap;No;666;End-cap
218602;Front of Store;Yes;1635;Front of Store
218603;Front of Store;Yes;1377;Front of Store
218604;Aisle;No;823;Aisle
218605;Front of Store;Yes;1492;Front of Store
218606;Aisle;No;925;Aisle
218607;End-cap;No;978;End-cap
218608;Aisle;No;723;Aisle
218609;Front of Store;Yes;1607;Front of Store
218610;End-cap;Yes;1274;End-cap
218611;End-cap;No;647;End-cap
218612;Aisle;Yes;1258;Aisle
218613;Aisle;No;924;Aisle
218614;Aisle;No;1056;Aisle
218615;Aisle;No;967;Aisle
218616;Aisle;Yes;1706;Aisle
218617;Front of Store;No;717;Front of Store
218618;Aisle;No;713;Aisle
218619;Aisle;No;1060;Aisle
218620;End-cap;No;704;End-cap
218621;Aisle;No;1129;Aisle
218622;Aisle;No;892;Aisle
218623;Front of Store;No;872;Front of Store
218624;End-cap;Yes;1352;End-cap
218625;Front of Store;No;853;Front of Store
218626;End-cap;No;953;End-cap
218627;Aisle;Yes;1340;Aisle
218628;End-cap;No;944;End-cap
218629;Aisle;No;1114;Aisle
218630;End-cap;No;834;End-cap
218631;Front of Store;No;868;Front of Store
218632;Aisle;No;684;Aisle
218633;Aisle;Yes;1666;Aisle
218634;Aisle;No;821;Aisle
218635;Front of Store;Yes;1408;Front of Store
218636;Front of Store;No;923;Front of Store
218637;End-cap;No;790;End-cap
218638;End-cap;No;857;End-cap
218639;Aisle;Yes;1290;Aisle
218640;Front of Store;No;716;Front of Store
218641;Front of Store;No;877;Front of Store
218642;End-cap;No;954;End-cap
218643;Aisle;No;749;Aisle
218644;Front of Store;Yes;1490;Front of Store
218645;End-cap;Yes;1447;End-cap
218646;Front of Store;Yes;930;Front of Store
218647;Aisle;No;984;Aisle
218648;End-cap;No;1029;End-cap
218649;Aisle;No;776;Aisle
218650;Aisle;Yes;1491;Aisle
218651;Aisle;Yes;1652;Aisle
218652;End-cap;No;736;End-cap
218653;Aisle;No;773;Aisle
218654;Aisle;Yes;1536;Aisle
218655;Aisle;No;749;Aisle
218656;End-cap;Yes;1824;End-cap
218657;Aisle;No;681;Aisle
218658;Aisle;No;1004;Aisle
218659;Aisle;Yes;1347;Aisle
218660;Front of Store;Yes;1520;Front of Store
218661;End-cap;Yes;1138;End-cap
218662;End-cap;Yes;1174;End-cap
218663;Aisle;Yes;1645;Aisle
218664;End-cap;Yes;1445;End-cap
218665;Aisle;Yes;1323;Aisle
218666;End-cap;No;819;End-cap
218667;Aisle;No;751;Aisle
218668;Aisle;Yes;1422;Aisle
218669;End-cap;Yes;1026;End-cap
218670;Aisle;No;825;Aisle
218671;Front of Store;No;729;Front of Store
218672;Aisle;Yes;1864;Aisle
218673;End-cap;Yes;1365;End-cap
218674;Aisle;No;924;Aisle
218675;Aisle;Yes;1450;Aisle
218676;Front of Store;No;996;Front of Store
218677;Aisle;No;947;Aisle
218678;Front of Store;No;826;Front of Store
218679;Aisle;Yes;1496;Aisle
218680;Aisle;Yes;1108;Aisle
218681;Aisle;No;1014;Aisle
218682;Front of Store;Yes;1494;Front of Store
218683;Front of Store;Yes;1550;Front of Store
218684;End-cap;Yes;1509;End-cap
218685;Front of Store;No;1052;Front of Store
218686;Aisle;No;869;Aisle
218687;Aisle;Yes;1515;Aisle
218688;Aisle;No;881;Aisle
218689;Front of Store;Yes;1073;Front of Store
218690;Front of Store;Yes;1465;Front of Store
218691;End-cap;No;729;End-cap
218692;Aisle;No;985;Aisle
218693;End-cap;No;952;End-cap
218694;End-cap;No;1038;End-cap
218695;End-cap;No;744;End-cap
218696;Front of Store;Yes;1479;Front of Store
218697;End-cap;No;1058;End-cap
218698;Aisle;Yes;1424;Aisle
218699;End-cap;Yes;1495;End-cap
218700;End-cap;No;996;End-cap
218701;Aisle;No;789;Aisle
218702;End-cap;Yes;1734;End-cap
218703;Front of Store;Yes;1265;Front of Store
218704;Front of Store;No;853;Front of Store
218705;Front of Store;No;1031;Front of Store
218706;Front of Store;No;800;Front of Store
218707;End-cap;No;864;End-cap
218708;End-cap;No;718;End-cap
218709;End-cap;No;943;End-cap
218710;End-cap;Yes;1134;End-cap
218711;End-cap;No;949;End-cap
218712;End-cap;No;881;End-cap
218713;End-cap;No;996;End-cap
218714;Aisle;No;1045;Aisle
218715;Front of Store;No;934;Front of Store
218716;Aisle;No;889;Aisle
218717;Front of Store;Yes;1508;Front of Store
218718;End-cap;No;900;End-cap
218719;Front of Store;No;720;Front of Store
218720;Aisle;Yes;1539;Aisle
218721;Aisle;Yes;1399;Aisle
218722;End-cap;Yes;1033;End-cap
218723;End-cap;No;894;End-cap
218724;Front of Store;Yes;1379;Front of Store
218725;Aisle;No;749;Aisle
218726;Aisle;No;850;Aisle
218727;Aisle;No;826;Aisle
218728;Aisle;No;789;Aisle
218729;Front of Store;No;874;Front of Store
218730;End-cap;No;949;End-cap
218731;Aisle;Yes;1389;Aisle
218732;Aisle;No;799;Aisle
218733;End-cap;No;868;End-cap
218734;Front of Store;No;795;Front of Store
218735;Aisle;Yes;1599;Aisle
218736;Aisle;Yes;1439;Aisle
218737;End-cap;No;597;End-cap
218738;Aisle;No;789;Aisle
218739;Front of Store;No;759;Front of Store
218740;End-cap;Yes;1376;End-cap
218741;Front of Store;No;907;Front of Store
218742;Aisle;Yes;1147;Aisle
218743;End-cap;No;999;End-cap
218744;Front of Store;Yes;1171;Front of Store
218745;Aisle;No;992;Aisle
218746;End-cap;No;801;End-cap
218747;Aisle;No;963;Aisle
218748;Front of Store;No;856;Front of Store
218749;Aisle;No;1091;Aisle
218750;Aisle;Yes;1310;Aisle
218751;Aisle;No;1023;Aisle
218752;End-cap;No;719;End-cap
218753;Aisle;No;1013;Aisle
218754;Aisle;No;770;Aisle
218755;Front of Store;Yes;1400;Front of Store
218756;End-cap;Yes;1498;End-cap
218757;End-cap;No;641;End-cap
218758;End-cap;Yes;1474;End-cap
218759;Front of Store;Yes;1454;Front of Store
218760;Aisle;Yes;1307;Aisle
218761;Front of Store;No;743;Front of Store
218762;Front of Store;No;971;Front of Store
218763;Aisle;Yes;1281;Aisle
218764;Aisle;No;752;Aisle
218765;Aisle;Yes;1227;Aisle
218766;Aisle;Yes;1550;Aisle
218767;Front of Store;Yes;1432;Front of Store
218768;Aisle;No;810;Aisle
218769;Front of Store;No;967;Front of Store
218770;End-cap;Yes;1479;End-cap
218771;Front of Store;No;961;Front of Store
218772;End-cap;No;925;End-cap
218773;End-cap;Yes;1311;End-cap
218774;End-cap;No;1120;End-cap
218775;Aisle;No;733;Aisle
218776;End-cap;Yes;1676;End-cap
218777;End-cap;No;895;End-cap
218778;Front of Store;Yes;1329;Front of Store
218779;End-cap;Yes;1466;End-cap
218780;Aisle;No;882;Aisle
218781;Aisle;No;898;Aisle
218782;Front of Store;Yes;1522;Front of Store
218783;Aisle;No;919;Aisle
218784;Front of Store;Yes;1312;Front of Store
218785;Front of Store;No;838;Front of Store
218786;End-cap;Yes;1243;End-cap
218787;Front of Store;No;978;Front of Store
218788;Aisle;No;926;Aisle
218789;Front of Store;No;826;Front of Store
218790;Front of Store;No;906;Front of Store
218791;Aisle;Yes;1104;Aisle
218792;Aisle;No;989;Aisle
218793;Aisle;No;870;Aisle
218794;Aisle;No;874;Aisle
218795;Front of Store;No;949;Front of Store
218796;End-cap;Yes;1428;End-cap
218797;Aisle;No;1001;Aisle
218798;Aisle;No;891;Aisle
218799;Front of Store;No;794;Front of Store
218800;Aisle;No;843;Aisle
218801;Front of Store;No;813;Front of Store
218802;Front of Store;No;827;Front of Store
218803;Aisle;No;960;Aisle
218804;Front of Store;Yes;1445;Front of Store
218805;Aisle;No;858;Aisle
218806;End-cap;No;1029;End-cap
218807;End-cap;Yes;1453;End-cap
218808;Front of Store;Yes;1518;Front of Store
218809;Front of Store;Yes;1415;Front of Store
218810;End-cap;No;1063;End-cap
218811;Aisle;Yes;1543;Aisle
218812;Front of Store;Yes;1278;Front of Store
218813;Front of Store;No;1024;Front of Store
218814;Aisle;No;840;Aisle
218815;Front of Store;No;892;Front of Store
218816;Front of Store;No;928;Front of Store
218817;End-cap;No;786;End-cap
218818;Aisle;Yes;1310;Aisle
218819;Front of Store;Yes;1353;Front of Store
218820;Aisle;Yes;1250;Aisle
218821;End-cap;No;1016;End-cap
218822;Aisle;No;1015;Aisle
218823;End-cap;No;831;End-cap
218824;End-cap;No;820;End-cap
218825;End-cap;Yes;1514;End-cap
218826;Aisle;Yes;1611;Aisle
218827;End-cap;Yes;1376;End-cap
218828;End-cap;Yes;1231;End-cap
218829;Aisle;No;766;Aisle
218830;End-cap;No;856;End-cap
218831;Front of Store;Yes;1315;Front of Store
218832;End-cap;Yes;1507;End-cap
218833;Aisle;Yes;1533;Aisle
218834;Front of Store;Yes;1230;Front of Store
218835;Aisle;Yes;1289;Aisle
218836;Front of Store;Yes;1457;Front of Store
218837;End-cap;No;682;End-cap
218838;End-cap;Yes;1314;End-cap
218839;Front of Store;No;906;Front of Store
218840;End-cap;No;838;End-cap
218841;Front of Store;Yes;1625;Front of Store
218842;End-cap;No;662;End-cap
218843;Aisle;Yes;1618;Aisle
218844;End-cap;No;773;End-cap
218845;End-cap;Yes;1508;End-cap
218846;Front of Store;No;844;Front of Store
218847;End-cap;No;811;End-cap
218848;Front of Store;Yes;1383;Front of Store
218849;Aisle;Yes;1489;Aisle
218850;End-cap;No;863;End-cap
218851;Aisle;No;743;Aisle
218852;Aisle;Yes;1328;Aisle
218853;Front of Store;No;1058;Front of Store
218854;Aisle;No;757;Aisle
218855;End-cap;No;801;End-cap
218856;Front of Store;No;834;Front of Store
218857;End-cap;No;867;End-cap
218858;Front of Store;No;751;Front of Store
218859;Aisle;No;882;Aisle
218860;End-cap;Yes;1527;End-cap
218861;Aisle;Yes;1189;Aisle
218862;Aisle;No;820;Aisle
218863;End-cap;Yes;1348;End-cap
218864;Front of Store;No;972;Front of Store
218865;Front of Store;Yes;1488;Front of Store
218866;End-cap;Yes;1353;End-cap
218867;Front of Store;No;891;Front of Store
218868;Front of Store;No;709;Front of Store
218869;Front of Store;No;800;Front of Store
218870;End-cap;Yes;1496;End-cap
218871;End-cap;Yes;1243;End-cap
218872;End-cap;No;903;End-cap
218873;End-cap;No;874;End-cap
218874;End-cap;Yes;1383;End-cap
218875;Front of Store;Yes;1540;Front of Store
218876;Aisle;No;792;Aisle
218877;Aisle;Yes;1446;Aisle
218878;Aisle;Yes;1348;Aisle
218879;Aisle;No;799;Aisle
218880;Front of Store;No;788;Front of Store
218881;End-cap;No;798;End-cap
218882;Front of Store;No;795;Front of Store
218883;End-cap;No;670;End-cap
218884;Front of Store;No;867;Front of Store
218885;Aisle;Yes;1526;Aisle
218886;Aisle;No;1072;Aisle
218887;Aisle;Yes;1331;Aisle
218888;Front of Store;No;763;Front of Store
218889;Front of Store;Yes;1739;Front of Store
218890;End-cap;Yes;1371;End-cap
218891;End-cap;No;885;End-cap
218892;End-cap;No;769;End-cap
218893;Front of Store;No;767;Front of Store
218894;End-cap;Yes;1453;End-cap
218895;End-cap;No;895;End-cap
218896;Aisle;No;843;Aisle
218897;Aisle;No;975;Aisle
218898;Front of Store;Yes;1414;Front of Store
218899;Aisle;Yes;1430;Aisle
218900;Front of Store;No;1135;Front of Store
218901;Aisle;Yes;1325;Aisle
218902;Front of Store;No;826;Front of Store
218903;Aisle;No;876;Aisle
218904;End-cap;Yes;1559;End-cap
218905;Aisle;Yes;1404;Aisle
218906;End-cap;Yes;1414;End-cap
218907;End-cap;No;844;End-cap
218908;Front of Store;Yes;1281;Front of Store
218909;End-cap;No;785;End-cap
218910;Front of Store;Yes;1320;Front of Store
218911;End-cap;No;1021;End-cap
218912;End-cap;No;940;End-cap
218913;Front of Store;Yes;1486;Front of Store
218914;Aisle;Yes;1196;Aisle
218915;End-cap;Yes;1470;End-cap
218916;Aisle;Yes;1624;Aisle
218917;End-cap;Yes;1416;End-cap
218918;Front of Store;Yes;1581;Front of Store
218919;Aisle;No;729;Aisle
218920;End-cap;No;894;End-cap
218921;End-cap;Yes;1311;End-cap
218922;End-cap;No;822;End-cap
218923;End-cap;Yes;1403;End-cap
218924;Aisle;No;779;Aisle
218925;End-cap;No;866;End-cap
218926;End-cap;No;767;End-cap
218927;End-cap;No;642;End-cap
218928;End-cap;Yes;1529;End-cap
218929;End-cap;No;801;End-cap
218930;Front of Store;No;1057;Front of Store
218931;Aisle;Yes;1538;Aisle
218932;End-cap;No;972;End-cap
218933;End-cap;No;810;End-cap
218934;End-cap;Yes;1343;End-cap
218935;End-cap;Yes;1087;End-cap
218936;End-cap;Yes;1497;End-cap
218937;Front of Store;Yes;1399;Front of Store
218938;End-cap;No;1038;End-cap
218939;Aisle;No;725;Aisle
218940;Aisle;Yes;1492;Aisle
218941;End-cap;No;821;End-cap
218942;End-cap;Yes;1302;End-cap
218943;End-cap;No;751;End-cap
218944;Aisle;Yes;1610;Aisle
218945;Front of Store;Yes;1524;Front of Store
218946;Aisle;No;960;Aisle
218947;Aisle;No;898;Aisle
218948;Aisle;No;809;Aisle
218949;Aisle;Yes;1247;Aisle
218950;Aisle;Yes;1621;Aisle
218951;End-cap;No;736;End-cap
218952;Front of Store;No;670;Front of Store
218953;Aisle;Yes;1157;Aisle
218954;Front of Store;Yes;1557;Front of Store
218955;End-cap;No;912;End-cap
218956;End-cap;Yes;1201;End-cap
218957;Aisle;Yes;1360;Aisle
218958;Aisle;Yes;1652;Aisle
218959;Aisle;No;1114;Aisle
218960;Front of Store;Yes;1432;Front of Store
218961;End-cap;Yes;1534;End-cap
218962;Front of Store;No;628;Front of Store
218963;End-cap;No;915;End-cap
218964;Front of Store;Yes;1317;Front of Store
218965;End-cap;No;942;End-cap
218966;Front of Store;Yes;1244;Front of Store
218967;Front of Store;Yes;1306;Front of Store
218968;Aisle;Yes;1679;Aisle
218969;Aisle;No;871;Aisle
218970;End-cap;No;701;End-cap
218971;End-cap;Yes;1490;End-cap
218972;Front of Store;Yes;1448;Front of Store
218973;Front of Store;Yes;1285;Front of Store
218974;End-cap;No;792;End-cap
218975;Aisle;No;942;Aisle
218976;End-cap;No;968;End-cap
218977;Aisle;Yes;1466;Aisle
218978;Aisle;No;946;Aisle
218979;Aisle;No;827;Aisle
218980;Front of Store;No;741;Front of Store
218981;Aisle;Yes;1577;Aisle
218982;End-cap;No;762;End-cap
218983;End-cap;Yes;1450;End-cap
218984;Front of Store;No;860;Front of Store
218985;End-cap;Yes;1469;End-cap
218986;Aisle;No;757;Aisle
218987;Aisle;No;693;Aisle
218988;Aisle;No;838;Aisle
218989;Aisle;No;1027;Aisle
218990;Aisle;No;951;Aisle
218991;Aisle;Yes;1271;Aisle
218992;Aisle;No;710;Aisle
218993;Aisle;No;964;Aisle
218994;Aisle;No;710;Aisle
218995;Aisle;Yes;1309;Aisle
218996;Aisle;Yes;1407;Aisle
218997;Aisle;Yes;999;Aisle
218998;End-cap;No;854;End-cap
218999;Aisle;Yes;1430;Aisle
219000;Front of Store;No;823;Front of Store
219001;End-cap;Yes;1676;End-cap
219002;Aisle;Yes;1164;Aisle
219003;Front of Store;Yes;1515;Front of Store
219004;Aisle;Yes;1349;Aisle
219005;Aisle;No;1006;Aisle
219006;Aisle;No;728;Aisle
219007;Aisle;No;902;Aisle
219008;End-cap;No;829;End-cap
219009;Aisle;No;1095;Aisle
219010;Aisle;No;831;Aisle
219011;Aisle;No;824;Aisle
219012;End-cap;No;824;End-cap
219013;Front of Store;Yes;1374;Front of Store
219014;Aisle;Yes;1322;Aisle
219015;Front of Store;No;804;Front of Store
219016;Aisle;Yes;1555;Aisle
219017;Front of Store;No;1137;Front of Store
219018;Aisle;No;844;Aisle
219019;End-cap;No;825;End-cap
219020;Aisle;No;841;Aisle
219021;Front of Store;No;842;Front of Store
219022;Aisle;No;791;Aisle
219023;End-cap;No;648;End-cap
219024;End-cap;No;747;End-cap
219025;End-cap;Yes;1563;End-cap
219026;Aisle;No;1018;Aisle
219027;End-cap;No;736;End-cap
219028;Front of Store;Yes;1244;Front of Store
219029;Front of Store;Yes;1392;Front of Store
219030;Aisle;No;788;Aisle
219031;End-cap;No;979;End-cap
219032;Front of Store;No;910;Front of Store
219033;End-cap;No;735;End-cap
219034;End-cap;No;939;End-cap
219035;Aisle;No;980;Aisle
219036;Front of Store;Yes;1558;Front of Store
219037;Aisle;Yes;1479;Aisle
219038;Front of Store;No;919;Front of Store
219039;Front of Store;No;758;Front of Store
219040;End-cap;Yes;1429;End-cap
219041;Front of Store;No;959;Front of Store
219042;Aisle;No;822;Aisle
219043;Front of Store;No;824;Front of Store
219044;Aisle;No;797;Aisle
219045;End-cap;No;920;End-cap
219046;Aisle;Yes;1504;Aisle
219047;End-cap;No;829;End-cap
219048;Front of Store;No;882;Front of Store
219049;Aisle;No;948;Aisle
219050;End-cap;No;586;End-cap
219051;End-cap;Yes;1602;End-cap
219052;Front of Store;Yes;1539;Front of Store
219053;Aisle;No;893;Aisle
219054;Front of Store;Yes;1737;Front of Store
219055;Aisle;No;867;Aisle
219056;Aisle;No;810;Aisle
219057;Aisle;No;765;Aisle
219058;End-cap;Yes;1355;End-cap
219059;End-cap;No;1041;End-cap
219060;End-cap;No;752;End-cap
219061;End-cap;No;835;End-cap
219062;Front of Store;No;971;Front of Store
219063;Front of Store;Yes;1257;Front of Store
219064;End-cap;Yes;1521;End-cap
219065;Front of Store;No;643;Front of Store
219066;Aisle;No;1005;Aisle
219067;Aisle;No;792;Aisle
219068;Aisle;Yes;1308;Aisle
219069;Aisle;Yes;1669;Aisle
219070;End-cap;No;868;End-cap
219071;Aisle;Yes;1769;Aisle
219072;End-cap;Yes;1737;End-cap
219073;Aisle;No;686;Aisle
219074;End-cap;No;847;End-cap
219075;Front of Store;No;903;Front of Store
219076;End-cap;No;799;End-cap
219077;Front of Store;Yes;1365;Front of Store
219078;Front of Store;No;1003;Front of Store
219079;End-cap;No;987;End-cap
219080;Aisle;No;847;Aisle
219081;Aisle;Yes;1315;Aisle
219082;Front of Store;No;852;Front of Store
219083;Aisle;No;1069;Aisle
219084;Front of Store;Yes;1237;Front of Store
219085;Front of Store;No;850;Front of Store
219086;Front of Store;Yes;1328;Front of Store
219087;Front of Store;Yes;1547;Front of Store
219088;Front of Store;No;806;Front of Store
219089;Aisle;No;849;Aisle
219090;Aisle;No;885;Aisle
219091;Front of Store;Yes;1285;Front of Store
219092;End-cap;No;865;End-cap
219093;Aisle;No;791;Aisle
219094;End-cap;Yes;1406;End-cap
219095;Front of Store;No;979;Front of Store
219096;Front of Store;Yes;1340;Front of Store
219097;End-cap;Yes;1282;End-cap
219098;End-cap;No;664;End-cap
219099;End-cap;Yes;1348;End-cap
219100;End-cap;No;960;End-cap
219101;Aisle;No;806;Aisle
219102;Front of Store;No;675;Front of Store
219103;End-cap;No;1048;End-cap
219104;Front of Store;Yes;1179;Front of Store
219105;Aisle;No;836;Aisle
219106;Front of Store;Yes;1549;Front of Store
219107;Aisle;No;802;Aisle
219108;End-cap;Yes;1391;End-cap
219109;Aisle;Yes;1884;Aisle
219110;Aisle;No;1037;Aisle
219111;Front of Store;Yes;1756;Front of Store
219112;Front of Store;Yes;1415;Front of Store
219113;Aisle;Yes;1384;Aisle
219114;Aisle;No;738;Aisle
219115;Aisle;No;821;Aisle
219116;End-cap;No;859;End-cap
219117;End-cap;No;878;End-cap
219118;Aisle;No;799;Aisle
219119;Aisle;No;799;Aisle
219120;Front of Store;No;939;Front of Store
219121;Front of Store;No;831;Front of Store
219122;End-cap;Yes;1508;End-cap
219123;Front of Store;No;695;Front of Store
219124;Aisle;Yes;1354;Aisle
219125;Aisle;No;850;Aisle
219126;End-cap;Yes;1191;End-cap
219127;End-cap;No;713;End-cap
219128;End-cap;Yes;1486;End-cap
219129;End-cap;No;741;End-cap
219130;Aisle;Yes;1262;Aisle
219131;Aisle;No;1054;Aisle
219132;Front of Store;No;703;Front of Store
219133;Aisle;No;955;Aisle
219134;End-cap;No;953;End-cap
219135;Front of Store;No;982;Front of Store
219136;End-cap;Yes;1498;End-cap
219137;End-cap;Yes;1298;End-cap
219138;End-cap;No;881;End-cap
219139;Front of Store;Yes;1520;Front of Store
219140;Aisle;Yes;1574;Aisle
219141;Aisle;No;771;Aisle
219142;Aisle;Yes;1406;Aisle
219143;Front of Store;Yes;1594;Front of Store
219144;End-cap;No;859;End-cap
219145;Aisle;No;865;Aisle
219146;Front of Store;No;934;Front of Store
219147;Aisle;No;1007;Aisle
219148;End-cap;No;947;End-cap
219149;Aisle;No;821;Aisle
219150;Aisle;No;812;Aisle
219151;End-cap;Yes;1295;End-cap
219152;Front of Store;No;1018;Front of Store
219153;End-cap;No;897;End-cap
219154;End-cap;Yes;1502;End-cap
219155;Aisle;No;939;Aisle
219156;End-cap;No;783;End-cap
219157;End-cap;No;979;End-cap
219158;End-cap;Yes;1717;End-cap
219159;Aisle;No;866;Aisle
219160;Aisle;No;829;Aisle
219161;End-cap;No;947;End-cap
219162;Aisle;Yes;1277;Aisle
219163;End-cap;No;770;End-cap
219164;Front of Store;No;735;Front of Store
219165;Aisle;No;713;Aisle
219166;Aisle;Yes;1119;Aisle
219167;Aisle;No;962;Aisle
219168;Aisle;Yes;1183;Aisle
219169;End-cap;No;835;End-cap
219170;End-cap;No;971;End-cap
219171;End-cap;Yes;1796;End-cap
219172;Front of Store;No;1007;Front of Store
219173;Aisle;Yes;1305;Aisle
219174;Front of Store;Yes;1232;Front of Store
219175;Aisle;No;845;Aisle
219176;Front of Store;Yes;1613;Front of Store
219177;End-cap;No;1208;End-cap
219178;End-cap;Yes;1544;End-cap
219179;Front of Store;Yes;1364;Front of Store
219180;Front of Store;No;867;Front of Store
219181;Aisle;Yes;1189;Aisle
219182;Front of Store;Yes;1470;Front of Store
219183;Aisle;No;966;Aisle
219184;End-cap;No;815;End-cap
219185;End-cap;No;1081;End-cap
219186;Front of Store;No;995;Front of Store
219187;Aisle;No;748;Aisle
219188;Aisle;No;923;Aisle
219189;Front of Store;Yes;1149;Front of Store
219190;Front of Store;Yes;1527;Front of Store
219191;End-cap;Yes;1311;End-cap
219192;Front of Store;No;1007;Front of Store
219193;Front of Store;No;864;Front of Store
219194;End-cap;Yes;1211;End-cap
219195;Front of Store;Yes;1360;Front of Store
219196;End-cap;Yes;1305;End-cap
219197;Front of Store;Yes;1423;Front of Store
219198;End-cap;No;972;End-cap
219199;Aisle;Yes;1239;Aisle
219200;End-cap;No;904;End-cap
219201;End-cap;Yes;1616;End-cap
219202;Aisle;No;798;Aisle
219203;Front of Store;No;901;Front of Store
219204;Front of Store;No;992;Front of Store
219205;Aisle;No;906;Aisle
219206;Aisle;No;957;Aisle
219207;End-cap;Yes;1710;End-cap
219208;Front of Store;Yes;1311;Front of Store
219209;Aisle;No;781;Aisle
219210;End-cap;Yes;1507;End-cap
219211;End-cap;Yes;1490;End-cap
219212;End-cap;No;897;End-cap
219213;Front of Store;Yes;1417;Front of Store
219214;End-cap;No;866;End-cap
219215;Front of Store;Yes;1283;Front of Store
219216;Aisle;Yes;1631;Aisle
219217;Aisle;No;736;Aisle
219218;Front of Store;Yes;1268;Front of Store
219219;End-cap;No;976;End-cap
219220;End-cap;No;1007;End-cap
219221;End-cap;No;833;End-cap
219222;End-cap;Yes;1240;End-cap
219223;Aisle;No;965;Aisle
219224;Aisle;Yes;1428;Aisle
219225;Aisle;Yes;1456;Aisle
219226;End-cap;Yes;1228;End-cap
219227;Aisle;Yes;1609;Aisle
219228;Aisle;Yes;1140;Aisle
219229;Aisle;No;831;Aisle
219230;Aisle;No;934;Aisle
219231;End-cap;Yes;1204;End-cap
219232;End-cap;No;761;End-cap
219233;Front of Store;Yes;1485;Front of Store
219234;End-cap;Yes;1531;End-cap
219235;Front of Store;Yes;1252;Front of Store
219236;Aisle;No;828;Aisle
219237;End-cap;Yes;1498;End-cap
219238;Aisle;No;1003;Aisle
219239;Aisle;No;924;Aisle
219240;End-cap;No;909;End-cap
219241;Aisle;No;1058;Aisle
219242;Aisle;Yes;1486;Aisle
219243;End-cap;Yes;1444;End-cap
219244;Aisle;No;900;Aisle
219245;End-cap;Yes;1392;End-cap
219246;End-cap;No;871;End-cap
219247;Front of Store;No;879;Front of Store
219248;Aisle;No;879;Aisle
219249;Aisle;No;1174;Aisle
219250;Aisle;No;1003;Aisle
219251;End-cap;Yes;1501;End-cap
219252;Front of Store;No;783;Front of Store
219253;End-cap;No;897;End-cap
219254;Front of Store;Yes;1119;Front of Store
219255;Aisle;No;702;Aisle
219256;End-cap;Yes;1558;End-cap
219257;Aisle;No;771;Aisle
219258;End-cap;No;649;End-cap
219259;End-cap;No;1094;End-cap
219260;Aisle;No;883;Aisle
219261;Aisle;No;990;Aisle
219262;Front of Store;No;812;Front of Store
219263;Aisle;No;827;Aisle
219264;Front of Store;Yes;1230;Front of Store
219265;End-cap;No;799;End-cap
219266;Aisle;No;848;Aisle
219267;Aisle;No;857;Aisle
219268;Aisle;Yes;1323;Aisle
219269;Aisle;No;772;Aisle
219270;Front of Store;No;792;Front of Store
219271;Front of Store;No;934;Front of Store
219272;Aisle;Yes;1294;Aisle
219273;End-cap;Yes;1219;End-cap
219274;End-cap;Yes;1405;End-cap
219275;Aisle;Yes;1722;Aisle
219276;End-cap;Yes;1193;End-cap
219277;Aisle;Yes;1358;Aisle
219278;Aisle;Yes;1453;Aisle
219279;End-cap;No;830;End-cap
219280;End-cap;No;995;End-cap
219281;End-cap;No;791;End-cap
219282;Aisle;No;715;Aisle
219283;Front of Store;No;890;Front of Store
219284;End-cap;No;849;End-cap
219285;End-cap;No;863;End-cap
219286;End-cap;Yes;1321;End-cap
219287;Aisle;No;883;Aisle
219288;Aisle;Yes;1505;Aisle
219289;Aisle;No;940;Aisle
219290;End-cap;No;973;End-cap
219291;Aisle;Yes;1383;Aisle
219292;Aisle;Yes;1325;Aisle
219293;End-cap;Yes;1366;End-cap
219294;Front of Store;No;895;Front of Store
219295;End-cap;Yes;1136;End-cap
219296;Aisle;Yes;1469;Aisle
219297;Front of Store;Yes;1449;Front of Store
219298;End-cap;Yes;1692;End-cap
219299;Aisle;No;866;Aisle
219300;End-cap;Yes;1318;End-cap
219301;Aisle;Yes;1572;Aisle
219302;End-cap;No;894;End-cap
219303;End-cap;Yes;1092;End-cap
219304;Aisle;Yes;1407;Aisle
219305;Aisle;No;916;Aisle
219306;Aisle;No;959;Aisle
219307;End-cap;Yes;1475;End-cap
219308;Front of Store;No;963;Front of Store
219309;Aisle;Yes;1141;Aisle
219310;Aisle;Yes;1287;Aisle
219311;Aisle;Yes;1387;Aisle
219312;End-cap;Yes;1603;End-cap
219313;End-cap;No;758;End-cap
219314;End-cap;Yes;1416;End-cap
219315;Front of Store;Yes;1498;Front of Store
219316;Aisle;No;914;Aisle
219317;Aisle;No;906;Aisle
219318;Aisle;Yes;1647;Aisle
219319;End-cap;Yes;1412;End-cap
219320;Front of Store;No;965;Front of Store
219321;Front of Store;Yes;1517;Front of Store
219322;Front of Store;No;729;Front of Store
219323;Front of Store;Yes;1659;Front of Store
219324;End-cap;Yes;1530;End-cap
219325;End-cap;Yes;1390;End-cap
219326;Aisle;No;723;Aisle
219327;Aisle;Yes;1450;Aisle
219328;Front of Store;No;917;Front of Store
219329;Aisle;No;1015;Aisle
219330;End-cap;Yes;1379;End-cap
219331;End-cap;Yes;1513;End-cap
219332;Aisle;No;863;Aisle
219333;End-cap;Yes;1634;End-cap
219334;Front of Store;No;879;Front of Store
219335;Aisle;Yes;1181;Aisle
219336;End-cap;No;860;End-cap
219337;End-cap;No;1001;End-cap
219338;Aisle;No;909;Aisle
219339;Aisle;No;954;Aisle
219340;Aisle;No;850;Aisle
219341;End-cap;Yes;1533;End-cap
219342;Aisle;Yes;1460;Aisle
219343;End-cap;Yes;1441;End-cap
219344;End-cap;No;703;End-cap
219345;Aisle;No;910;Aisle
219346;Front of Store;Yes;1159;Front of Store
219347;End-cap;Yes;1511;End-cap
219348;End-cap;Yes;1720;End-cap
219349;Aisle;No;876;Aisle
219350;End-cap;No;758;End-cap
219351;Aisle;Yes;1839;Aisle
219352;End-cap;No;951;End-cap
219353;Aisle;Yes;1301;Aisle
219354;Aisle;No;807;Aisle
219355;Front of Store;No;922;Front of Store
219356;End-cap;No;734;End-cap
219357;Front of Store;Yes;1461;Front of Store
219358;Aisle;No;781;Aisle
219359;End-cap;No;881;End-cap
219360;End-cap;No;779;End-cap
219361;End-cap;No;813;End-cap
219362;Aisle;Yes;1293;Aisle
219363;Front of Store;No;882;Front of Store
219364;End-cap;No;1102;End-cap
219365;End-cap;No;800;End-cap
219366;Front of Store;Yes;1273;Front of Store
219367;Front of Store;No;948;Front of Store
219368;Front of Store;No;800;Front of Store
219369;Front of Store;No;729;Front of Store
219370;End-cap;Yes;1207;End-cap
219371;Aisle;No;831;Aisle
219372;Aisle;No;801;Aisle
219373;Aisle;Yes;1845;Aisle
219374;Aisle;No;923;Aisle
219375;Aisle;Yes;1680;Aisle
219376;End-cap;No;785;End-cap
219377;Aisle;No;940;Aisle
219378;End-cap;No;799;End-cap
219379;Aisle;No;753;Aisle
219380;Aisle;No;716;Aisle
219381;Aisle;Yes;1482;Aisle
219382;End-cap;Yes;1264;End-cap
219383;Front of Store;Yes;1604;Front of Store
219384;Aisle;Yes;1267;Aisle
219385;End-cap;Yes;1524;End-cap
219386;End-cap;No;825;End-cap
219387;End-cap;No;1087;End-cap
219388;Front of Store;Yes;1405;Front of Store
219389;Front of Store;No;860;Front of Store
219390;End-cap;No;768;End-cap
219391;Aisle;No;898;Aisle
219392;End-cap;No;1047;End-cap
219393;End-cap;No;796;End-cap
219394;Front of Store;Yes;1364;Front of Store
219395;Aisle;Yes;1623;Aisle
219396;End-cap;No;938;End-cap
219397;Aisle;No;893;Aisle
219398;Front of Store;No;804;Front of Store
219399;Aisle;No;979;Aisle
219400;End-cap;No;1002;End-cap
219401;Aisle;No;793;Aisle
219402;End-cap;No;861;End-cap
219403;End-cap;Yes;1452;End-cap
219404;Aisle;Yes;1472;Aisle
219405;Aisle;No;822;Aisle
219406;End-cap;Yes;1234;End-cap
219407;Aisle;Yes;1120;Aisle
219408;Front of Store;No;880;Front of Store
219409;Aisle;No;825;Aisle
219410;Aisle;No;792;Aisle
219411;Aisle;No;897;Aisle
219412;Aisle;Yes;1523;Aisle
219413;Aisle;No;696;Aisle
219414;Front of Store;Yes;1393;Front of Store
219415;End-cap;Yes;1378;End-cap
219416;End-cap;Yes;1402;End-cap
219417;Front of Store;Yes;1394;Front of Store
219418;Front of Store;Yes;1369;Front of Store
219419;End-cap;No;849;End-cap
219420;Front of Store;Yes;1443;Front of Store
219421;Aisle;No;864;Aisle
219422;Front of Store;No;1016;Front of Store
219423;Aisle;No;894;Aisle
219424;Front of Store;Yes;1539;Front of Store
219425;Front of Store;Yes;1607;Front of Store
219426;Front of Store;No;785;Front of Store
219427;End-cap;Yes;1673;End-cap
219428;End-cap;No;911;End-cap
219429;Aisle;No;854;Aisle
219430;Aisle;Yes;1473;Aisle
219431;Aisle;No;744;Aisle
219432;Aisle;No;875;Aisle
219433;Aisle;No;1105;Aisle
219434;End-cap;Yes;1339;End-cap
219435;Aisle;Yes;1457;Aisle
219436;Aisle;No;858;Aisle
219437;End-cap;Yes;1546;End-cap
219438;End-cap;Yes;1203;End-cap
219439;End-cap;Yes;1502;End-cap
219440;Aisle;Yes;1359;Aisle
219441;Aisle;No;808;Aisle
219442;Aisle;Yes;1248;Aisle
219443;Aisle;No;906;Aisle
219444;Front of Store;Yes;1793;Front of Store
219445;End-cap;No;976;End-cap
219446;End-cap;Yes;1412;End-cap
219447;End-cap;No;1079;End-cap
219448;Aisle;Yes;1430;Aisle
219449;Aisle;Yes;1503;Aisle
219450;End-cap;No;851;End-cap
219451;End-cap;No;820;End-cap
219452;End-cap;Yes;1549;End-cap
219453;End-cap;Yes;1397;End-cap
219454;End-cap;No;1014;End-cap
219455;Aisle;No;913;Aisle
219456;Front of Store;Yes;1172;Front of Store
219457;Front of Store;No;816;Front of Store
219458;Front of Store;No;640;Front of Store
219459;End-cap;Yes;1227;End-cap
219460;Front of Store;Yes;1462;Front of Store
219461;Aisle;Yes;1342;Aisle
219462;End-cap;Yes;1559;End-cap
219463;End-cap;No;847;End-cap
219464;End-cap;Yes;1323;End-cap
219465;Front of Store;No;1051;Front of Store
219466;End-cap;No;1022;End-cap
219467;Front of Store;No;989;Front of Store
219468;End-cap;No;824;End-cap
219469;Aisle;Yes;1428;Aisle
219470;Aisle;Yes;1472;Aisle
219471;Aisle;Yes;1409;Aisle
219472;End-cap;Yes;1395;End-cap
219473;Front of Store;No;599;Front of Store
219474;End-cap;No;938;End-cap
219475;Aisle;No;895;Aisle
219476;End-cap;Yes;1158;End-cap
219477;Aisle;No;677;Aisle
219478;End-cap;No;915;End-cap
219479;End-cap;Yes;1340;End-cap
219480;Front of Store;No;945;Front of Store
219481;Aisle;No;788;Aisle
219482;End-cap;Yes;1424;End-cap
219483;End-cap;Yes;1317;End-cap
219484;Aisle;No;863;Aisle
219485;Front of Store;Yes;1325;Front of Store
219486;Front of Store;No;800;Front of Store
219487;Front of Store;Yes;1265;Front of Store
219488;Aisle;No;896;Aisle
219489;End-cap;No;770;End-cap
219490;Aisle;No;689;Aisle
219491;Aisle;Yes;1484;Aisle
219492;End-cap;No;866;End-cap
219493;End-cap;No;812;End-cap
219494;Aisle;No;908;Aisle
219495;Aisle;No;858;Aisle
219496;End-cap;Yes;1349;End-cap
219497;Front of Store;Yes;1395;Front of Store
219498;End-cap;No;789;End-cap
219499;Front of Store;No;865;Front of Store
219500;Front of Store;Yes;1762;Front of Store
219501;Front of Store;No;863;Front of Store
219502;Aisle;No;743;Aisle
219503;End-cap;Yes;1447;End-cap
219504;Aisle;No;929;Aisle
219505;End-cap;No;943;End-cap
219506;Front of Store;No;1033;Front of Store
219507;Aisle;No;948;Aisle
219508;End-cap;Yes;1434;End-cap
219509;Aisle;Yes;1440;Aisle
219510;Front of Store;No;840;Front of Store
219511;End-cap;No;809;End-cap
219512;End-cap;No;787;End-cap
219513;End-cap;No;835;End-cap
219514;Aisle;No;778;Aisle
219515;Front of Store;No;965;Front of Store
219516;End-cap;No;888;End-cap
219517;Aisle;No;923;Aisle
219518;Front of Store;No;813;Front of Store
219519;End-cap;Yes;1093;End-cap
219520;Aisle;Yes;1584;Aisle
219521;Front of Store;No;743;Front of Store
219522;Aisle;No;838;Aisle
219523;End-cap;No;994;End-cap
219524;Front of Store;No;796;Front of Store
219525;Aisle;No;904;Aisle
219526;Front of Store;No;968;Front of Store
219527;Front of Store;No;918;Front of Store
219528;Front of Store;No;1064;Front of Store
219529;Front of Store;Yes;1390;Front of Store
219530;End-cap;No;1132;End-cap
219531;Aisle;No;932;Aisle
219532;Aisle;No;993;Aisle
219533;Aisle;Yes;1501;Aisle
219534;Aisle;Yes;1339;Aisle
219535;End-cap;No;1013;End-cap
219536;Aisle;No;956;Aisle
219537;Front of Store;No;997;Front of Store
219538;Front of Store;Yes;1170;Front of Store
219539;Front of Store;No;752;Front of Store
219540;Aisle;No;919;Aisle
219541;Front of Store;Yes;1280;Front of Store
219542;End-cap;No;910;End-cap
219543;End-cap;Yes;1621;End-cap
219544;Front of Store;No;895;Front of Store
219545;Front of Store;Yes;1164;Front of Store
219546;End-cap;No;845;End-cap
219547;Aisle;No;696;Aisle
219548;Aisle;No;868;Aisle
219549;End-cap;No;983;End-cap
219550;End-cap;Yes;1523;End-cap
219551;Aisle;Yes;1311;Aisle
219552;Aisle;Yes;1381;Aisle
219553;End-cap;No;900;End-cap
219554;End-cap;No;974;End-cap
219555;Aisle;No;918;Aisle
219556;Front of Store;Yes;1332;Front of Store
219557;Front of Store;No;962;Front of Store
219558;Front of Store;No;946;Front of Store
219559;End-cap;Yes;1204;End-cap
219560;End-cap;No;715;End-cap
219561;Aisle;No;927;Aisle
219562;Aisle;No;910;Aisle
219563;End-cap;No;1036;End-cap
219564;Front of Store;No;942;Front of Store
219565;End-cap;Yes;1288;End-cap
219566;Aisle;No;847;Aisle
219567;Front of Store;No;833;Front of Store
219568;Aisle;No;948;Aisle
219569;End-cap;Yes;1296;End-cap
219570;End-cap;Yes;1151;End-cap
219571;End-cap;No;940;End-cap
219572;End-cap;No;793;End-cap
219573;End-cap;Yes;1163;End-cap
219574;Front of Store;No;920;Front of Store
219575;Front of Store;No;789;Front of Store
219576;Front of Store;Yes;1243;Front of Store
219577;Front of Store;Yes;1545;Front of Store
219578;Front of Store;No;776;Front of Store
219579;End-cap;No;903;End-cap
219580;End-cap;No;856;End-cap
219581;End-cap;Yes;1553;End-cap
219582;Front of Store;No;809;Front of Store
219583;Front of Store;No;784;Front of Store
219584;End-cap;No;1068;End-cap
219585;Front of Store;No;865;Front of Store
219586;Aisle;No;781;Aisle
219587;Aisle;No;860;Aisle
219588;End-cap;No;947;End-cap
219589;End-cap;No;922;End-cap
219590;End-cap;Yes;1548;End-cap
219591;Aisle;No;1017;Aisle
219592;Aisle;Yes;1718;Aisle
219593;Aisle;No;769;Aisle
219594;End-cap;No;897;End-cap
219595;End-cap;No;641;End-cap
219596;End-cap;No;793;End-cap
219597;Front of Store;No;992;Front of Store
219598;Aisle;Yes;1342;Aisle
219599;Aisle;Yes;1519;Aisle
219600;Aisle;No;749;Aisle
219601;Aisle;No;849;Aisle
219602;Front of Store;Yes;1561;Front of Store
219603;Aisle;Yes;1474;Aisle
219604;Front of Store;No;825;Front of Store
219605;End-cap;No;935;End-cap
219606;Aisle;Yes;1608;Aisle
219607;End-cap;Yes;1211;End-cap
219608;Aisle;Yes;1475;Aisle
219609;Aisle;No;764;Aisle
219610;End-cap;Yes;1319;End-cap
219611;Front of Store;No;867;Front of Store
219612;Front of Store;Yes;1802;Front of Store
219613;Aisle;No;739;Aisle
219614;Front of Store;No;712;Front of Store
219615;Front of Store;Yes;1576;Front of Store
219616;Aisle;No;935;Aisle
219617;End-cap;No;709;End-cap
219618;Front of Store;Yes;1566;Front of Store
219619;Front of Store;No;875;Front of Store
219620;End-cap;Yes;1590;End-cap
219621;Aisle;No;735;Aisle
219622;Aisle;No;854;Aisle
219623;End-cap;Yes;1276;End-cap
219624;Front of Store;No;972;Front of Store
219625;Front of Store;No;926;Front of Store
219626;End-cap;No;1012;End-cap
219627;Front of Store;Yes;1754;Front of Store
219628;Aisle;No;872;Aisle
219629;Aisle;Yes;1360;Aisle
219630;Aisle;No;892;Aisle
219631;Aisle;No;859;Aisle
